time,free,used
2022-06-03 21:55:55,64418.8,15627.1
2022-06-03 21:55:56,64418.1,15627.8
2022-06-03 21:55:57,64418.6,15627.2
2022-06-03 21:55:58,64423.5,15622.5
2022-06-03 21:55:59,64430.4,15615.5
2022-06-03 21:56:00,64434.8,15611.1
2022-06-03 21:56:01,64407.3,15638.6
2022-06-03 21:56:02,64325.6,15720.2
2022-06-03 21:56:03,64278.2,15767.7
2022-06-03 21:56:04,64189.8,15856
2022-06-03 21:56:05,64098.9,15947
2022-06-03 21:56:06,64046.4,15999.5
2022-06-03 21:56:07,63957.7,16088.2
2022-06-03 21:56:08,63855.7,16190.3
2022-06-03 21:56:09,63854.4,16191.5
2022-06-03 21:56:10,63854.2,16191.7
2022-06-03 21:56:11,63580.9,16465
2022-06-03 21:56:12,62813.8,17232
2022-06-03 21:56:13,61993.9,18052
2022-06-03 21:56:14,61071.3,18974.6
2022-06-03 21:56:15,60374,19671.9
2022-06-03 21:56:16,59540.3,20505.7
2022-06-03 21:56:17,59126.7,20919.2
2022-06-03 21:56:18,58086.6,21959.4
2022-06-03 21:56:19,57432.8,22613.1
2022-06-03 21:56:20,56274.1,23771.9
2022-06-03 21:56:21,54989.8,25056.1
2022-06-03 21:56:22,53761.4,26284.5
2022-06-03 21:56:23,54169.8,25876.2
2022-06-03 21:56:24,53335.3,26710.6
2022-06-03 21:56:25,53248.1,26797.8
2022-06-03 21:56:26,55301.5,24744.4
2022-06-03 21:56:27,62112.6,17933.3
2022-06-03 21:56:28,61969.3,18076.6
2022-06-03 21:56:29,61248.2,18797.7
2022-06-03 21:56:30,59885.4,20160.6
2022-06-03 21:56:31,58827.8,21218.2
2022-06-03 21:56:32,57838.1,22207.9
2022-06-03 21:56:33,56750,23295.9
2022-06-03 21:56:34,58289.7,21756.3
2022-06-03 21:56:35,58017,22028.8
2022-06-03 21:56:36,56867.6,23178.3
2022-06-03 21:56:37,56211.1,23834.8
2022-06-03 21:56:38,54452.4,25593.5
2022-06-03 21:56:39,54584.3,25461.6
2022-06-03 21:56:40,54140.3,25905.7
2022-06-03 21:56:41,55700.1,24345.8
2022-06-03 21:56:42,55258,24788
2022-06-03 21:56:43,59171.8,20874.1
2022-06-03 21:56:44,59736.8,20309.1
2022-06-03 21:56:45,58664.3,21381.6
2022-06-03 21:56:46,59384.8,20661.2
2022-06-03 21:56:47,59207.3,20838.7
2022-06-03 21:56:48,58566.2,21479.8
2022-06-03 21:56:49,57775,22271
2022-06-03 21:56:50,57732.3,22313.7
2022-06-03 21:56:51,57236.5,22809.5
2022-06-03 21:56:52,56580.7,23465.2
2022-06-03 21:56:53,54884.1,25161.8
2022-06-03 21:56:54,54257.9,25787.9
2022-06-03 21:56:55,54435.9,25610.1
2022-06-03 21:56:56,55509.8,24536.2
2022-06-03 21:56:57,56213.3,23832.7
2022-06-03 21:56:58,59965,20081.1
2022-06-03 21:56:59,60629,19416.9
2022-06-03 21:57:00,59674.8,20371.1
2022-06-03 21:57:01,59350.6,20695.2
2022-06-03 21:57:02,58636.5,21409.6
2022-06-03 21:57:03,57682.3,22363.7
2022-06-03 21:57:04,57222.2,22823.8
2022-06-03 21:57:05,56526.1,23519.9
2022-06-03 21:57:06,55554,24491.9
2022-06-03 21:57:07,54407,25639
2022-06-03 21:57:08,54488.3,25557.5
2022-06-03 21:57:09,56017,24028.9
2022-06-03 21:57:10,56908.1,23137.8
2022-06-03 21:57:11,57470.8,22575
2022-06-03 21:57:12,59062.3,20983.6
2022-06-03 21:57:13,59796.8,20249.1
2022-06-03 21:57:14,59702.8,20343.2
2022-06-03 21:57:15,58844,21202
2022-06-03 21:57:16,57765.2,22280.7
2022-06-03 21:57:17,57441.5,22604.4
2022-06-03 21:57:18,57317.3,22728.6
2022-06-03 21:57:19,56758.4,23287.6
2022-06-03 21:57:20,56559.4,23486.5
2022-06-03 21:57:21,57290.1,22755.7
2022-06-03 21:57:22,55963.7,24082.3
2022-06-03 21:57:23,55719.9,24326.1
2022-06-03 21:57:24,56737.3,23308.7
2022-06-03 21:57:25,57092.9,22953
2022-06-03 21:57:26,57674.6,22371.3
2022-06-03 21:57:27,58624.1,21421.8
2022-06-03 21:57:28,59014.6,21031.3
2022-06-03 21:57:29,58195.3,21850.7
2022-06-03 21:57:30,57616.1,22430
2022-06-03 21:57:31,57514.4,22531.7
2022-06-03 21:57:32,58325.2,21720.7
2022-06-03 21:57:33,58225.8,21820
2022-06-03 21:57:34,57729,22316.9
2022-06-03 21:57:35,57011.3,23034.5
2022-06-03 21:57:36,55495.1,24550.8
2022-06-03 21:57:37,54557.5,25488.4
2022-06-03 21:57:38,55924.4,24121.5
2022-06-03 21:57:39,56505.6,23540.3
2022-06-03 21:57:40,56971.3,23074.6
2022-06-03 21:57:41,57742,22303.9
2022-06-03 21:57:42,58751.4,21294.5
2022-06-03 21:57:43,59392.7,20653.2
2022-06-03 21:57:44,59550.4,20495.5
2022-06-03 21:57:45,59426.7,20619.2
2022-06-03 21:57:46,58688.4,21357.5
2022-06-03 21:57:47,58247.4,21798.6
2022-06-03 21:57:48,57027.9,23017.9
2022-06-03 21:57:49,56168.5,23877.4
2022-06-03 21:57:50,55158.2,24887.6
2022-06-03 21:57:51,55108.9,24937
2022-06-03 21:57:52,55281.5,24764.4
2022-06-03 21:57:53,56293,23752.9
2022-06-03 21:57:54,56579.5,23466.4
2022-06-03 21:57:55,57184.4,22861.7
2022-06-03 21:57:56,58959.5,21086.4
2022-06-03 21:57:57,59032.4,21013.6
2022-06-03 21:57:58,60226.7,19819.1
2022-06-03 21:57:59,59219.4,20826.5
2022-06-03 21:58:00,58413,21633
2022-06-03 21:58:01,57855.7,22190.2
2022-06-03 21:58:02,56495.4,23550.5
2022-06-03 21:58:03,55716.4,24329.6
2022-06-03 21:58:04,55253,24792.9
2022-06-03 21:58:05,55267.1,24778.8
2022-06-03 21:58:06,56572.2,23473.8
2022-06-03 21:58:07,56881.2,23164.7
2022-06-03 21:58:08,57676.2,22369.7
2022-06-03 21:58:09,57561,22484.9
2022-06-03 21:58:10,58050,21995.9
2022-06-03 21:58:11,59154.1,20891.9
2022-06-03 21:58:12,59427.7,20618.2
2022-06-03 21:58:13,59113.6,20932.5
2022-06-03 21:58:14,58271.5,21774.5
2022-06-03 21:58:15,57383.9,22661.9
2022-06-03 21:58:16,56737,23308.9
2022-06-03 21:58:17,55628.2,24417.7
2022-06-03 21:58:18,56589.6,23456.3
2022-06-03 21:58:19,56684,23361.9
2022-06-03 21:58:20,56049.7,23996.2
2022-06-03 21:58:21,56646.6,23399.2
2022-06-03 21:58:22,58063,21982.9
2022-06-03 21:58:23,57558,22488
2022-06-03 21:58:24,58377.9,21668
2022-06-03 21:58:25,57897.9,22148
2022-06-03 21:58:26,58402.4,21643.5
2022-06-03 21:58:27,58261.2,21784.8
2022-06-03 21:58:28,57456.6,22589.3
2022-06-03 21:58:29,57635.2,22410.7
2022-06-03 21:58:30,57557.1,22488.8
2022-06-03 21:58:31,57120.5,22925.3
2022-06-03 21:58:32,56993,23052.8
2022-06-03 21:58:33,56545.7,23500.1
2022-06-03 21:58:34,56082.2,23963.8
2022-06-03 21:58:35,56284.3,23761.7
2022-06-03 21:58:36,57241.5,22804.5
2022-06-03 21:58:37,57145.9,22899.9
2022-06-03 21:58:38,57284.1,22761.9
2022-06-03 21:58:39,57242.6,22803.4
2022-06-03 21:58:40,58009.4,22036.6
2022-06-03 21:58:41,58729.2,21316.8
2022-06-03 21:58:42,58955,21090.9
2022-06-03 21:58:43,58662.9,21383
2022-06-03 21:58:44,58432.3,21613.7
2022-06-03 21:58:45,57553.5,22492.5
2022-06-03 21:58:46,56780.8,23265.1
2022-06-03 21:58:47,56385.6,23660.4
2022-06-03 21:58:48,56273.8,23772.2
2022-06-03 21:58:49,55825.2,24220.8
2022-06-03 21:58:50,56017.1,24028.8
2022-06-03 21:58:51,57003.6,23042.3
2022-06-03 21:58:52,58428.9,21617
2022-06-03 21:58:53,58166.2,21879.7
2022-06-03 21:58:54,58283.7,21762.2
2022-06-03 21:58:55,58210.4,21835.5
2022-06-03 21:58:56,58420.2,21625.7
2022-06-03 21:58:57,58515.5,21530.4
2022-06-03 21:58:58,58173.2,21872.8
2022-06-03 21:58:59,57264.2,22781.7
2022-06-03 21:59:00,57125.7,22920.3
2022-06-03 21:59:01,56940.6,23105.3
2022-06-03 21:59:02,56278.2,23767.7
2022-06-03 21:59:03,56471.7,23574.2
2022-06-03 21:59:04,56565.1,23480.7
2022-06-03 21:59:05,57330.3,22715.7
2022-06-03 21:59:06,58371.9,21674.1
2022-06-03 21:59:07,58577.7,21468.2
2022-06-03 21:59:08,57989.4,22056.5
2022-06-03 21:59:09,57213.9,22832
2022-06-03 21:59:10,58037.4,22008.5
2022-06-03 21:59:11,57695.2,22350.8
2022-06-03 21:59:12,57807.2,22238.6
2022-06-03 21:59:13,56954,23092
2022-06-03 21:59:14,56821.9,23224.1
2022-06-03 21:59:15,57380.4,22665.6
2022-06-03 21:59:16,57089.4,22956.5
2022-06-03 21:59:17,56985.8,23060.1
2022-06-03 21:59:18,57155.2,22890.8
2022-06-03 21:59:19,56976.5,23069.5
2022-06-03 21:59:20,57847,22199
2022-06-03 21:59:21,57375.6,22670.3
2022-06-03 21:59:22,57171.1,22874.7
2022-06-03 21:59:23,57525.2,22520.7
2022-06-03 21:59:24,57539.5,22506.3
2022-06-03 21:59:25,57563.5,22482.3
2022-06-03 21:59:26,57674.1,22371.8
2022-06-03 21:59:27,57628.9,22417.1
2022-06-03 21:59:28,56900.6,23145.4
2022-06-03 21:59:29,57292.5,22753.4
2022-06-03 21:59:30,57290.3,22755.5
2022-06-03 21:59:31,57837.2,22208.8
2022-06-03 21:59:32,57229.8,22816.1
2022-06-03 21:59:33,57968.5,22077.4
2022-06-03 21:59:34,57094.6,22951.4
2022-06-03 21:59:35,57245.1,22800.8
2022-06-03 21:59:36,56978.9,23067.1
2022-06-03 21:59:37,57197.9,22848
2022-06-03 21:59:38,58105.1,21940.7
2022-06-03 21:59:39,58745.5,21300.5
2022-06-03 21:59:40,58176.5,21869.4
2022-06-03 21:59:41,57747,22298.9
2022-06-03 21:59:42,56675.6,23370.3
2022-06-03 21:59:43,56619.9,23425.9
2022-06-03 21:59:44,56387.5,23658.3
2022-06-03 21:59:45,57243.5,22802.4
2022-06-03 21:59:46,57444.5,22601.4
2022-06-03 21:59:47,58093.2,21952.6
2022-06-03 21:59:48,57356.2,22689.6
2022-06-03 21:59:49,56867.6,23178.3
2022-06-03 21:59:50,57866.6,22179.3
2022-06-03 21:59:51,57799.5,22246.5
2022-06-03 21:59:52,57958.6,22087.4
2022-06-03 21:59:53,58399.5,21646.3
2022-06-03 21:59:54,57630.4,22415.6
2022-06-03 21:59:55,57024,23022
2022-06-03 21:59:56,56623.8,23422.1
2022-06-03 21:59:57,55987.9,24058.1
2022-06-03 21:59:58,55786.8,24259.2
2022-06-03 21:59:59,55868.8,24177.2
2022-06-03 22:00:00,56844.4,23201.5
2022-06-03 22:00:01,58369,21677
2022-06-03 22:00:02,59304.9,20741
2022-06-03 22:00:03,58401.5,21644.5
2022-06-03 22:00:04,58170.6,21875.3
2022-06-03 22:00:05,58163.4,21882.4
2022-06-03 22:00:06,58053.5,21992.6
2022-06-03 22:00:07,58030.3,22015.6
2022-06-03 22:00:08,57501.8,22544.2
2022-06-03 22:00:09,56772.5,23273.4
2022-06-03 22:00:10,56469.4,23576.5
2022-06-03 22:00:11,56194.7,23851.1
2022-06-03 22:00:12,56489.1,23556.9
2022-06-03 22:00:13,56265.3,23780.7
2022-06-03 22:00:14,56973.9,23072.1
2022-06-03 22:00:15,58769.2,21276.8
2022-06-03 22:00:16,59487.9,20558
2022-06-03 22:00:17,58575.5,21470.4
2022-06-03 22:00:18,57676,22369.9
2022-06-03 22:00:19,57994.5,22051.4
2022-06-03 22:00:20,57051.5,22994.3
2022-06-03 22:00:21,57061.9,22984
2022-06-03 22:00:22,57483.1,22562.8
2022-06-03 22:00:23,56683.9,23362
2022-06-03 22:00:24,56593.5,23452.4
2022-06-03 22:00:25,55977.4,24068.6
2022-06-03 22:00:26,57311.7,22734.2
2022-06-03 22:00:27,57294.7,22751.3
2022-06-03 22:00:28,58359.3,21686.6
2022-06-03 22:00:29,58248.1,21797.8
2022-06-03 22:00:30,58590.8,21455.1
2022-06-03 22:00:31,58173.8,21872.2
2022-06-03 22:00:32,57120.6,22925.3
2022-06-03 22:00:33,56728.9,23317.1
2022-06-03 22:00:34,57038.6,23007.3
2022-06-03 22:00:35,56647.4,23398.5
2022-06-03 22:00:36,56884.5,23161.4
2022-06-03 22:00:37,57719.1,22326.8
2022-06-03 22:00:38,57118.7,22927.3
2022-06-03 22:00:39,56649.3,23396.7
2022-06-03 22:00:40,56826.2,23219.7
2022-06-03 22:00:41,57039.9,23006.1
2022-06-03 22:00:42,57549.7,22496.2
2022-06-03 22:00:43,57551,22494.9
2022-06-03 22:00:44,57747.7,22298.3
2022-06-03 22:00:45,57887.8,22158.2
2022-06-03 22:00:46,57260.5,22785.4
2022-06-03 22:00:47,57391.7,22654.3
2022-06-03 22:00:48,58131.9,21914.1
2022-06-03 22:00:49,57549.1,22496.8
2022-06-03 22:00:50,58218.8,21827.1
2022-06-03 22:00:51,57335.2,22710.7
2022-06-03 22:00:52,56092.1,23953.9
2022-06-03 22:00:53,55655.3,24390.6
2022-06-03 22:00:54,55684.1,24361.9
2022-06-03 22:00:55,55717.1,24328.9
2022-06-03 22:00:56,56650.5,23395.3
2022-06-03 22:00:57,58321.5,21724.4
2022-06-03 22:00:58,58245.6,21800.2
2022-06-03 22:00:59,59327.5,20718.4
2022-06-03 22:01:00,58987.6,21058.2
2022-06-03 22:01:01,58122.7,21923.2
2022-06-03 22:01:02,57707.9,22338.1
2022-06-03 22:01:03,57554.7,22491.2
2022-06-03 22:01:04,57167.1,22878.8
2022-06-03 22:01:05,56993.9,23052.1
2022-06-03 22:01:06,55964.8,24081.1
2022-06-03 22:01:07,55346.8,24699.1
2022-06-03 22:01:08,55246.6,24799.3
2022-06-03 22:01:09,56393.9,23652
2022-06-03 22:01:10,57416.7,22629.3
2022-06-03 22:01:11,58580,21466
2022-06-03 22:01:12,58991.8,21054.1
2022-06-03 22:01:13,59031.4,21014.5
2022-06-03 22:01:14,58724.1,21321.8
2022-06-03 22:01:15,57887.9,22157.9
2022-06-03 22:01:16,57450.5,22595.5
2022-06-03 22:01:17,57263.5,22782.4
2022-06-03 22:01:18,57128.3,22917.7
2022-06-03 22:01:19,56928.2,23117.8
2022-06-03 22:01:20,56320.4,23725.5
2022-06-03 22:01:21,56262,23783.9
2022-06-03 22:01:22,56575.3,23470.6
2022-06-03 22:01:23,56545.4,23500.6
2022-06-03 22:01:24,56976.7,23069.3
2022-06-03 22:01:25,58054.2,21991.8
2022-06-03 22:01:26,58681.4,21364.4
2022-06-03 22:01:27,58863.2,21182.8
2022-06-03 22:01:28,58107.4,21938.6
2022-06-03 22:01:29,57375.3,22670.6
2022-06-03 22:01:30,56419.9,23626.1
2022-06-03 22:01:31,56531.9,23514
2022-06-03 22:01:32,57217.9,22828.1
2022-06-03 22:01:33,57564.6,22481.3
2022-06-03 22:01:34,57836.3,22209.5
2022-06-03 22:01:35,57389.8,22656.1
2022-06-03 22:01:36,56595.5,23450.5
2022-06-03 22:01:37,56842.5,23203.5
2022-06-03 22:01:38,56603.9,23442.1
2022-06-03 22:01:39,57210.6,22835.4
2022-06-03 22:01:40,57775.5,22270.3
2022-06-03 22:01:41,58096.5,21949.5
2022-06-03 22:01:42,58001.6,22044.3
2022-06-03 22:01:43,58035.9,22010
2022-06-03 22:01:44,58119.2,21926.9
2022-06-03 22:01:45,57625.3,22420.6
2022-06-03 22:01:46,57473,22572.9
2022-06-03 22:01:47,57802.3,22243.6
2022-06-03 22:01:48,57194.7,22851.2
2022-06-03 22:01:49,56355.5,23690.4
2022-06-03 22:01:50,56714,23331.8
2022-06-03 22:01:51,56500.3,23545.6
2022-06-03 22:01:52,56122.8,23923.1
2022-06-03 22:01:53,56515.4,23530.5
2022-06-03 22:01:54,57127.2,22918.9
2022-06-03 22:01:55,58774,21272
2022-06-03 22:01:56,59291.9,20753.9
2022-06-03 22:01:57,58672.9,21373.1
2022-06-03 22:01:58,57689.5,22356.4
2022-06-03 22:01:59,57119.6,22926.3
2022-06-03 22:02:00,56104.7,23941.2
2022-06-03 22:02:01,56714.3,23331.6
2022-06-03 22:02:02,56365.3,23680.7
2022-06-03 22:02:03,56359,23686.9
2022-06-03 22:02:04,56223.5,23822.4
2022-06-03 22:02:05,56109.6,23936.4
2022-06-03 22:02:06,56905.8,23140.1
2022-06-03 22:02:07,56784.5,23261.5
2022-06-03 22:02:08,57378.4,22667.5
2022-06-03 22:02:09,58234.6,21811.3
2022-06-03 22:02:10,59211.1,20834.7
2022-06-03 22:02:11,58690.5,21355.5
2022-06-03 22:02:12,57961.1,22084.9
2022-06-03 22:02:13,57099.1,22946.8
2022-06-03 22:02:14,56003.1,24042.9
2022-06-03 22:02:15,56433.9,23612
2022-06-03 22:02:16,56126.4,23919.5
2022-06-03 22:02:17,57267.6,22778.3
2022-06-03 22:02:18,57391.5,22654.4
2022-06-03 22:02:19,57426.8,22619.1
2022-06-03 22:02:20,57021.9,23024
2022-06-03 22:02:21,57094,22952
2022-06-03 22:02:22,57360.6,22685.4
2022-06-03 22:02:23,57815.7,22230.2
2022-06-03 22:02:24,58237.5,21808.5
2022-06-03 22:02:25,58603.6,21442.4
2022-06-03 22:02:26,57494.7,22551.1
2022-06-03 22:02:27,56644.4,23401.5
2022-06-03 22:02:28,55690.6,24355.4
2022-06-03 22:02:29,56415.1,23630.9
2022-06-03 22:02:30,57668.4,22377.6
2022-06-03 22:02:31,58454,21591.9
2022-06-03 22:02:32,57698.5,22347.4
2022-06-03 22:02:33,57502.9,22542.9
2022-06-03 22:02:34,57035.6,23010.4
2022-06-03 22:02:35,56766.1,23279.8
2022-06-03 22:02:36,56719.7,23326.2
2022-06-03 22:02:37,57463.8,22582.1
2022-06-03 22:02:38,57165.4,22880.6
2022-06-03 22:02:39,57765.6,22280.4
2022-06-03 22:02:40,57423.9,22622.1
2022-06-03 22:02:41,57368.8,22677.1
2022-06-03 22:02:42,57010.7,23035.2
2022-06-03 22:02:43,57270.2,22775.8
2022-06-03 22:02:44,57339.7,22706.1
2022-06-03 22:02:45,57964.7,22081.2
2022-06-03 22:02:46,58092.2,21953.6
2022-06-03 22:02:47,57860.1,22185.8
2022-06-03 22:02:48,56860.8,23185.2
2022-06-03 22:02:49,55960.5,24085.6
2022-06-03 22:02:50,55958.4,24087.6
2022-06-03 22:02:51,55971.1,24074.9
2022-06-03 22:02:52,57537.7,22508.3
2022-06-03 22:02:53,58028.1,22017.8
2022-06-03 22:02:54,58640.4,21405.5
2022-06-03 22:02:55,57694.7,22351.3
2022-06-03 22:02:56,57025.8,23020.1
2022-06-03 22:02:57,56550.4,23495.4
2022-06-03 22:02:58,56589.5,23456.5
2022-06-03 22:02:59,57486.6,22559.2
2022-06-03 22:03:00,58103.8,21942.2
2022-06-03 22:03:01,57064.3,22981.6
2022-06-03 22:03:02,57087.1,22958.9
2022-06-03 22:03:03,56808.3,23237.6
2022-06-03 22:03:04,57302.2,22743.7
2022-06-03 22:03:05,57819.7,22226.1
2022-06-03 22:03:06,58040.6,22005.4
2022-06-03 22:03:07,58812.4,21233.6
2022-06-03 22:03:08,58186.5,21859.4
2022-06-03 22:03:09,57198.3,22847.7
2022-06-03 22:03:10,56968.9,23077
2022-06-03 22:03:11,55929.9,24116.1
2022-06-03 22:03:12,56073.5,23972.4
2022-06-03 22:03:13,56707.4,23338.5
2022-06-03 22:03:14,57631.8,22414.2
2022-06-03 22:03:15,57199.1,22846.8
2022-06-03 22:03:16,57488.2,22557.7
2022-06-03 22:03:17,58179,21866.9
2022-06-03 22:03:18,57536.3,22509.8
2022-06-03 22:03:19,57319.1,22726.8
2022-06-03 22:03:20,57555.2,22490.8
2022-06-03 22:03:21,57981.7,22064.3
2022-06-03 22:03:22,58058.8,21987.1
2022-06-03 22:03:23,56949.6,23096.4
2022-06-03 22:03:24,56416.7,23629.3
2022-06-03 22:03:25,56511.4,23534.6
2022-06-03 22:03:26,56067.2,23978.7
2022-06-03 22:03:27,57262.7,22783.2
2022-06-03 22:03:28,58212.9,21833
2022-06-03 22:03:29,58401.6,21644.3
2022-06-03 22:03:30,58622.9,21423
2022-06-03 22:03:31,58073,21972.9
2022-06-03 22:03:32,57388.5,22657.5
2022-06-03 22:03:33,57255.9,22790
2022-06-03 22:03:34,57036,23010
2022-06-03 22:03:35,56880.6,23165.2
2022-06-03 22:03:36,57221.6,22824.3
2022-06-03 22:03:37,56874.7,23171.2
2022-06-03 22:03:38,56607.4,23438.6
2022-06-03 22:03:39,56800,23246
2022-06-03 22:03:40,57292.9,22753
2022-06-03 22:03:41,57705.1,22340.8
2022-06-03 22:03:42,58007.8,22038.1
2022-06-03 22:03:43,58505.1,21540.8
2022-06-03 22:03:44,58221.3,21824.5
2022-06-03 22:03:45,57717.1,22328.8
2022-06-03 22:03:46,57306.2,22739.8
2022-06-03 22:03:47,57539.9,22506
2022-06-03 22:03:48,57409,22637
2022-06-03 22:03:49,57196.6,22849.2
2022-06-03 22:03:50,56878.5,23167.4
2022-06-03 22:03:51,56761.9,23284.1
2022-06-03 22:03:52,57129.7,22916.3
2022-06-03 22:03:53,57005.3,23040.5
2022-06-03 22:03:54,56575.1,23470.8
2022-06-03 22:03:55,57269.7,22776.2
2022-06-03 22:03:56,57317.3,22728.7
2022-06-03 22:03:57,58167.9,21878.1
2022-06-03 22:03:58,58254.8,21791.2
2022-06-03 22:03:59,57677.3,22368.6
2022-06-03 22:04:00,57782.1,22263.8
2022-06-03 22:04:01,57621.3,22424.5
2022-06-03 22:04:02,58266.7,21779.1
2022-06-03 22:04:03,58280.7,21765.2
2022-06-03 22:04:04,57352.7,22693.2
2022-06-03 22:04:05,56422,23623.9
2022-06-03 22:04:06,56193.1,23852.9
2022-06-03 22:04:07,55400.8,24645
2022-06-03 22:04:08,56532.4,23513.6
2022-06-03 22:04:09,56584.4,23461.6
2022-06-03 22:04:10,57608.5,22437.4
2022-06-03 22:04:11,58019.3,22026.6
2022-06-03 22:04:12,58124.9,21921.1
2022-06-03 22:04:13,58304.7,21741.1
2022-06-03 22:04:14,58593.2,21452.7
2022-06-03 22:04:15,58421.1,21624.8
2022-06-03 22:04:16,57760.2,22285.7
2022-06-03 22:04:17,57774.3,22271.6
2022-06-03 22:04:18,56984.1,23061.7
2022-06-03 22:04:19,56279.4,23766.5
2022-06-03 22:04:20,55715.8,24330.1
2022-06-03 22:04:21,55548.1,24497.9
2022-06-03 22:04:22,56785.1,23260.9
2022-06-03 22:04:23,57118.6,22927.2
2022-06-03 22:04:24,57273.7,22772.1
2022-06-03 22:04:25,58181.8,21864
2022-06-03 22:04:26,58631.8,21414.1
2022-06-03 22:04:27,59320.1,20725.7
2022-06-03 22:04:28,58686.7,21359.2
2022-06-03 22:04:29,57581.9,22464
2022-06-03 22:04:30,57732.7,22313.1
2022-06-03 22:04:31,57331.7,22714.2
2022-06-03 22:04:32,56536.4,23509.5
2022-06-03 22:04:33,56388.2,23657.7
2022-06-03 22:04:34,56187.1,23858.8
2022-06-03 22:04:35,55924.5,24121.5
2022-06-03 22:04:36,57451.7,22594.2
2022-06-03 22:04:37,56894.4,23151.7
2022-06-03 22:04:38,56975.9,23070.2
2022-06-03 22:04:39,57594.4,22451.5
2022-06-03 22:04:40,57707.2,22338.7
2022-06-03 22:04:41,58592.3,21453.6
2022-06-03 22:04:42,58350.5,21695.4
2022-06-03 22:04:43,57488.9,22557
2022-06-03 22:04:44,57320.8,22725.1
2022-06-03 22:04:45,57716.2,22329.8
2022-06-03 22:04:46,57049.4,22996.5
2022-06-03 22:04:47,57564.3,22481.6
2022-06-03 22:04:48,57150.8,22895
2022-06-03 22:04:49,56471.2,23574.7
2022-06-03 22:04:50,56255.7,23790.2
2022-06-03 22:04:51,56046.8,23999.1
2022-06-03 22:04:52,56517.4,23528.5
2022-06-03 22:04:53,56781.4,23264.5
2022-06-03 22:04:54,57668.9,22377
2022-06-03 22:04:55,57673.9,22372.1
2022-06-03 22:04:56,57712.1,22333.9
2022-06-03 22:04:57,57942,22103.9
2022-06-03 22:04:58,57776.1,22269.9
2022-06-03 22:04:59,58021.2,22024.8
2022-06-03 22:05:00,58447,21599
2022-06-03 22:05:01,57496.1,22549.9
2022-06-03 22:05:02,57949.7,22096.3
2022-06-03 22:05:03,56682.4,23363.5
2022-06-03 22:05:04,56044.9,24000.9
2022-06-03 22:05:05,55574.8,24471.2
2022-06-03 22:05:06,56276.6,23769.3
2022-06-03 22:05:07,57216.7,22829.1
2022-06-03 22:05:08,57794,22252
2022-06-03 22:05:09,58373,21672.9
2022-06-03 22:05:10,58139.2,21906.8
2022-06-03 22:05:11,58788.8,21257.1
2022-06-03 22:05:12,58283.4,21762.5
2022-06-03 22:05:13,58269,21777.1
2022-06-03 22:05:14,57843.3,22202.6
2022-06-03 22:05:15,57995.3,22050.6
2022-06-03 22:05:16,57248.1,22797.9
2022-06-03 22:05:17,56910.6,23135.3
2022-06-03 22:05:18,55836.1,24209.8
2022-06-03 22:05:19,55878.1,24167.8
2022-06-03 22:05:20,56775.8,23270.2
2022-06-03 22:05:21,57723.1,22322.8
2022-06-03 22:05:22,57502.8,22543.1
2022-06-03 22:05:23,58644.3,21401.7
2022-06-03 22:05:24,57853.3,22192.6
2022-06-03 22:05:25,57484.3,22561.6
2022-06-03 22:05:26,57353.1,22692.9
2022-06-03 22:05:27,58189.1,21856.8
2022-06-03 22:05:28,57379.4,22666.6
2022-06-03 22:05:29,57189.7,22856.3
2022-06-03 22:05:30,57080.5,22965.5
2022-06-03 22:05:31,56522.8,23523.2
2022-06-03 22:05:32,56475.7,23570.2
2022-06-03 22:05:33,56877.9,23168
2022-06-03 22:05:34,56745.8,23300
2022-06-03 22:05:35,57458.8,22587.1
2022-06-03 22:05:36,58463,21582.9
2022-06-03 22:05:37,57980.3,22065.6
2022-06-03 22:05:38,57665.1,22380.8
2022-06-03 22:05:39,56981.7,23064.2
2022-06-03 22:05:40,57291.6,22754.4
2022-06-03 22:05:41,57460.7,22585.1
2022-06-03 22:05:42,57170.1,22875.8
2022-06-03 22:05:43,56738.6,23307.4
2022-06-03 22:05:44,57761.7,22284.2
2022-06-03 22:05:45,57930.9,22115
2022-06-03 22:05:46,57144.7,22901.2
2022-06-03 22:05:47,57229.4,22816.5
2022-06-03 22:05:48,56519.2,23526.8
2022-06-03 22:05:49,57692.9,22352.9
2022-06-03 22:05:50,58830.8,21215.1
2022-06-03 22:05:51,58154.3,21891.6
2022-06-03 22:05:52,57347.8,22698.1
2022-06-03 22:05:53,56457.1,23588.9
2022-06-03 22:05:54,56491.7,23554.2
2022-06-03 22:05:55,56843.9,23201.9
2022-06-03 22:05:56,58626.4,21419.6
2022-06-03 22:05:57,58357.5,21688.4
2022-06-03 22:05:58,57154.8,22891.2
2022-06-03 22:05:59,57602.3,22443.7
2022-06-03 22:06:00,57245.9,22800
2022-06-03 22:06:01,57106.7,22939.2
2022-06-03 22:06:02,56184.1,23861.8
2022-06-03 22:06:03,56993.3,23052.6
2022-06-03 22:06:04,57599.4,22446.6
2022-06-03 22:06:05,57559.1,22486.7
2022-06-03 22:06:06,57464.3,22581.7
2022-06-03 22:06:07,57045.5,23000.6
2022-06-03 22:06:08,57305.3,22740.6
2022-06-03 22:06:09,57842.8,22203.1
2022-06-03 22:06:10,57535,22511
2022-06-03 22:06:11,58121.6,21924.4
2022-06-03 22:06:12,58039.9,22006.2
2022-06-03 22:06:13,57484.5,22561.5
2022-06-03 22:06:14,57311.4,22734.6
2022-06-03 22:06:15,56276.5,23769.4
2022-06-03 22:06:16,55723,24323
2022-06-03 22:06:17,57422.6,22623.3
2022-06-03 22:06:18,57505.6,22540.4
2022-06-03 22:06:19,58303.7,21742.2
2022-06-03 22:06:20,58168.1,21878
2022-06-03 22:06:21,57612,22433.9
2022-06-03 22:06:22,57119.4,22926.6
2022-06-03 22:06:23,57069.5,22976.4
2022-06-03 22:06:24,56988.9,23057
2022-06-03 22:06:25,56476.2,23569.8
2022-06-03 22:06:26,56902.7,23143.2
2022-06-03 22:06:27,57218.8,22827
2022-06-03 22:06:28,57548.3,22497.6
2022-06-03 22:06:29,57018,23028
2022-06-03 22:06:30,56615.9,23430
2022-06-03 22:06:31,57684.9,22361.1
2022-06-03 22:06:32,58411.5,21634.5
2022-06-03 22:06:33,58528.4,21517.6
2022-06-03 22:06:34,58334.3,21711.6
2022-06-03 22:06:35,58008.6,22037.3
2022-06-03 22:06:36,57501.6,22544.3
2022-06-03 22:06:37,56634.3,23411.6
2022-06-03 22:06:38,56653.1,23392.7
2022-06-03 22:06:39,56200.2,23845.8
2022-06-03 22:06:40,56200,23845.9
2022-06-03 22:06:41,57161.9,22884.1
2022-06-03 22:06:42,57475.2,22570.8
2022-06-03 22:06:43,57409.9,22636.1
2022-06-03 22:06:44,57054.4,22991.5
2022-06-03 22:06:45,57442.7,22603.2
2022-06-03 22:06:46,58003.7,22042.2
2022-06-03 22:06:47,57879.3,22166.6
2022-06-03 22:06:48,57267.2,22778.7
2022-06-03 22:06:49,57744.8,22301.1
2022-06-03 22:06:50,57809.1,22236.8
2022-06-03 22:06:51,57097.8,22948
2022-06-03 22:06:52,57033.7,23012.2
2022-06-03 22:06:53,56743.6,23302.4
2022-06-03 22:06:54,57317.2,22728.8
2022-06-03 22:06:55,56698.8,23347.2
2022-06-03 22:06:56,56704.7,23341.2
2022-06-03 22:06:57,57705.4,22340.5
2022-06-03 22:06:58,57107.7,22938.2
2022-06-03 22:06:59,57253.8,22792.2
2022-06-03 22:07:00,58477.5,21568.3
2022-06-03 22:07:01,57731.4,22314.6
2022-06-03 22:07:02,57622.4,22423.7
2022-06-03 22:07:03,58108.5,21937.4
2022-06-03 22:07:04,57746.6,22299.4
2022-06-03 22:07:05,57790.8,22255.2
2022-06-03 22:07:06,57080,22966
2022-06-03 22:07:07,56977.9,23068.1
2022-06-03 22:07:08,56308.6,23737.3
2022-06-03 22:07:09,56246,23799.9
2022-06-03 22:07:10,56006.4,24039.7
2022-06-03 22:07:11,56726.9,23319
2022-06-03 22:07:12,57057.9,22988
2022-06-03 22:07:13,57405.2,22640.7
2022-06-03 22:07:14,58859.3,21186.6
2022-06-03 22:07:15,58541.8,21504.2
2022-06-03 22:07:16,58934.8,21111.2
2022-06-03 22:07:17,58051,21994.9
2022-06-03 22:07:18,57599.6,22446.3
2022-06-03 22:07:19,57357.9,22688
2022-06-03 22:07:20,57461.5,22584.4
2022-06-03 22:07:21,56687.6,23358.2
2022-06-03 22:07:22,56634.8,23411.1
2022-06-03 22:07:23,55638.7,24407.3
2022-06-03 22:07:24,55426.9,24619
2022-06-03 22:07:25,55630,24415.9
2022-06-03 22:07:26,57411.9,22634
2022-06-03 22:07:27,58200.8,21845.2
2022-06-03 22:07:28,59522.2,20523.6
2022-06-03 22:07:29,58449.5,21596.5
2022-06-03 22:07:30,58538.8,21507.1
2022-06-03 22:07:31,57588.2,22457.7
2022-06-03 22:07:32,57175.9,22869.9
2022-06-03 22:07:33,57013.2,23032.7
2022-06-03 22:07:34,57753.5,22292.4
2022-06-03 22:07:35,57015.5,23030.4
2022-06-03 22:07:36,56876.4,23169.7
2022-06-03 22:07:37,56937.5,23108.4
2022-06-03 22:07:38,56479.3,23566.6
2022-06-03 22:07:39,56212.5,23833.5
2022-06-03 22:07:40,56378.3,23667.6
2022-06-03 22:07:41,57417.9,22628
2022-06-03 22:07:42,57898.9,22147.1
2022-06-03 22:07:43,58386.6,21659.3
2022-06-03 22:07:44,58048.8,21997.1
2022-06-03 22:07:45,57949.2,22096.8
2022-06-03 22:07:46,57859.4,22186.6
2022-06-03 22:07:47,57765.1,22280.8
2022-06-03 22:07:48,57564.4,22481.5
2022-06-03 22:07:49,58033.9,22012
2022-06-03 22:07:50,57551,22494.9
2022-06-03 22:07:51,56592.8,23453.1
2022-06-03 22:07:52,55787.7,24258.3
2022-06-03 22:07:53,55947.7,24098.3
2022-06-03 22:07:54,55762.9,24282.9
2022-06-03 22:07:55,56435.5,23610.5
2022-06-03 22:07:56,57163.8,22882.2
2022-06-03 22:07:57,58332.4,21713.6
2022-06-03 22:07:58,58679.9,21366
2022-06-03 22:07:59,59248.6,20797.4
2022-06-03 22:08:00,59037.5,21008.4
2022-06-03 22:08:01,58524.2,21521.7
2022-06-03 22:08:02,58140.8,21905.1
2022-06-03 22:08:03,58016.8,22029.1
2022-06-03 22:08:04,57473.9,22572
2022-06-03 22:08:05,56912.1,23133.8
2022-06-03 22:08:06,56045.8,24000.1
2022-06-03 22:08:07,55720.1,24325.9
2022-06-03 22:08:08,56564.3,23481.6
2022-06-03 22:08:09,56051.6,23994.3
2022-06-03 22:08:10,57419.3,22626.5
2022-06-03 22:08:11,58491.5,21554.5
2022-06-03 22:08:12,58844.6,21201.4
2022-06-03 22:08:13,58866.9,21179.2
2022-06-03 22:08:14,58298.7,21747.3
2022-06-03 22:08:15,58024.5,22021.4
2022-06-03 22:08:16,57923.3,22122.7
2022-06-03 22:08:17,57240.3,22805.5
2022-06-03 22:08:18,57545.1,22500.9
2022-06-03 22:08:19,56702.1,23343.7
2022-06-03 22:08:20,56627.6,23418.4
2022-06-03 22:08:21,56029.6,24016.3
2022-06-03 22:08:22,56339.3,23706.6
2022-06-03 22:08:23,56505,23540.8
2022-06-03 22:08:24,56597.8,23448.2
2022-06-03 22:08:25,57029.8,23016
2022-06-03 22:08:26,57165.7,22880.2
2022-06-03 22:08:27,58451.1,21594.9
2022-06-03 22:08:28,57924,22121.8
2022-06-03 22:08:29,57844.9,22201.1
2022-06-03 22:08:30,59138.5,20907.4
2022-06-03 22:08:31,59012.2,21033.8
2022-06-03 22:08:32,58518.3,21527.5
2022-06-03 22:08:33,58215.2,21830.8
2022-06-03 22:08:34,57370,22675.8
2022-06-03 22:08:35,56548.2,23497.8
2022-06-03 22:08:36,55980,24065.9
2022-06-03 22:08:37,55797.4,24248.7
2022-06-03 22:08:38,56308.9,23736.9
2022-06-03 22:08:39,56068.4,23977.5
2022-06-03 22:08:40,56914.6,23131.4
2022-06-03 22:08:41,58002.4,22043.5
2022-06-03 22:08:42,58739.3,21306.7
2022-06-03 22:08:43,58947.9,21098
2022-06-03 22:08:44,59747.8,20298
2022-06-03 22:08:45,59231.1,20814.9
2022-06-03 22:08:46,58428.6,21617.4
2022-06-03 22:08:47,57572.3,22473.6
2022-06-03 22:08:48,56960.3,23085.6
2022-06-03 22:08:49,55391.2,24654.8
2022-06-03 22:08:50,55407,24639
2022-06-03 22:08:51,55492,24554
2022-06-03 22:08:52,55279,24767
2022-06-03 22:08:53,56047.6,23998.4
2022-06-03 22:08:54,56846.4,23199.4
2022-06-03 22:08:55,57853,22193
2022-06-03 22:08:56,58403.3,21642.6
2022-06-03 22:08:57,58799.5,21246.6
2022-06-03 22:08:58,59127,20919
2022-06-03 22:08:59,59157.1,20888.8
2022-06-03 22:09:00,58570.2,21475.7
2022-06-03 22:09:01,57919.3,22126.6
2022-06-03 22:09:02,56952.7,23093.1
2022-06-03 22:09:03,56614.6,23431.3
2022-06-03 22:09:04,55510.1,24535.9
2022-06-03 22:09:05,55917,24128.9
2022-06-03 22:09:06,55852.6,24193.3
2022-06-03 22:09:07,56162.9,23883.1
2022-06-03 22:09:08,57097.3,22948.7
2022-06-03 22:09:09,57880.6,22165.4
2022-06-03 22:09:10,57929.8,22116.1
2022-06-03 22:09:11,58813.2,21232.6
2022-06-03 22:09:12,59817.1,20228.8
2022-06-03 22:09:13,59339.3,20706.7
2022-06-03 22:09:14,58427,21618.8
2022-06-03 22:09:15,57865.3,22180.5
2022-06-03 22:09:16,57667.1,22378.9
2022-06-03 22:09:17,56880.1,23165.8
2022-06-03 22:09:18,56481.1,23564.9
2022-06-03 22:09:19,55810.9,24235
2022-06-03 22:09:20,56463.9,23582
2022-06-03 22:09:21,56058.2,23987.8
2022-06-03 22:09:22,56331.4,23714.6
2022-06-03 22:09:23,56180.9,23864.9
2022-06-03 22:09:24,57463,22583
2022-06-03 22:09:25,58236.6,21809.3
2022-06-03 22:09:26,58510.1,21535.8
2022-06-03 22:09:27,59652.2,20393.6
2022-06-03 22:09:28,59102.1,20943.8
2022-06-03 22:09:29,58185.8,21860.2
2022-06-03 22:09:30,58078.6,21967.2
2022-06-03 22:09:31,57489.9,22556.2
2022-06-03 22:09:32,56940.7,23105.3
2022-06-03 22:09:33,56434.7,23611.1
2022-06-03 22:09:34,56184.7,23861.2
2022-06-03 22:09:35,56614.6,23431.4
2022-06-03 22:09:36,56087.1,23958.9
2022-06-03 22:09:37,55372.2,24673.7
2022-06-03 22:09:38,55589.3,24456.6
2022-06-03 22:09:39,57076.2,22969.6
2022-06-03 22:09:40,58008.7,22037.3
2022-06-03 22:09:41,59974.1,20072
2022-06-03 22:09:42,59361.3,20684.7
2022-06-03 22:09:43,59072.1,20973.9
2022-06-03 22:09:44,58440.5,21605.4
2022-06-03 22:09:45,57877.1,22168.8
2022-06-03 22:09:46,57500,22546.1
2022-06-03 22:09:47,56469.6,23576.3
2022-06-03 22:09:48,56732.6,23313.3
2022-06-03 22:09:49,56046.7,23999.4
2022-06-03 22:09:50,55402.2,24643.7
2022-06-03 22:09:51,55773,24273
2022-06-03 22:09:52,55835.3,24210.6
2022-06-03 22:09:53,56924.1,23121.8
2022-06-03 22:09:54,58787.8,21258.2
2022-06-03 22:09:55,60080.4,19965.5
2022-06-03 22:09:56,59314,20731.8
2022-06-03 22:09:57,59504.5,20541.4
2022-06-03 22:09:58,58557.4,21488.5
2022-06-03 22:09:59,57641.9,22404
2022-06-03 22:10:00,56912.5,23133.5
2022-06-03 22:10:01,56401.9,23643.9
2022-06-03 22:10:02,56162,23884
2022-06-03 22:10:03,55733.5,24312.4
2022-06-03 22:10:04,56683.1,23362.8
2022-06-03 22:10:05,56076.3,23969.8
2022-06-03 22:10:06,56338.6,23707.4
2022-06-03 22:10:07,56727.7,23318.2
2022-06-03 22:10:08,58508.5,21537.4
2022-06-03 22:10:09,59422.7,20623.2
2022-06-03 22:10:10,59327.5,20718.3
2022-06-03 22:10:11,58670.8,21375.1
2022-06-03 22:10:12,58227.2,21818.7
2022-06-03 22:10:13,57425.6,22620.3
2022-06-03 22:10:14,56937.3,23108.6
2022-06-03 22:10:15,57461.6,22584.4
2022-06-03 22:10:16,57498.8,22547.2
2022-06-03 22:10:17,57320.8,22725.2
2022-06-03 22:10:18,56442,23604
2022-06-03 22:10:19,56235.1,23810.7
2022-06-03 22:10:20,56285.9,23760.1
2022-06-03 22:10:21,56289.6,23756.3
2022-06-03 22:10:22,56902.1,23143.8
2022-06-03 22:10:23,58145.9,21900.1
2022-06-03 22:10:24,58473.1,21572.7
2022-06-03 22:10:25,58683.1,21362.9
2022-06-03 22:10:26,59041.2,21004.7
2022-06-03 22:10:27,57814.3,22231.6
2022-06-03 22:10:28,57270.9,22775.1
2022-06-03 22:10:29,57964.5,22081.4
2022-06-03 22:10:30,57494.2,22551.7
2022-06-03 22:10:31,57315.9,22730
2022-06-03 22:10:32,56753.4,23292.6
2022-06-03 22:10:33,56141.4,23904.7
2022-06-03 22:10:34,56119.3,23926.6
2022-06-03 22:10:35,56098.9,23947.1
2022-06-03 22:10:36,55565.5,24480.5
2022-06-03 22:10:37,56611.2,23434.7
2022-06-03 22:10:38,57969.4,22076.5
2022-06-03 22:10:39,59259.6,20786.4
2022-06-03 22:10:40,59267.3,20778.8
2022-06-03 22:10:41,58191.6,21854.4
2022-06-03 22:10:42,57867.7,22178.2
2022-06-03 22:10:43,58134.2,21911.8
2022-06-03 22:10:44,57619,22426.9
2022-06-03 22:10:45,57345.4,22700.5
2022-06-03 22:10:46,56928.2,23117.7
2022-06-03 22:10:47,56737,23309
2022-06-03 22:10:48,56558.6,23487.3
2022-06-03 22:10:49,55777.1,24268.9
2022-06-03 22:10:50,56059.6,23986.4
2022-06-03 22:10:51,56796.2,23249.7
2022-06-03 22:10:52,56736.5,23309.4
2022-06-03 22:10:53,56812.1,23233.9
2022-06-03 22:10:54,58794,21251.9
2022-06-03 22:10:55,58609.6,21436.3
2022-06-03 22:10:56,58556.1,21489.9
2022-06-03 22:10:57,58317.5,21728.4
2022-06-03 22:10:58,57442.1,22603.8
2022-06-03 22:10:59,56939.4,23106.6
2022-06-03 22:11:00,57136,22909.9
2022-06-03 22:11:01,57250.9,22795.1
2022-06-03 22:11:02,57738,22307.9
2022-06-03 22:11:03,57875.5,22170.4
2022-06-03 22:11:04,57987.6,22058.4
2022-06-03 22:11:05,56905.1,23140.8
2022-06-03 22:11:06,57366.8,22679.1
2022-06-03 22:11:07,56546.4,23499.6
2022-06-03 22:11:08,56545.7,23500.3
2022-06-03 22:11:09,57596.9,22449
2022-06-03 22:11:10,57766.4,22279.5
2022-06-03 22:11:11,58114.6,21931.4
2022-06-03 22:11:12,57539.8,22506.2
2022-06-03 22:11:13,57387.5,22658.6
2022-06-03 22:11:14,57873.4,22172.5
2022-06-03 22:11:15,57552.1,22493.8
2022-06-03 22:11:16,58312.9,21733
2022-06-03 22:11:17,58299.2,21746.6
2022-06-03 22:11:18,57624.4,22421.5
2022-06-03 22:11:19,57812.8,22233.1
2022-06-03 22:11:20,56986,23059.9
2022-06-03 22:11:21,56560.1,23485.7
2022-06-03 22:11:22,55978.3,24067.6
2022-06-03 22:11:23,57326,22719.9
2022-06-03 22:11:24,57605.8,22440.1
2022-06-03 22:11:25,58335.2,21710.7
2022-06-03 22:11:26,58116.8,21929.2
2022-06-03 22:11:27,57419.9,22625.9
2022-06-03 22:11:28,58244.9,21801.1
2022-06-03 22:11:29,57994.9,22051.1
2022-06-03 22:11:30,58090.3,21955.5
2022-06-03 22:11:31,57857.6,22188.4
2022-06-03 22:11:32,57391.1,22654.9
2022-06-03 22:11:33,56235.4,23810.5
2022-06-03 22:11:34,56616.5,23429.4
2022-06-03 22:11:35,56614.5,23431.4
2022-06-03 22:11:36,56524.5,23521.5
2022-06-03 22:11:37,57141.1,22904.8
2022-06-03 22:11:38,57144.6,22901.3
2022-06-03 22:11:39,58163.8,21882.1
2022-06-03 22:11:40,58354.1,21691.8
2022-06-03 22:11:41,57293.4,22752.5
2022-06-03 22:11:42,56552.3,23493.6
2022-06-03 22:11:43,58284.1,21761.8
2022-06-03 22:11:44,58104,21942
2022-06-03 22:11:45,57433.3,22612.7
2022-06-03 22:11:46,57626.4,22419.4
2022-06-03 22:11:47,57237,22809
2022-06-03 22:11:48,57660,22385.9
2022-06-03 22:11:49,57458.8,22587.2
2022-06-03 22:11:50,57875.4,22170.5
2022-06-03 22:11:51,57713.9,22332
2022-06-03 22:11:52,57111.2,22934.7
2022-06-03 22:11:53,56654.7,23391.3
2022-06-03 22:11:54,56888.6,23157.4
2022-06-03 22:11:55,57023.8,23022.1
2022-06-03 22:11:56,56765.9,23280
2022-06-03 22:11:57,58357.6,21688.3
2022-06-03 22:11:58,58721.1,21324.9
2022-06-03 22:11:59,58739.1,21306.8
2022-06-03 22:12:00,58152.7,21893.2
2022-06-03 22:12:01,58062,21983.9
2022-06-03 22:12:02,57348.1,22697.9
2022-06-03 22:12:03,57209.1,22836.9
2022-06-03 22:12:04,57791.1,22254.8
2022-06-03 22:12:05,57219.4,22826.5
2022-06-03 22:12:06,55958.5,24087.4
2022-06-03 22:12:07,55941.4,24104.5
2022-06-03 22:12:08,55580,24465.8
2022-06-03 22:12:09,55702.7,24343.2
2022-06-03 22:12:10,57714.7,22331.4
2022-06-03 22:12:11,58971.3,21074.6
2022-06-03 22:12:12,59980,20066
2022-06-03 22:12:13,59300.5,20745.4
2022-06-03 22:12:14,58399.8,21646.3
2022-06-03 22:12:15,57525,22520.8
2022-06-03 22:12:16,57641.9,22404.2
2022-06-03 22:12:17,56699.3,23346.7
2022-06-03 22:12:18,57279.3,22766.5
2022-06-03 22:12:19,57159.3,22886.6
2022-06-03 22:12:20,56933.9,23112.2
2022-06-03 22:12:21,57018.3,23027.6
2022-06-03 22:12:22,56612.3,23433.7
2022-06-03 22:12:23,56437.6,23608.1
2022-06-03 22:12:24,57431.4,22614.5
2022-06-03 22:12:25,58329.2,21716.7
2022-06-03 22:12:26,58193.2,21852.9
2022-06-03 22:12:27,59106.2,20939.7
2022-06-03 22:12:28,57995.3,22050.6
2022-06-03 22:12:29,57137.3,22908.5
2022-06-03 22:12:30,56706.4,23339.5
2022-06-03 22:12:31,56866,23179.8
2022-06-03 22:12:32,56760.1,23285.8
2022-06-03 22:12:33,57801,22245
2022-06-03 22:12:34,58015.3,22030.8
2022-06-03 22:12:35,57424,22621.9
2022-06-03 22:12:36,56367.9,23678.1
2022-06-03 22:12:37,56048.2,23997.8
2022-06-03 22:12:38,55978.3,24067.7
2022-06-03 22:12:39,57235,22810.9
2022-06-03 22:12:40,58243,21803
2022-06-03 22:12:41,58006.6,22039.4
2022-06-03 22:12:42,58018.1,22027.8
2022-06-03 22:12:43,57080.2,22965.8
2022-06-03 22:12:44,57112.1,22933.8
2022-06-03 22:12:45,58178,21867.9
2022-06-03 22:12:46,58461.2,21584.7
2022-06-03 22:12:47,59230.7,20815.2
2022-06-03 22:12:48,58265,21780.8
2022-06-03 22:12:49,57350,22695.9
2022-06-03 22:12:50,56645.9,23400.1
2022-06-03 22:12:51,56628.3,23417.5
2022-06-03 22:12:52,56021,24024.9
2022-06-03 22:12:53,56515.3,23530.6
2022-06-03 22:12:54,56988,23057.9
2022-06-03 22:12:55,56924.8,23121.1
2022-06-03 22:12:56,58018.2,22027.7
2022-06-03 22:12:57,58297,21749
2022-06-03 22:12:58,57766.6,22279.2
2022-06-03 22:12:59,57656.3,22389.6
2022-06-03 22:13:00,58305.3,21740.7
2022-06-03 22:13:01,59150.4,20895.5
2022-06-03 22:13:02,58608.6,21437.3
2022-06-03 22:13:03,57261.5,22784.4
2022-06-03 22:13:04,56246.9,23799.2
2022-06-03 22:13:05,55421.2,24624.7
2022-06-03 22:13:06,55724.9,24321
2022-06-03 22:13:07,55795.5,24250.5
2022-06-03 22:13:08,57379.5,22666.4
2022-06-03 22:13:09,58335.5,21710.4
2022-06-03 22:13:10,58362.1,21683.8
2022-06-03 22:13:11,58288.2,21757.6
2022-06-03 22:13:12,57735.4,22310.6
2022-06-03 22:13:13,58058.1,21987.8
2022-06-03 22:13:14,57414.6,22631.3
2022-06-03 22:13:15,57193.8,22852.1
2022-06-03 22:13:16,58126.3,21919.7
2022-06-03 22:13:17,57224.8,22821
2022-06-03 22:13:18,56008.4,24037.6
2022-06-03 22:13:19,55958.2,24087.8
2022-06-03 22:13:20,56902.2,23143.7
2022-06-03 22:13:21,57458,22588
2022-06-03 22:13:22,57826.9,22219.1
2022-06-03 22:13:23,58071.8,21974.1
2022-06-03 22:13:24,57828.3,22217.7
2022-06-03 22:13:25,57449.5,22596.4
2022-06-03 22:13:26,57099.8,22946
2022-06-03 22:13:27,57100.9,22945
2022-06-03 22:13:28,57707.7,22338.2
2022-06-03 22:13:29,57168.8,22877.2
2022-06-03 22:13:30,57653.9,22392.1
2022-06-03 22:13:31,58333.7,21712.2
2022-06-03 22:13:32,58170.4,21875.6
2022-06-03 22:13:33,57095.6,22950.3
2022-06-03 22:13:34,56762.5,23283.4
2022-06-03 22:13:35,56419.2,23626.6
2022-06-03 22:13:36,56898.6,23147.3
2022-06-03 22:13:37,56348.1,23697.8
2022-06-03 22:13:38,57028.7,23017.2
2022-06-03 22:13:39,56810.8,23235.1
2022-06-03 22:13:40,56396.3,23649.7
2022-06-03 22:13:41,57468.5,22577.4
2022-06-03 22:13:42,58266.3,21779.6
2022-06-03 22:13:43,59193,20853
2022-06-03 22:13:44,58826.4,21219.5
2022-06-03 22:13:45,58614.3,21431.6
2022-06-03 22:13:46,57651,22395
2022-06-03 22:13:47,57031.7,23014.2
2022-06-03 22:13:48,56785.1,23260.8
2022-06-03 22:13:49,55937.2,24108.7
2022-06-03 22:13:50,56191.7,23854.1
2022-06-03 22:13:51,56036.1,24009.9
2022-06-03 22:13:52,56622.3,23423.7
2022-06-03 22:13:53,57793.2,22252.7
2022-06-03 22:13:54,58247,21799
2022-06-03 22:13:55,58257.3,21788.5
2022-06-03 22:13:56,58396.3,21649.6
2022-06-03 22:13:57,58423.8,21622.1
2022-06-03 22:13:58,57593.6,22452.2
2022-06-03 22:13:59,56937.4,23108.6
2022-06-03 22:14:00,57674.3,22371.7
2022-06-03 22:14:01,56749.9,23296
2022-06-03 22:14:02,56563.7,23482.2
2022-06-03 22:14:03,56856.7,23189.4
2022-06-03 22:14:04,56834.2,23211.7
2022-06-03 22:14:05,57461.1,22584.9
2022-06-03 22:14:06,57718.4,22327.5
2022-06-03 22:14:07,57192.8,22853.1
2022-06-03 22:14:08,57795.9,22250
2022-06-03 22:14:09,57469.8,22576.2
2022-06-03 22:14:10,57773.8,22272.2
2022-06-03 22:14:11,57836.5,22209.4
2022-06-03 22:14:12,57573.9,22471.9
2022-06-03 22:14:13,57024.7,23021.1
2022-06-03 22:14:14,56756.5,23289.4
2022-06-03 22:14:15,56597.2,23448.9
2022-06-03 22:14:16,57161.4,22884.5
2022-06-03 22:14:17,58093.9,21952
2022-06-03 22:14:18,58463.4,21582.6
2022-06-03 22:14:19,57220,22826
2022-06-03 22:14:20,57413.5,22632.3
2022-06-03 22:14:21,57275.4,22770.5
2022-06-03 22:14:22,57248.1,22797.9
2022-06-03 22:14:23,56849.9,23196
2022-06-03 22:14:24,57740.6,22305.4
2022-06-03 22:14:25,57479.1,22566.8
2022-06-03 22:14:26,57431.6,22614.3
2022-06-03 22:14:27,57508.9,22537
2022-06-03 22:14:28,57159.5,22886.4
2022-06-03 22:14:29,57907.5,22138.4
2022-06-03 22:14:30,57672.1,22374
2022-06-03 22:14:31,57898.9,22147.1
2022-06-03 22:14:32,58175,21870.9
2022-06-03 22:14:33,57145,22901
2022-06-03 22:14:34,57822.9,22223.1
2022-06-03 22:14:35,57342.2,22703.8
2022-06-03 22:14:36,56353.6,23692.4
2022-06-03 22:14:37,56419.6,23626.3
2022-06-03 22:14:38,57006.1,23039.9
2022-06-03 22:14:39,57545.4,22500.6
2022-06-03 22:14:40,57706.4,22339.6
2022-06-03 22:14:41,57928.2,22117.8
2022-06-03 22:14:42,56922.2,23123.7
2022-06-03 22:14:43,56487.7,23558.3
2022-06-03 22:14:44,57436.7,22609.2
2022-06-03 22:14:45,58605.8,21440.2
2022-06-03 22:14:46,58621,21424.9
2022-06-03 22:14:47,58055.8,21990.2
2022-06-03 22:14:48,57573.9,22472
2022-06-03 22:14:49,57040.2,23005.7
2022-06-03 22:14:50,56705.4,23340.6
2022-06-03 22:14:51,56483.3,23562.5
2022-06-03 22:14:52,56573.3,23472.8
2022-06-03 22:14:53,57376.9,22669
2022-06-03 22:14:54,56729.7,23316.2
2022-06-03 22:14:55,56424.6,23621.2
2022-06-03 22:14:56,56771,23275
2022-06-03 22:14:57,57878,22167.9
2022-06-03 22:14:58,57786.5,22259.5
2022-06-03 22:14:59,58897.8,21148
2022-06-03 22:15:00,58491.4,21554.5
2022-06-03 22:15:01,59276,20770
2022-06-03 22:15:02,58539.9,21506
2022-06-03 22:15:03,58293.5,21752.3
2022-06-03 22:15:04,57108.1,22937.8
2022-06-03 22:15:05,56402.3,23643.6
2022-06-03 22:15:06,55433.5,24612.4
2022-06-03 22:15:07,55879.6,24166.4
2022-06-03 22:15:08,56394.6,23651.3
2022-06-03 22:15:09,56777.4,23268.5
2022-06-03 22:15:10,57244.5,22801.6
2022-06-03 22:15:11,57530.3,22515.6
2022-06-03 22:15:12,58477.6,21568.4
2022-06-03 22:15:13,59022.7,21023.2
2022-06-03 22:15:14,58866.9,21179.1
2022-06-03 22:15:15,58355.1,21690.7
2022-06-03 22:15:16,58710.2,21335.7
2022-06-03 22:15:17,57577.1,22468.8
2022-06-03 22:15:18,56569.1,23476.8
2022-06-03 22:15:19,56204.8,23841
2022-06-03 22:15:20,56307.5,23738.3
2022-06-03 22:15:21,55971.6,24074.4
2022-06-03 22:15:22,56535.4,23510.6
2022-06-03 22:15:23,57043.2,23002.7
2022-06-03 22:15:24,57313.4,22732.5
2022-06-03 22:15:25,58625.7,21420.2
2022-06-03 22:15:26,58306.9,21739
2022-06-03 22:15:27,59287.7,20758.2
2022-06-03 22:15:28,58758.6,21287.3
2022-06-03 22:15:29,58087.6,21958.2
2022-06-03 22:15:30,57944.4,22101.5
2022-06-03 22:15:31,57396.1,22649.8
2022-06-03 22:15:32,57576.5,22469.4
2022-06-03 22:15:33,57740.6,22305.3
2022-06-03 22:15:34,56534.4,23511.5
2022-06-03 22:15:35,56623.3,23422.5
2022-06-03 22:15:36,56443.1,23602.8
2022-06-03 22:15:37,56922.4,23123.6
2022-06-03 22:15:38,56859,23186.9
2022-06-03 22:15:39,57281.1,22764.9
2022-06-03 22:15:40,58146.7,21899.3
2022-06-03 22:15:41,58229.9,21816.1
2022-06-03 22:15:42,58364.3,21681.6
2022-06-03 22:15:43,58072,21973.9
2022-06-03 22:15:44,58603.3,21442.5
2022-06-03 22:15:45,57992.3,22053.6
2022-06-03 22:15:46,57947.7,22098.3
2022-06-03 22:15:47,57892.8,22153.1
2022-06-03 22:15:48,57408.3,22637.7
2022-06-03 22:15:49,57021,23025
2022-06-03 22:15:50,55850.3,24195.6
2022-06-03 22:15:51,56006.5,24039.4
2022-06-03 22:15:52,55492.2,24553.7
2022-06-03 22:15:53,57151.3,22894.5
2022-06-03 22:15:54,57264.3,22781.7
2022-06-03 22:15:55,58978.8,21067
2022-06-03 22:15:56,59479.4,20566.4
2022-06-03 22:15:57,58747.3,21298.7
2022-06-03 22:15:58,58727.9,21318
2022-06-03 22:15:59,58689.3,21356.7
2022-06-03 22:16:00,58164.9,21881
2022-06-03 22:16:01,57288.6,22757.4
2022-06-03 22:16:02,56871.3,23174.6
2022-06-03 22:16:03,55872.2,24173.8
2022-06-03 22:16:04,55585.9,24460
2022-06-03 22:16:05,55424.9,24620.9
2022-06-03 22:16:06,54973.9,25072.1
2022-06-03 22:16:07,55758.2,24287.8
2022-06-03 22:16:08,57708.5,22337.5
2022-06-03 22:16:09,58749.2,21296.7
2022-06-03 22:16:10,60353.1,19692.7
2022-06-03 22:16:11,59353.3,20692.7
2022-06-03 22:16:12,58744.7,21301.2
2022-06-03 22:16:13,58030.9,22015
2022-06-03 22:16:14,57725.6,22320.3
2022-06-03 22:16:15,56935.4,23110.5
2022-06-03 22:16:16,56464.1,23581.8
2022-06-03 22:16:17,56123.4,23922.5
2022-06-03 22:16:18,55948.5,24097.4
2022-06-03 22:16:19,55814.7,24231.3
2022-06-03 22:16:20,56180.1,23866
2022-06-03 22:16:21,56751.2,23294.8
2022-06-03 22:16:22,57079.4,22966.5
2022-06-03 22:16:23,58212.1,21833.8
2022-06-03 22:16:24,59047.9,20998.1
2022-06-03 22:16:25,58999.8,21046.1
2022-06-03 22:16:26,58970.6,21075.3
2022-06-03 22:16:27,58477.3,21568.6
2022-06-03 22:16:28,57680.9,22365.1
2022-06-03 22:16:29,57550.8,22495.1
2022-06-03 22:16:30,57786.1,22259.7
2022-06-03 22:16:31,57611.6,22434.4
2022-06-03 22:16:32,56522.6,23523.3
2022-06-03 22:16:33,56275.8,23770.2
2022-06-03 22:16:34,56284.4,23761.5
2022-06-03 22:16:35,55881,24164.9
2022-06-03 22:16:36,55920.3,24125.7
2022-06-03 22:16:37,56229,23816.9
2022-06-03 22:16:38,58488.5,21557.4
2022-06-03 22:16:39,58470.1,21576
2022-06-03 22:16:40,58777.2,21268.7
2022-06-03 22:16:41,59130.9,20915
2022-06-03 22:16:42,58975.3,21070.7
2022-06-03 22:16:43,57991.9,22054
2022-06-03 22:16:44,57501.9,22544
2022-06-03 22:16:45,56969.5,23076.5
2022-06-03 22:16:46,56110.6,23935.4
2022-06-03 22:16:47,56038.3,24007.7
2022-06-03 22:16:48,56423.6,23622.3
2022-06-03 22:16:49,56248.1,23797.8
2022-06-03 22:16:50,55772.3,24273.7
2022-06-03 22:16:51,56765.8,23280.1
2022-06-03 22:16:52,58139.1,21906.8
2022-06-03 22:16:53,59340,20705.8
2022-06-03 22:16:54,59323.9,20721.9
2022-06-03 22:16:55,59472.5,20573.4
2022-06-03 22:16:56,58738,21308
2022-06-03 22:16:57,57742.3,22303.6
2022-06-03 22:16:58,56858.7,23187.3
2022-06-03 22:16:59,56749.2,23296.6
2022-06-03 22:17:00,56241.4,23804.4
2022-06-03 22:17:01,56125.6,23920.3
2022-06-03 22:17:02,56015.3,24030.6
2022-06-03 22:17:03,55988.2,24057.7
2022-06-03 22:17:04,56885,23160.9
2022-06-03 22:17:05,57384.5,22661.3
2022-06-03 22:17:06,57871.3,22174.7
2022-06-03 22:17:07,58827.9,21218
2022-06-03 22:17:08,59342,20703.9
2022-06-03 22:17:09,58918.7,21127.3
2022-06-03 22:17:10,58360.7,21685.2
2022-06-03 22:17:11,57365.2,22680.8
2022-06-03 22:17:12,57412.1,22633.9
2022-06-03 22:17:13,56617.9,23428
2022-06-03 22:17:14,56350.3,23695.6
2022-06-03 22:17:15,57168,22878
2022-06-03 22:17:16,56876.4,23169.6
2022-06-03 22:17:17,56764,23281.9
2022-06-03 22:17:18,56781.8,23264
2022-06-03 22:17:19,57095.8,22950
2022-06-03 22:17:20,56757.9,23288
2022-06-03 22:17:21,58677,21368.8
2022-06-03 22:17:22,58044.6,22001.4
2022-06-03 22:17:23,58167.2,21878.6
2022-06-03 22:17:24,58437.3,21608.7
2022-06-03 22:17:25,58304.5,21741.5
2022-06-03 22:17:26,58055.9,21990.1
2022-06-03 22:17:27,57722.4,22323.5
2022-06-03 22:17:28,58274.4,21771.6
2022-06-03 22:17:29,57757.8,22288.1
2022-06-03 22:17:30,56764.2,23281.8
2022-06-03 22:17:31,56257.8,23788.1
2022-06-03 22:17:32,56838.6,23207.4
2022-06-03 22:17:33,56618.1,23427.8
2022-06-03 22:17:34,56608.8,23437
2022-06-03 22:17:35,56691.4,23354.6
2022-06-03 22:17:36,57349.4,22696.5
2022-06-03 22:17:37,58151.8,21894.2
2022-06-03 22:17:38,59112.4,20933.4
2022-06-03 22:17:39,59289.4,20756.5
2022-06-03 22:17:40,58939.6,21106.3
2022-06-03 22:17:41,58387,21658.8
2022-06-03 22:17:42,57740.9,22305
2022-06-03 22:17:43,57720.4,22325.5
2022-06-03 22:17:44,56455.7,23590.2
2022-06-03 22:17:45,55872.3,24173.7
2022-06-03 22:17:46,55752.6,24293.3
2022-06-03 22:17:47,56063.6,23982.4
2022-06-03 22:17:48,55817.8,24228.2
2022-06-03 22:17:49,57098.3,22947.7
2022-06-03 22:17:50,58618.1,21427.8
2022-06-03 22:17:51,59310.9,20735.1
2022-06-03 22:17:52,59368,20677.9
2022-06-03 22:17:53,59164.4,20881.6
2022-06-03 22:17:54,59084.8,20961.2
2022-06-03 22:17:55,58242.3,21803.6
2022-06-03 22:17:56,58279,21766.9
2022-06-03 22:17:57,57325.2,22720.7
2022-06-03 22:17:58,56101.8,23944.1
2022-06-03 22:17:59,55699.3,24346.6
2022-06-03 22:18:00,54857.8,25188.2
2022-06-03 22:18:01,55298.4,24747.5
2022-06-03 22:18:02,55788.2,24257.8
2022-06-03 22:18:03,58193.1,21852.8
2022-06-03 22:18:04,59023,21023
2022-06-03 22:18:05,59022.8,21023.1
2022-06-03 22:18:06,58820.4,21225.5
2022-06-03 22:18:07,58497,21549
2022-06-03 22:18:08,58434.6,21611.3
2022-06-03 22:18:09,57556.7,22489.2
2022-06-03 22:18:10,57381.9,22663.9
2022-06-03 22:18:11,57291.3,22754.7
2022-06-03 22:18:12,56248.8,23797.1
2022-06-03 22:18:13,56031.4,24014.6
2022-06-03 22:18:14,55838.2,24207.7
2022-06-03 22:18:15,56378.3,23667.6
2022-06-03 22:18:16,56928.9,23117.1
2022-06-03 22:18:17,57729.6,22316.4
2022-06-03 22:18:18,58095,21951
2022-06-03 22:18:19,58573.8,21472.1
2022-06-03 22:18:20,57804.2,22241.8
2022-06-03 22:18:21,57835,22211.1
2022-06-03 22:18:22,57795.7,22250.2
2022-06-03 22:18:23,58341.3,21704.5
2022-06-03 22:18:24,58329.4,21716.5
2022-06-03 22:18:25,58013.5,22032.5
2022-06-03 22:18:26,57177.6,22868.2
2022-06-03 22:18:27,56931.8,23114.1
2022-06-03 22:18:28,56139.2,23906.7
2022-06-03 22:18:29,56520.6,23525.3
2022-06-03 22:18:30,57513.8,22532
2022-06-03 22:18:31,57667.3,22378.6
2022-06-03 22:18:32,57215.3,22830.7
2022-06-03 22:18:33,57616.5,22429.4
2022-06-03 22:18:34,57371.4,22674.5
2022-06-03 22:18:35,57096.9,22948.9
2022-06-03 22:18:36,57382.8,22663.2
2022-06-03 22:18:37,58503,21543
2022-06-03 22:18:38,58575.4,21470.5
2022-06-03 22:18:39,57660.2,22385.7
2022-06-03 22:18:40,57407.6,22638.4
2022-06-03 22:18:41,56371.3,23674.6
2022-06-03 22:18:42,56708.3,23337.7
2022-06-03 22:18:43,56887.8,23158.1
2022-06-03 22:18:44,56974.4,23071.4
2022-06-03 22:18:45,56998.9,23047.1
2022-06-03 22:18:46,57602.9,22443.1
2022-06-03 22:18:47,57602.5,22443.4
2022-06-03 22:18:48,57966.5,22079.4
2022-06-03 22:18:49,58052.4,21993.6
2022-06-03 22:18:50,58003.6,22042.3
2022-06-03 22:18:51,57707.9,22338.1
2022-06-03 22:18:52,58386.4,21659.4
2022-06-03 22:18:53,57730.7,22315.4
2022-06-03 22:18:54,56828.9,23217.2
2022-06-03 22:18:55,56886.2,23159.7
2022-06-03 22:18:56,57295.8,22750.1
2022-06-03 22:18:57,56593.8,23452.1
2022-06-03 22:18:58,56457.1,23588.8
2022-06-03 22:18:59,57254.5,22791.5
2022-06-03 22:19:00,57879.4,22166.6
2022-06-03 22:19:01,58129.2,21916.7
2022-06-03 22:19:02,58087,21958.9
2022-06-03 22:19:03,57683.3,22362.7
2022-06-03 22:19:04,57255,22790.9
2022-06-03 22:19:05,56728.5,23317.4
2022-06-03 22:19:06,57074,22971.9
2022-06-03 22:19:07,57618.1,22427.9
2022-06-03 22:19:08,58224.9,21821
2022-06-03 22:19:09,57912.3,22133.6
2022-06-03 22:19:10,57346.8,22699.1
2022-06-03 22:19:11,56829.5,23216.5
2022-06-03 22:19:12,57290.1,22755.8
2022-06-03 22:19:13,56991.2,23054.6
2022-06-03 22:19:14,57215,22830.9
2022-06-03 22:19:15,56911.4,23134.5
2022-06-03 22:19:16,57592.5,22453.4
2022-06-03 22:19:17,57715.9,22329.9
2022-06-03 22:19:18,57568.2,22477.7
2022-06-03 22:19:19,57605.9,22440
2022-06-03 22:19:20,57520.4,22525.6
2022-06-03 22:19:21,58279.3,21766.5
2022-06-03 22:19:22,58367.6,21678.3
2022-06-03 22:19:23,58116.7,21929.2
2022-06-03 22:19:24,57805.9,22240
2022-06-03 22:19:25,56784.8,23261.1
2022-06-03 22:19:26,56662.2,23383.6
2022-06-03 22:19:27,56065.8,23980.1
2022-06-03 22:19:28,56755.5,23290.4
2022-06-03 22:19:29,56897.1,23149
2022-06-03 22:19:30,57762.2,22283.7
2022-06-03 22:19:31,57843.6,22202.3
2022-06-03 22:19:32,58131.2,21914.7
2022-06-03 22:19:33,58493.3,21552.7
2022-06-03 22:19:34,57698.5,22347.4
2022-06-03 22:19:35,58135.8,21910
2022-06-03 22:19:36,57827.6,22218.3
2022-06-03 22:19:37,58244.9,21801
2022-06-03 22:19:38,57200.1,22845.8
2022-06-03 22:19:39,56534,23512
2022-06-03 22:19:40,56392,23653.9
2022-06-03 22:19:41,56244.4,23801.5
2022-06-03 22:19:42,55601.9,24444.2
2022-06-03 22:19:43,56908.4,23137.5
2022-06-03 22:19:44,58080.7,21965.2
2022-06-03 22:19:45,59112.7,20933.2
2022-06-03 22:19:46,58885.5,21160.4
2022-06-03 22:19:47,58935.6,21110.2
2022-06-03 22:19:48,58463.7,21582.2
2022-06-03 22:19:49,57666.4,22379.5
2022-06-03 22:19:50,57173.6,22872.4
2022-06-03 22:19:51,57573.5,22472.4
2022-06-03 22:19:52,57652.7,22393.2
2022-06-03 22:19:53,57157.8,22888.1
2022-06-03 22:19:54,56013,24033
2022-06-03 22:19:55,55988.1,24057.8
2022-06-03 22:19:56,56164.3,23881.8
2022-06-03 22:19:57,56189.2,23856.8
2022-06-03 22:19:58,58379,21666.9
2022-06-03 22:19:59,59048.9,20997.1
2022-06-03 22:20:00,58706.1,21339.8
2022-06-03 22:20:01,58069.9,21976.1
2022-06-03 22:20:02,58203.3,21842.6
2022-06-03 22:20:03,57913.6,22132.3
2022-06-03 22:20:04,57230.9,22815
2022-06-03 22:20:05,56894.1,23151.9
2022-06-03 22:20:06,57704.1,22341.8
2022-06-03 22:20:07,56990.5,23055.4
2022-06-03 22:20:08,56791.7,23254.2
2022-06-03 22:20:09,56429.6,23616.4
2022-06-03 22:20:10,56560.5,23485.3
2022-06-03 22:20:11,56954.4,23091.5
2022-06-03 22:20:12,58415.1,21630.9
2022-06-03 22:20:13,58623,21423
2022-06-03 22:20:14,58922.2,21123.6
2022-06-03 22:20:15,58304.7,21741.4
2022-06-03 22:20:16,57290.8,22754.9
2022-06-03 22:20:17,57627.1,22418.8
2022-06-03 22:20:18,57051.3,22994.6
2022-06-03 22:20:19,57192.3,22853.7
2022-06-03 22:20:20,56979.9,23066.1
2022-06-03 22:20:21,57495.7,22550.1
2022-06-03 22:20:22,56566.5,23479.3
2022-06-03 22:20:23,56320.2,23725.8
2022-06-03 22:20:24,57302,22743.8
2022-06-03 22:20:25,57367.6,22678.3
2022-06-03 22:20:26,57466.4,22579.7
2022-06-03 22:20:27,58131.8,21914.2
2022-06-03 22:20:28,58309.3,21736.7
2022-06-03 22:20:29,58460.5,21585.5
2022-06-03 22:20:30,58087.4,21958.6
2022-06-03 22:20:31,57219.3,22826.6
2022-06-03 22:20:32,56898.3,23147.6
2022-06-03 22:20:33,56474.7,23571.3
2022-06-03 22:20:34,56342.3,23703.7
2022-06-03 22:20:35,56435.7,23610.3
2022-06-03 22:20:36,57909.9,22136
2022-06-03 22:20:37,56964.4,23081.5
2022-06-03 22:20:38,58302.6,21743.5
2022-06-03 22:20:39,57674.4,22371.4
2022-06-03 22:20:40,57409.6,22636.3
2022-06-03 22:20:41,57160.7,22885.2
2022-06-03 22:20:42,57607.4,22438.6
2022-06-03 22:20:43,58253.2,21792.7
2022-06-03 22:20:44,57547.2,22498.8
2022-06-03 22:20:45,57393.1,22652.9
2022-06-03 22:20:46,56436.4,23609.5
2022-06-03 22:20:47,56743.6,23302.4
2022-06-03 22:20:48,57104,22941.9
2022-06-03 22:20:49,56991,23055
2022-06-03 22:20:50,57989.3,22056.5
2022-06-03 22:20:51,58683.2,21362.7
2022-06-03 22:20:52,57825.2,22220.7
2022-06-03 22:20:53,58006.5,22039.5
2022-06-03 22:20:54,57046.8,22999.1
2022-06-03 22:20:55,56916.3,23129.6
2022-06-03 22:20:56,56651,23395
2022-06-03 22:20:57,57994,22051.9
2022-06-03 22:20:58,57960.2,22085.8
2022-06-03 22:20:59,57179.1,22866.8
2022-06-03 22:21:00,56973,23072.8
2022-06-03 22:21:01,57131,22914.9
2022-06-03 22:21:02,57665.1,22380.9
2022-06-03 22:21:03,57931.3,22114.6
2022-06-03 22:21:04,58174.8,21871.2
2022-06-03 22:21:05,57666.5,22379.5
2022-06-03 22:21:06,57871.1,22174.7
2022-06-03 22:21:07,57543.2,22502.7
2022-06-03 22:21:08,56941.2,23104.7
2022-06-03 22:21:09,56577.4,23468.5
2022-06-03 22:21:10,56888.4,23157.5
2022-06-03 22:21:11,57469.3,22576.5
2022-06-03 22:21:12,57693.9,22352.1
2022-06-03 22:21:13,57682.7,22363.3
2022-06-03 22:21:14,57681.2,22364.7
2022-06-03 22:21:15,57508,22537.9
2022-06-03 22:21:16,57675.9,22370.1
2022-06-03 22:21:17,57065.5,22980.4
2022-06-03 22:21:18,57195,22850.9
2022-06-03 22:21:19,57296.1,22749.8
2022-06-03 22:21:20,58088.2,21957.8
2022-06-03 22:21:21,58420.9,21625
2022-06-03 22:21:22,57902.9,22143
2022-06-03 22:21:23,57397.8,22648.1
2022-06-03 22:21:24,57957.3,22088.6
2022-06-03 22:21:25,57408.6,22637.3
2022-06-03 22:21:26,57688.7,22357.2
2022-06-03 22:21:27,57600.8,22445.1
2022-06-03 22:21:28,57717.8,22328.1
2022-06-03 22:21:29,56454.4,23591.5
2022-06-03 22:21:30,56582.9,23463.1
2022-06-03 22:21:31,56747.9,23298.1
2022-06-03 22:21:32,56824.7,23221.1
2022-06-03 22:21:33,57056.2,22989.7
2022-06-03 22:21:34,57606.7,22439.3
2022-06-03 22:21:35,59084.7,20961.1
2022-06-03 22:21:36,58916.3,21129.6
2022-06-03 22:21:37,58530.3,21515.7
2022-06-03 22:21:38,57515.2,22530.7
2022-06-03 22:21:39,57121.1,22924.9
2022-06-03 22:21:40,56982.7,23063.2
2022-06-03 22:21:41,56263.1,23782.9
2022-06-03 22:21:42,57131.6,22914.3
2022-06-03 22:21:43,56759.3,23286.6
2022-06-03 22:21:44,56845.2,23200.8
2022-06-03 22:21:45,57181.8,22864.1
2022-06-03 22:21:46,57338.9,22706.9
2022-06-03 22:21:47,57588.8,22457
2022-06-03 22:21:48,57929,22116.9
2022-06-03 22:21:49,58291.9,21754.1
2022-06-03 22:21:50,58115,21931
2022-06-03 22:21:51,58030.8,22015.1
2022-06-03 22:21:52,57624.8,22421.2
2022-06-03 22:21:53,57595.7,22450.2
2022-06-03 22:21:54,57216.6,22829.4
2022-06-03 22:21:55,56367.6,23678.5
2022-06-03 22:21:56,56733.9,23312
2022-06-03 22:21:57,57369.6,22676.3
2022-06-03 22:21:58,57473.2,22572.8
2022-06-03 22:21:59,57536.9,22509
2022-06-03 22:22:00,57194.2,22851.7
2022-06-03 22:22:01,56863.4,23182.5
2022-06-03 22:22:02,57152.9,22892.9
2022-06-03 22:22:03,57411.4,22634.5
2022-06-03 22:22:04,58417.7,21628.3
2022-06-03 22:22:05,58776.4,21269.6
2022-06-03 22:22:06,58416,21629.9
2022-06-03 22:22:07,58183.8,21862.2
2022-06-03 22:22:08,57558.5,22487.4
2022-06-03 22:22:09,57092.8,22953.1
2022-06-03 22:22:10,57281.4,22764.5
2022-06-03 22:22:11,57065.5,22980.4
2022-06-03 22:22:12,56658.4,23387.4
2022-06-03 22:22:13,56371.4,23674.5
2022-06-03 22:22:14,56962.4,23083.6
2022-06-03 22:22:15,56490.2,23555.6
2022-06-03 22:22:16,56900.7,23145.3
2022-06-03 22:22:17,58576,21469.9
2022-06-03 22:22:18,59060.3,20985.7
2022-06-03 22:22:19,58936.2,21109.8
2022-06-03 22:22:20,59069.8,20976.1
2022-06-03 22:22:21,58397.4,21648.5
2022-06-03 22:22:22,58076.8,21969
2022-06-03 22:22:23,56958.6,23087.3
2022-06-03 22:22:24,56463.5,23582.4
2022-06-03 22:22:25,56487.3,23558.6
2022-06-03 22:22:26,56084.8,23961.1
2022-06-03 22:22:27,55512.5,24533.3
2022-06-03 22:22:28,55857.1,24188.8
2022-06-03 22:22:29,57508.2,22537.7
2022-06-03 22:22:30,58732.8,21313.2
2022-06-03 22:22:31,58943.6,21102.2
2022-06-03 22:22:32,59046.6,20999.2
2022-06-03 22:22:33,58814.5,21231.5
2022-06-03 22:22:34,58736.6,21309.5
2022-06-03 22:22:35,57743.3,22302.7
2022-06-03 22:22:36,57757.6,22288.3
2022-06-03 22:22:37,57484,22562
2022-06-03 22:22:38,56809.5,23236.4
2022-06-03 22:22:39,55865.6,24180.3
2022-06-03 22:22:40,55390.8,24655.1
2022-06-03 22:22:41,55610.2,24435.6
2022-06-03 22:22:42,56773,23272.8
2022-06-03 22:22:43,58087.4,21958.6
2022-06-03 22:22:44,58591.5,21454.3
2022-06-03 22:22:45,59081.7,20964.2
2022-06-03 22:22:46,58380.2,21665.8
2022-06-03 22:22:47,57996.2,22049.8
2022-06-03 22:22:48,58444.8,21601.1
2022-06-03 22:22:49,58269.7,21776.3
2022-06-03 22:22:50,56768.2,23277.7
2022-06-03 22:22:51,56294.7,23751.3
2022-06-03 22:22:52,55639.8,24406.1
2022-06-03 22:22:53,56187.4,23858.5
2022-06-03 22:22:54,56541.5,23504.5
2022-06-03 22:22:55,57799.4,22246.6
2022-06-03 22:22:56,57510.4,22535.5
2022-06-03 22:22:57,57678.4,22367.5
2022-06-03 22:22:58,58071.2,21974.8
2022-06-03 22:22:59,57730.4,22315.6
2022-06-03 22:23:00,59223.2,20822.7
2022-06-03 22:23:01,58359.6,21686.4
2022-06-03 22:23:02,57455.8,22590.1
2022-06-03 22:23:03,56848.9,23197.1
2022-06-03 22:23:04,56978.1,23067.9
2022-06-03 22:23:05,57377.6,22668.4
2022-06-03 22:23:06,56720.1,23325.8
2022-06-03 22:23:07,56886,23159.9
2022-06-03 22:23:08,57261.6,22784.3
2022-06-03 22:23:09,56933.5,23112.4
2022-06-03 22:23:10,57759.7,22286.2
2022-06-03 22:23:11,57669.6,22376.4
2022-06-03 22:23:12,57578.2,22467.7
2022-06-03 22:23:13,57582.6,22463.4
2022-06-03 22:23:14,57914.8,22131.2
2022-06-03 22:23:15,57647.5,22398.4
2022-06-03 22:23:16,57474,22572
2022-06-03 22:23:17,57520.2,22525.6
2022-06-03 22:23:18,57566.4,22479.5
2022-06-03 22:23:19,57378.5,22667.5
2022-06-03 22:23:20,56950.9,23095
2022-06-03 22:23:21,57206.7,22839.2
2022-06-03 22:23:22,57256.4,22789.5
2022-06-03 22:23:23,56518.3,23527.7
2022-06-03 22:23:24,57222.3,22823.6
2022-06-03 22:23:25,57035.6,23010.3
2022-06-03 22:23:26,57649.1,22396.8
2022-06-03 22:23:27,58046.6,21999.2
2022-06-03 22:23:28,58267.7,21778.3
2022-06-03 22:23:29,57493.1,22552.8
2022-06-03 22:23:30,57289.5,22756.5
2022-06-03 22:23:31,57397.2,22648.8
2022-06-03 22:23:32,57206.6,22839.4
2022-06-03 22:23:33,58424.5,21621.4
2022-06-03 22:23:34,58413,21632.9
2022-06-03 22:23:35,57903.9,22142
2022-06-03 22:23:36,56717.5,23328.4
2022-06-03 22:23:37,56709.2,23336.8
2022-06-03 22:23:38,57177.3,22868.7
2022-06-03 22:23:39,57521.4,22524.5
2022-06-03 22:23:40,57766.3,22279.6
2022-06-03 22:23:41,58440.9,21605.1
2022-06-03 22:23:42,57347.5,22698.4
2022-06-03 22:23:43,57244.8,22801.1
2022-06-03 22:23:44,56854.5,23191.5
2022-06-03 22:23:45,57805.9,22240
2022-06-03 22:23:46,58380.1,21665.8
2022-06-03 22:23:47,58131,21914.9
2022-06-03 22:23:48,58242.7,21803.3
2022-06-03 22:23:49,57549.2,22496.7
2022-06-03 22:23:50,56978.7,23067.3
2022-06-03 22:23:51,56598.9,23447
2022-06-03 22:23:52,56176.9,23869
2022-06-03 22:23:53,56325.9,23720
2022-06-03 22:23:54,57201.8,22844
2022-06-03 22:23:55,58796.5,21249.5
2022-06-03 22:23:56,57591.5,22454.3
2022-06-03 22:23:57,56764,23282
2022-06-03 22:23:58,57421,22624.8
2022-06-03 22:23:59,57250.6,22795.5
2022-06-03 22:24:00,58631.9,21414.1
2022-06-03 22:24:01,57852.5,22193.5
2022-06-03 22:24:02,57954.6,22091.3
2022-06-03 22:24:03,57883,22163
2022-06-03 22:24:04,57200.8,22845.1
2022-06-03 22:24:05,56478.1,23567.9
2022-06-03 22:24:06,56751.5,23294.4
2022-06-03 22:24:07,56275.3,23770.6
2022-06-03 22:24:08,56487.3,23558.7
2022-06-03 22:24:09,57652.3,22393.6
2022-06-03 22:24:10,57751.2,22294.7
2022-06-03 22:24:11,58420.6,21625.3
2022-06-03 22:24:12,58254.8,21791.1
2022-06-03 22:24:13,57496.8,22549.3
2022-06-03 22:24:14,57951.4,22094.5
2022-06-03 22:24:15,57664.9,22381
2022-06-03 22:24:16,57535.6,22510.3
2022-06-03 22:24:17,57390.8,22655
2022-06-03 22:24:18,57853.2,22192.7
2022-06-03 22:24:19,57067.4,22978.5
2022-06-03 22:24:20,56565.2,23480.6
2022-06-03 22:24:21,56072.8,23973.1
2022-06-03 22:24:22,55871.5,24174.5
2022-06-03 22:24:23,57036.8,23009.2
2022-06-03 22:24:24,57915.6,22130.3
2022-06-03 22:24:25,58847,21199.1
2022-06-03 22:24:26,58217.3,21828.6
2022-06-03 22:24:27,57291.7,22754.2
2022-06-03 22:24:28,56897.7,23148.1
2022-06-03 22:24:29,57923.4,22122.5
2022-06-03 22:24:30,58191.9,21854.1
2022-06-03 22:24:31,58368.6,21677.3
2022-06-03 22:24:32,57703.8,22342.1
2022-06-03 22:24:33,57486.9,22559
2022-06-03 22:24:34,56710.8,23335.1
2022-06-03 22:24:35,56570.3,23475.7
2022-06-03 22:24:36,57281.8,22764.1
2022-06-03 22:24:37,57691.7,22354.3
2022-06-03 22:24:38,57125.2,22920.8
2022-06-03 22:24:39,57616,22429.8
2022-06-03 22:24:40,57880.4,22165.5
2022-06-03 22:24:41,57991.5,22054.5
2022-06-03 22:24:42,57952,22093.9
2022-06-03 22:24:43,57338.5,22707.5
2022-06-03 22:24:44,58000.7,22045.3
2022-06-03 22:24:45,57270.6,22775.5
2022-06-03 22:24:46,57201.5,22844.4
2022-06-03 22:24:47,56453.6,23592.5
2022-06-03 22:24:48,56615.3,23430.6
2022-06-03 22:24:49,57027.3,23018.7
2022-06-03 22:24:50,57455.6,22590.4
2022-06-03 22:24:51,57377.9,22667.9
2022-06-03 22:24:52,57417.1,22628.8
2022-06-03 22:24:53,57874.6,22171.4
2022-06-03 22:24:54,58189.6,21856.2
2022-06-03 22:24:55,58561.9,21484.2
2022-06-03 22:24:56,57714.5,22331.4
2022-06-03 22:24:57,57070.1,22975.8
2022-06-03 22:24:58,56697.7,23348.2
2022-06-03 22:24:59,56752.1,23293.9
2022-06-03 22:25:00,56849.5,23196.3
2022-06-03 22:25:01,56299.2,23746.7
2022-06-03 22:25:02,57615,22430.9
2022-06-03 22:25:03,58192.3,21853.8
2022-06-03 22:25:04,57760.5,22285.4
2022-06-03 22:25:05,58254.4,21791.6
2022-06-03 22:25:06,57906,22139.9
2022-06-03 22:25:07,57959.6,22086.2
2022-06-03 22:25:08,57723.6,22322.4
2022-06-03 22:25:09,57780,22266
2022-06-03 22:25:10,57342.7,22703.3
2022-06-03 22:25:11,56676,23369.9
2022-06-03 22:25:12,57456.8,22589.3
2022-06-03 22:25:13,57031.5,23014.3
2022-06-03 22:25:14,57522.7,22523.2
2022-06-03 22:25:15,58259.2,21786.7
2022-06-03 22:25:16,58522.5,21523.4
2022-06-03 22:25:17,58500.3,21545.7
2022-06-03 22:25:18,57826.2,22219.8
2022-06-03 22:25:19,57526.4,22519.5
2022-06-03 22:25:20,56703.8,23342.1
2022-06-03 22:25:21,56526.7,23519.3
2022-06-03 22:25:22,56291.7,23754.1
2022-06-03 22:25:23,57923.8,22122
2022-06-03 22:25:24,57657.7,22388.2
2022-06-03 22:25:25,57315,22731
2022-06-03 22:25:26,56519.6,23526.4
2022-06-03 22:25:27,57193.2,22852.9
2022-06-03 22:25:28,58833.3,21212.5
2022-06-03 22:25:29,58793.3,21252.6
2022-06-03 22:25:30,58707.8,21338.2
2022-06-03 22:25:31,57739.2,22306.9
2022-06-03 22:25:32,57126.6,22919.4
2022-06-03 22:25:33,56304.8,23741.2
2022-06-03 22:25:34,55445.4,24600.5
2022-06-03 22:25:35,57005.3,23040.6
2022-06-03 22:25:36,57719.4,22326.5
2022-06-03 22:25:37,58373.3,21672.7
2022-06-03 22:25:38,58039.6,22006.4
2022-06-03 22:25:39,57313.4,22732.5
2022-06-03 22:25:40,57642.2,22403.8
2022-06-03 22:25:41,58184.8,21861.1
2022-06-03 22:25:42,57791.6,22254.3
2022-06-03 22:25:43,56919.9,23126
2022-06-03 22:25:44,56591.2,23454.8
2022-06-03 22:25:45,57065.5,22980.5
2022-06-03 22:25:46,57484.7,22561.3
2022-06-03 22:25:47,57902.7,22143.2
2022-06-03 22:25:48,57694.6,22351.4
2022-06-03 22:25:49,57380.5,22665.5
2022-06-03 22:25:50,57155.4,22890.5
2022-06-03 22:25:51,57665,22380.9
2022-06-03 22:25:52,57927.6,22118.4
2022-06-03 22:25:53,58287.4,21758.5
2022-06-03 22:25:54,57786.8,22259.2
2022-06-03 22:25:55,57341.3,22704.6
2022-06-03 22:25:56,56448.5,23597.4
2022-06-03 22:25:57,56460.9,23585
2022-06-03 22:25:58,56859.9,23186
2022-06-03 22:25:59,58139.2,21906.7
2022-06-03 22:26:00,59047.1,20998.9
2022-06-03 22:26:01,57869.3,22176.6
2022-06-03 22:26:02,56890.8,23155.2
2022-06-03 22:26:03,56178.9,23867.1
2022-06-03 22:26:04,56711.1,23334.9
2022-06-03 22:26:05,56339.9,23706
2022-06-03 22:26:06,58370.1,21675.8
2022-06-03 22:26:07,58493.3,21552.5
2022-06-03 22:26:08,58168.5,21877.5
2022-06-03 22:26:09,58245.3,21800.6
2022-06-03 22:26:10,57230.8,22815.1
2022-06-03 22:26:11,58141.8,21904.1
2022-06-03 22:26:12,57373.4,22672.5
2022-06-03 22:26:13,56527.1,23518.7
2022-06-03 22:26:14,57061.1,22984.9
2022-06-03 22:26:15,56832.5,23213.4
2022-06-03 22:26:16,56189.2,23856.8
2022-06-03 22:26:17,55907.6,24138.2
2022-06-03 22:26:18,56551.7,23494.3
2022-06-03 22:26:19,57138.3,22907.8
2022-06-03 22:26:20,57769.4,22276.5
2022-06-03 22:26:21,58910.9,21135.1
2022-06-03 22:26:22,59641.2,20404.6
2022-06-03 22:26:23,58797.9,21248
2022-06-03 22:26:24,57809,22236.9
2022-06-03 22:26:25,57370,22676
2022-06-03 22:26:26,56170.8,23875.1
2022-06-03 22:26:27,55429.4,24616.5
2022-06-03 22:26:28,55454.3,24591.6
2022-06-03 22:26:29,56180.4,23865.6
2022-06-03 22:26:30,56294.2,23751.7
2022-06-03 22:26:31,56517.7,23528.2
2022-06-03 22:26:32,57618.9,22427.1
2022-06-03 22:26:33,57954,22092
2022-06-03 22:26:34,59375.6,20670.4
2022-06-03 22:26:35,58318.3,21727.5
2022-06-03 22:26:36,58535.2,21510.8
2022-06-03 22:26:37,57971.1,22074.9
2022-06-03 22:26:38,57812.8,22233.2
2022-06-03 22:26:39,57311.7,22734.1
2022-06-03 22:26:40,56695.1,23350.9
2022-06-03 22:26:41,56297.7,23748.2
2022-06-03 22:26:42,56261.7,23784.2
2022-06-03 22:26:43,56097,23949
2022-06-03 22:26:44,56445.1,23600.8
2022-06-03 22:26:45,58715.8,21330.2
2022-06-03 22:26:46,58896.4,21149.5
2022-06-03 22:26:47,58821,21225
2022-06-03 22:26:48,58039.6,22006.3
2022-06-03 22:26:49,57994.5,22051.4
2022-06-03 22:26:50,57887.1,22158.8
2022-06-03 22:26:51,57947.7,22098.2
2022-06-03 22:26:52,57756.4,22289.6
2022-06-03 22:26:53,56901.1,23144.8
2022-06-03 22:26:54,56678.6,23367.3
2022-06-03 22:26:55,55446.7,24599.3
2022-06-03 22:26:56,56299.4,23746.5
2022-06-03 22:26:57,56898.2,23147.8
2022-06-03 22:26:58,57633.7,22412.4
2022-06-03 22:26:59,57079.5,22966.4
2022-06-03 22:27:00,58250.4,21795.5
2022-06-03 22:27:01,58439.3,21606.5
2022-06-03 22:27:02,57696.1,22349.7
2022-06-03 22:27:03,57525.5,22520.3
2022-06-03 22:27:04,57283,22763
2022-06-03 22:27:05,57040.8,23005.2
2022-06-03 22:27:06,57213.9,22832
2022-06-03 22:27:07,58281.2,21764.8
2022-06-03 22:27:08,57685.3,22360.7
2022-06-03 22:27:09,58154.6,21891.3
2022-06-03 22:27:10,57175.7,22870.2
2022-06-03 22:27:11,56809.2,23236.7
2022-06-03 22:27:12,56027.5,24018.5
2022-06-03 22:27:13,56598.1,23447.8
2022-06-03 22:27:14,56666.7,23379.2
2022-06-03 22:27:15,57627.3,22418.6
2022-06-03 22:27:16,58169.4,21876.5
2022-06-03 22:27:17,57679.5,22366.3
2022-06-03 22:27:18,57508.9,22537
2022-06-03 22:27:19,58453.1,21592.9
2022-06-03 22:27:20,59315.3,20730.5
2022-06-03 22:27:21,58698.2,21347.7
2022-06-03 22:27:22,58722.3,21323.6
2022-06-03 22:27:23,57911.8,22134.1
2022-06-03 22:27:24,56752.1,23293.9
2022-06-03 22:27:25,56142.8,23903.1
2022-06-03 22:27:26,55683.9,24362
2022-06-03 22:27:27,55023.8,25022.2
2022-06-03 22:27:28,55749.4,24296.5
2022-06-03 22:27:29,56741.1,23304.8
2022-06-03 22:27:30,57874.6,22171.4
2022-06-03 22:27:31,58395.5,21650.5
2022-06-03 22:27:32,58893,21152.9
2022-06-03 22:27:33,59574.7,20471.2
2022-06-03 22:27:34,59597.5,20448.5
2022-06-03 22:27:35,58799,21246.9
2022-06-03 22:27:36,58182,21864
2022-06-03 22:27:37,57440.1,22605.8
2022-06-03 22:27:38,56941.6,23104.4
2022-06-03 22:27:39,55696.8,24349
2022-06-03 22:27:40,55302,24744
2022-06-03 22:27:41,54788,25257.9
2022-06-03 22:27:42,54789.2,25256.8
2022-06-03 22:27:43,56822.9,23222.9
2022-06-03 22:27:44,58922,21123.9
2022-06-03 22:27:45,60071.8,19974.1
2022-06-03 22:27:46,59193,20853
2022-06-03 22:27:47,59269.6,20776.4
2022-06-03 22:27:48,58894.6,21151.3
2022-06-03 22:27:49,58509.7,21536.3
2022-06-03 22:27:50,58038.7,22007.3
2022-06-03 22:27:51,57572.1,22473.8
2022-06-03 22:27:52,56505.7,23540.3
2022-06-03 22:27:53,55629.1,24416.9
2022-06-03 22:27:54,55210,24836.1
2022-06-03 22:27:55,55385.1,24661
2022-06-03 22:27:56,55401.3,24644.7
2022-06-03 22:27:57,56830.3,23215.5
2022-06-03 22:27:58,58198.8,21847.1
2022-06-03 22:27:59,58274,21771.9
2022-06-03 22:28:00,58454.5,21591.5
2022-06-03 22:28:01,58409.9,21635.9
2022-06-03 22:28:02,58840.8,21205.1
2022-06-03 22:28:03,57934.8,22111.2
2022-06-03 22:28:04,57883,22162.9
2022-06-03 22:28:05,57908.5,22137.4
2022-06-03 22:28:06,57543.6,22502.4
2022-06-03 22:28:07,56670.2,23375.8
2022-06-03 22:28:08,56055.9,23990.1
2022-06-03 22:28:09,56088.8,23957.1
2022-06-03 22:28:10,56942,23104
2022-06-03 22:28:11,56687.2,23358.7
2022-06-03 22:28:12,56939.2,23106.8
2022-06-03 22:28:13,57339.1,22706.9
2022-06-03 22:28:14,58292.4,21753.5
2022-06-03 22:28:15,58194.6,21851.4
2022-06-03 22:28:16,58930.8,21115.1
2022-06-03 22:28:17,58679.5,21366.5
2022-06-03 22:28:18,57720.6,22325.4
2022-06-03 22:28:19,57859,22186.9
2022-06-03 22:28:20,56805.5,23240.5
2022-06-03 22:28:21,57313.8,22732.1
2022-06-03 22:28:22,56798.1,23247.9
2022-06-03 22:28:23,56656.2,23389.6
2022-06-03 22:28:24,56889.3,23156.8
2022-06-03 22:28:25,56549.2,23496.8
2022-06-03 22:28:26,57233.8,22812.2
2022-06-03 22:28:27,57298.4,22747.5
2022-06-03 22:28:28,58137.5,21908.4
2022-06-03 22:28:29,58379.2,21666.7
2022-06-03 22:28:30,58037.8,22008.2
2022-06-03 22:28:31,57835.6,22210.4
2022-06-03 22:28:32,57622.7,22423.2
2022-06-03 22:28:33,57982.9,22063.1
2022-06-03 22:28:34,58046.3,21999.5
2022-06-03 22:28:35,57626.6,22419.3
2022-06-03 22:28:36,57372.2,22673.7
2022-06-03 22:28:37,56414.3,23631.6
2022-06-03 22:28:38,55920.6,24125.2
2022-06-03 22:28:39,56741.8,23304.1
2022-06-03 22:28:40,57502.5,22543.6
2022-06-03 22:28:41,57115.4,22930.6
2022-06-03 22:28:42,56960.7,23085.2
2022-06-03 22:28:43,56256,23789.8
2022-06-03 22:28:44,57429.7,22616.2
2022-06-03 22:28:45,57748,22298
2022-06-03 22:28:46,58914.1,21131.8
2022-06-03 22:28:47,58958.5,21087.5
2022-06-03 22:28:48,58661,21384.9
2022-06-03 22:28:49,57796.6,22249.4
2022-06-03 22:28:50,56851,23195
2022-06-03 22:28:51,57244.3,22801.6
2022-06-03 22:28:52,57621.7,22424.2
2022-06-03 22:28:53,56491,23555
2022-06-03 22:28:54,56449.7,23596.2
2022-06-03 22:28:55,56336.6,23709.3
2022-06-03 22:28:56,55692.8,24353.2
2022-06-03 22:28:57,57026.9,23019.1
2022-06-03 22:28:58,57068.8,22977.1
2022-06-03 22:28:59,58203.9,21842
2022-06-03 22:29:00,58790.7,21255.3
2022-06-03 22:29:01,58700.6,21345.3
2022-06-03 22:29:02,58318,21727.9
2022-06-03 22:29:03,57920,22125.9
2022-06-03 22:29:04,58329.7,21716.1
2022-06-03 22:29:05,57526.2,22519.7
2022-06-03 22:29:06,57010.2,23035.6
2022-06-03 22:29:07,56277.2,23768.6
2022-06-03 22:29:08,56252.2,23793.8
2022-06-03 22:29:09,55561.8,24484.2
2022-06-03 22:29:10,56802.3,23243.8
2022-06-03 22:29:11,57181,22865
2022-06-03 22:29:12,57309.6,22736.4
2022-06-03 22:29:13,58516.8,21529.1
2022-06-03 22:29:14,58078.9,21967.1
2022-06-03 22:29:15,59064.4,20981.5
2022-06-03 22:29:16,58868,21177.9
2022-06-03 22:29:17,58741.9,21304.1
2022-06-03 22:29:18,58027.7,22018.2
2022-06-03 22:29:19,57531.6,22514.5
2022-06-03 22:29:20,57220.1,22825.9
2022-06-03 22:29:21,56403.9,23642
2022-06-03 22:29:22,55615.8,24430.2
2022-06-03 22:29:23,56766.8,23279.1
2022-06-03 22:29:24,57511.3,22534.7
2022-06-03 22:29:25,57655.8,22390.1
2022-06-03 22:29:26,57462.5,22583.5
2022-06-03 22:29:27,57758.4,22287.5
2022-06-03 22:29:28,58425.2,21620.8
2022-06-03 22:29:29,58319.5,21726.5
2022-06-03 22:29:30,57830.7,22215.1
2022-06-03 22:29:31,58537.3,21508.6
2022-06-03 22:29:32,57789.8,22256.2
2022-06-03 22:29:33,56845.5,23200.5
2022-06-03 22:29:34,56970.9,23075
2022-06-03 22:29:35,56537.1,23508.8
2022-06-03 22:29:36,57003.5,23042.5
2022-06-03 22:29:37,57988,22058
2022-06-03 22:29:38,57854.4,22191.6
2022-06-03 22:29:39,56813.7,23232.2
2022-06-03 22:29:40,56717.1,23328.9
2022-06-03 22:29:41,56801.6,23244.4
2022-06-03 22:29:42,57678.5,22367.4
2022-06-03 22:29:43,57845.1,22200.9
2022-06-03 22:29:44,57897.5,22148.4
2022-06-03 22:29:45,57911.6,22134.3
2022-06-03 22:29:46,57773.5,22272.6
2022-06-03 22:29:47,57307.9,22738
2022-06-03 22:29:48,57509.2,22536.7
2022-06-03 22:29:49,57865.9,22180
2022-06-03 22:29:50,57643.4,22402.6
2022-06-03 22:29:51,57802.8,22243.3
2022-06-03 22:29:52,57001.9,23044.1
2022-06-03 22:29:53,56859.2,23186.7
2022-06-03 22:29:54,56544.6,23501.3
2022-06-03 22:29:55,56147.1,23898.8
2022-06-03 22:29:56,56485.3,23560.7
2022-06-03 22:29:57,57432.5,22613.4
2022-06-03 22:29:58,57727.6,22318.4
2022-06-03 22:29:59,57940,22105.8
2022-06-03 22:30:00,58547.8,21498.2
2022-06-03 22:30:01,58495.6,21550.3
2022-06-03 22:30:02,58669.5,21376.5
2022-06-03 22:30:03,58448,21597.9
2022-06-03 22:30:04,58306.4,21739.5
2022-06-03 22:30:05,58198.3,21847.6
2022-06-03 22:30:06,57565.4,22480.5
2022-06-03 22:30:07,56549.1,23496.8
2022-06-03 22:30:08,55467.4,24578.6
2022-06-03 22:30:09,55570.1,24475.7
2022-06-03 22:30:10,55701.9,24344
2022-06-03 22:30:11,56518.6,23527.3
2022-06-03 22:30:12,56863.4,23182.5
2022-06-03 22:30:13,59092.1,20953.9
2022-06-03 22:30:14,59920.6,20125.3
2022-06-03 22:30:15,59639.8,20406.1
2022-06-03 22:30:16,58948.1,21097.8
2022-06-03 22:30:17,57980.3,22065.6
2022-06-03 22:30:18,57560.3,22485.6
2022-06-03 22:30:19,57467,22578.9
2022-06-03 22:30:20,57456,22590
2022-06-03 22:30:21,56931.9,23114
2022-06-03 22:30:22,56171.7,23874.2
2022-06-03 22:30:23,56587.6,23458.4
2022-06-03 22:30:24,55986.9,24059.1
2022-06-03 22:30:25,56427.3,23618.5
2022-06-03 22:30:26,57015,23031
2022-06-03 22:30:27,58633.4,21412.5
2022-06-03 22:30:28,59410.5,20635.4
2022-06-03 22:30:29,58936.8,21109.1
2022-06-03 22:30:30,58509.8,21536
2022-06-03 22:30:31,57819.5,22226.5
2022-06-03 22:30:32,57120.8,22925
2022-06-03 22:30:33,56891.5,23154.4
2022-06-03 22:30:34,56694.7,23351.3
2022-06-03 22:30:35,57083.6,22962.3
2022-06-03 22:30:36,57865.9,22180.1
2022-06-03 22:30:37,57979,22067
2022-06-03 22:30:38,57479.9,22566.2
2022-06-03 22:30:39,57521,22525
2022-06-03 22:30:40,57126,22920
2022-06-03 22:30:41,57165.2,22880.7
2022-06-03 22:30:42,57462.6,22583.3
2022-06-03 22:30:43,58282,21763.9
2022-06-03 22:30:44,58157.4,21888.6
2022-06-03 22:30:45,56945.7,23100.2
2022-06-03 22:30:46,57078.1,22967.8
2022-06-03 22:30:47,57045,23000.9
2022-06-03 22:30:48,57629.9,22416.2
2022-06-03 22:30:49,58203.9,21842.2
2022-06-03 22:30:50,58498.6,21547.3
2022-06-03 22:30:51,58392.3,21653.7
2022-06-03 22:30:52,58234.3,21811.6
2022-06-03 22:30:53,56983.1,23062.9
2022-06-03 22:30:54,56826.6,23219.3
2022-06-03 22:30:55,56057.6,23988.2
2022-06-03 22:30:56,55415.2,24630.8
2022-06-03 22:30:57,56409.6,23636.3
2022-06-03 22:30:58,57817.2,22228.7
2022-06-03 22:30:59,57536.9,22509
2022-06-03 22:31:00,57400.3,22645.6
2022-06-03 22:31:01,57605.1,22440.8
2022-06-03 22:31:02,58876.6,21169.4
2022-06-03 22:31:03,59350.9,20695
2022-06-03 22:31:04,58393.1,21652.8
2022-06-03 22:31:05,57492.6,22553.3
2022-06-03 22:31:06,56987.5,23058.4
2022-06-03 22:31:07,56089.2,23956.7
2022-06-03 22:31:08,55701.5,24344.4
2022-06-03 22:31:09,56351.5,23694.4
2022-06-03 22:31:10,56802.7,23243.2
2022-06-03 22:31:11,56626.3,23419.7
2022-06-03 22:31:12,57689,22356.9
2022-06-03 22:31:13,58051.2,21994.7
2022-06-03 22:31:14,57985.1,22060.9
2022-06-03 22:31:15,59004.7,21041.3
2022-06-03 22:31:16,59346.4,20699.5
2022-06-03 22:31:17,58612.8,21433.2
2022-06-03 22:31:18,57705.2,22340.8
2022-06-03 22:31:19,57207.1,22838.9
2022-06-03 22:31:20,56864,23181.8
2022-06-03 22:31:21,57086.1,22959.8
2022-06-03 22:31:22,56184,23861.9
2022-06-03 22:31:23,55804.2,24241.7
2022-06-03 22:31:24,56261.7,23784.2
2022-06-03 22:31:25,55658,24388
2022-06-03 22:31:26,56440.1,23605.7
2022-06-03 22:31:27,58628.9,21417.1
2022-06-03 22:31:28,59383.1,20662.8
2022-06-03 22:31:29,58966,21079.9
2022-06-03 22:31:30,58663.8,21382.2
2022-06-03 22:31:31,58703.6,21342.3
2022-06-03 22:31:32,58882.3,21163.6
2022-06-03 22:31:33,58117.1,21928.8
2022-06-03 22:31:34,57161.3,22884.7
2022-06-03 22:31:35,56065.8,23980.1
2022-06-03 22:31:36,55904.1,24141.8
2022-06-03 22:31:37,55345.6,24700.2
2022-06-03 22:31:38,55321.4,24724.4
2022-06-03 22:31:39,55755.8,24290.2
2022-06-03 22:31:40,56781.7,23264.3
2022-06-03 22:31:41,57727.4,22318.5
2022-06-03 22:31:42,57564.6,22481.4
2022-06-03 22:31:43,58403.3,21642.6
2022-06-03 22:31:44,59790.2,20255.7
2022-06-03 22:31:45,59314.6,20731.3
2022-06-03 22:31:46,58482.1,21563.8
2022-06-03 22:31:47,57945.9,22100
2022-06-03 22:31:48,56886.6,23159.3
2022-06-03 22:31:49,56017.3,24028.7
2022-06-03 22:31:50,55297.4,24748.6
2022-06-03 22:31:51,55282.9,24763
2022-06-03 22:31:52,55932,24113.9
2022-06-03 22:31:53,56488.6,23557.4
2022-06-03 22:31:54,57784.3,22261.5
2022-06-03 22:31:55,58690.8,21355.2
2022-06-03 22:31:56,58824.9,21221
2022-06-03 22:31:57,58678.9,21367
2022-06-03 22:31:58,58902.2,21143.7
2022-06-03 22:31:59,58326.3,21719.6
2022-06-03 22:32:00,58395.5,21650.3
2022-06-03 22:32:01,57493.5,22552.5
2022-06-03 22:32:02,56680.5,23365.5
2022-06-03 22:32:03,56214.5,23831.5
2022-06-03 22:32:04,56380.4,23665.5
2022-06-03 22:32:05,56824.9,23221.1
2022-06-03 22:32:06,57376.4,22669.5
2022-06-03 22:32:07,56994.3,23051.6
2022-06-03 22:32:08,57871,22174.9
2022-06-03 22:32:09,58052.8,21993.1
2022-06-03 22:32:10,58408.4,21637.4
2022-06-03 22:32:11,57248.7,22797.2
2022-06-03 22:32:12,57520.5,22525.4
2022-06-03 22:32:13,58432.4,21613.5
2022-06-03 22:32:14,57983,22062.9
2022-06-03 22:32:15,58159.3,21886.6
2022-06-03 22:32:16,57612.9,22433
2022-06-03 22:32:17,58224,21821.9
2022-06-03 22:32:18,57814.2,22231.8
2022-06-03 22:32:19,56838.4,23207.5
2022-06-03 22:32:20,56411.8,23634.2
2022-06-03 22:32:21,56094.7,23951.2
2022-06-03 22:32:22,56484.8,23561.3
2022-06-03 22:32:23,56147.7,23898.3
2022-06-03 22:32:24,56310.5,23735.4
2022-06-03 22:32:25,56672.9,23373
2022-06-03 22:32:26,56897.9,23148
2022-06-03 22:32:27,58238.5,21807.4
2022-06-03 22:32:28,59526,20519.8
2022-06-03 22:32:29,60106.2,19939.7
2022-06-03 22:32:30,58902.5,21143.4
2022-06-03 22:32:31,57940.3,22105.6
2022-06-03 22:32:32,57544,22501.9
2022-06-03 22:32:33,56475.3,23570.5
2022-06-03 22:32:34,55681.7,24364.1
2022-06-03 22:32:35,55716.5,24329.4
2022-06-03 22:32:36,55069.6,24976.3
2022-06-03 22:32:37,55215.1,24830.9
2022-06-03 22:32:38,55398.4,24647.5
2022-06-03 22:32:39,56478.5,23567.4
2022-06-03 22:32:40,58860.1,21185.8
2022-06-03 22:32:41,60091.5,19954.5
2022-06-03 22:32:42,59621,20424.8
2022-06-03 22:32:43,59143.8,20902.1
2022-06-03 22:32:44,58709.3,21336.6
2022-06-03 22:32:45,57953.5,22092.3
2022-06-03 22:32:46,56946,23100
2022-06-03 22:32:47,55863.2,24182.7
2022-06-03 22:32:48,55346.1,24699.9
2022-06-03 22:32:49,55232.2,24813.7
2022-06-03 22:32:50,55289.3,24756.7
2022-06-03 22:32:51,56720.2,23325.7
2022-06-03 22:32:52,58491.8,21554.1
2022-06-03 22:32:53,58929.7,21116.3
2022-06-03 22:32:54,58581,21465
2022-06-03 22:32:55,59243.2,20802.7
2022-06-03 22:32:56,58762.1,21283.7
2022-06-03 22:32:57,58882.4,21163.5
2022-06-03 22:32:58,58669.5,21376.4
2022-06-03 22:32:59,57924.4,22121.5
2022-06-03 22:33:00,57208.4,22837.5
2022-06-03 22:33:01,56656.1,23389.8
2022-06-03 22:33:02,56000.2,24045.8
2022-06-03 22:33:03,55536.3,24509.6
2022-06-03 22:33:04,55941.1,24104.9
2022-06-03 22:33:05,57098.3,22947.6
2022-06-03 22:33:06,57768.3,22277.6
2022-06-03 22:33:07,57670.2,22375.7
2022-06-03 22:33:08,58064.3,21981.5
2022-06-03 22:33:09,57794,22251.9
2022-06-03 22:33:10,57615,22430.8
2022-06-03 22:33:11,58663.7,21382.1
2022-06-03 22:33:12,58519.3,21526.7
2022-06-03 22:33:13,58865.1,21180.8
2022-06-03 22:33:14,57822.9,22223.1
2022-06-03 22:33:15,56589,23457
2022-06-03 22:33:16,55831.1,24214.9
2022-06-03 22:33:17,56545.4,23500.5
2022-06-03 22:33:18,57263.9,22782
2022-06-03 22:33:19,56686.7,23359.2
2022-06-03 22:33:20,56627.9,23417.9
2022-06-03 22:33:21,56826.8,23219
2022-06-03 22:33:22,57095.8,22950.2
2022-06-03 22:33:23,57732.6,22313.3
2022-06-03 22:33:24,58526.7,21519.1
2022-06-03 22:33:25,58205.7,21840.2
2022-06-03 22:33:26,58143.3,21902.7
2022-06-03 22:33:27,57482,22564
2022-06-03 22:33:28,56824.5,23221.4
2022-06-03 22:33:29,56980.2,23065.8
2022-06-03 22:33:30,56522.6,23523.3
2022-06-03 22:33:31,57079.7,22966.1
2022-06-03 22:33:32,57018,23028
2022-06-03 22:33:33,56833.9,23212
2022-06-03 22:33:34,56552.2,23493.7
2022-06-03 22:33:35,56894.9,23150.9
2022-06-03 22:33:36,57489.5,22556.4
2022-06-03 22:33:37,58242.3,21803.8
2022-06-03 22:33:38,57670.9,22375
2022-06-03 22:33:39,57440.6,22605.3
2022-06-03 22:33:40,57571.4,22474.5
2022-06-03 22:33:41,57737.4,22308.5
2022-06-03 22:33:42,58354.7,21691.2
2022-06-03 22:33:43,58387.2,21658.7
2022-06-03 22:33:44,57492.8,22553.2
2022-06-03 22:33:45,56725.1,23320.8
2022-06-03 22:33:46,56407.7,23638.2
2022-06-03 22:33:47,57086.5,22959.4
2022-06-03 22:33:48,56896,23149.9
2022-06-03 22:33:49,56744.3,23301.6
2022-06-03 22:33:50,56508.5,23537.4
2022-06-03 22:33:51,56790.4,23255.5
2022-06-03 22:33:52,57595,22451
2022-06-03 22:33:53,57451.4,22594.6
2022-06-03 22:33:54,57580,22465.9
2022-06-03 22:33:55,57712.8,22333.1
2022-06-03 22:33:56,58982.8,21063.2
2022-06-03 22:33:57,57966,22079.8
2022-06-03 22:33:58,57328.7,22717.2
2022-06-03 22:33:59,57446.5,22599.4
2022-06-03 22:34:00,57298.9,22747
2022-06-03 22:34:01,56906.1,23139.8
2022-06-03 22:34:02,56941.8,23104.1
2022-06-03 22:34:03,56582.1,23463.9
2022-06-03 22:34:04,56734.1,23311.8
2022-06-03 22:34:05,56766.5,23279.5
2022-06-03 22:34:06,56929.4,23116.6
2022-06-03 22:34:07,58525.1,21520.7
2022-06-03 22:34:08,58771.4,21274.6
2022-06-03 22:34:09,58443.6,21602.4
2022-06-03 22:34:10,58381.8,21664.2
2022-06-03 22:34:11,58340.4,21705.5
2022-06-03 22:34:12,57508.2,22537.6
2022-06-03 22:34:13,56939.5,23106.3
2022-06-03 22:34:14,56531.1,23514.9
2022-06-03 22:34:15,56403,23643.1
2022-06-03 22:34:16,56751.1,23294.8
2022-06-03 22:34:17,56306,23739.9
2022-06-03 22:34:18,57085.7,22960.2
2022-06-03 22:34:19,57086.4,22959.5
2022-06-03 22:34:20,58151.5,21894.3
2022-06-03 22:34:21,58151.1,21894.8
2022-06-03 22:34:22,58047.8,21998.1
2022-06-03 22:34:23,58661.4,21384.5
2022-06-03 22:34:24,57992.7,22053.3
2022-06-03 22:34:25,58323.5,21722.5
2022-06-03 22:34:26,57690.4,22355.6
2022-06-03 22:34:27,57315.6,22730.3
2022-06-03 22:34:28,56802.7,23243.2
2022-06-03 22:34:29,55264.3,24781.6
2022-06-03 22:34:30,56109.5,23936.4
2022-06-03 22:34:31,56145.7,23900.3
2022-06-03 22:34:32,56626.1,23419.8
2022-06-03 22:34:33,57140.2,22905.8
2022-06-03 22:34:34,58372.4,21673.5
2022-06-03 22:34:35,57701.4,22344.6
2022-06-03 22:34:36,57559.5,22486.4
2022-06-03 22:34:37,57478.5,22567.4
2022-06-03 22:34:38,58460.8,21585.1
2022-06-03 22:34:39,58501.1,21544.9
2022-06-03 22:34:40,57751.6,22294.3
2022-06-03 22:34:41,57248.4,22797.6
2022-06-03 22:34:42,56163.2,23882.6
2022-06-03 22:34:43,55143.3,24902.7
2022-06-03 22:34:44,55889.1,24156.8
2022-06-03 22:34:45,57544,22501.9
2022-06-03 22:34:46,58178.8,21867.2
2022-06-03 22:34:47,57565.9,22480
2022-06-03 22:34:48,57584,22461.8
2022-06-03 22:34:49,57640.9,22405
2022-06-03 22:34:50,58012,22033.9
2022-06-03 22:34:51,58315.4,21730.5
2022-06-03 22:34:52,57949.2,22096.6
2022-06-03 22:34:53,57803.1,22242.9
2022-06-03 22:34:54,56819.7,23226.3
2022-06-03 22:34:55,56520,23526
2022-06-03 22:34:56,56278.4,23767.6
2022-06-03 22:34:57,57079.5,22966.5
2022-06-03 22:34:58,57396.2,22649.7
2022-06-03 22:34:59,57036.4,23009.5
2022-06-03 22:35:00,57290.9,22755.1
2022-06-03 22:35:01,57625.9,22420
2022-06-03 22:35:02,57565,22480.9
2022-06-03 22:35:03,58138.8,21907.2
2022-06-03 22:35:04,57588.4,22457.4
2022-06-03 22:35:05,56957.6,23088.3
2022-06-03 22:35:06,56660.8,23385.2
2022-06-03 22:35:07,56429.8,23616.3
2022-06-03 22:35:08,57063.3,22982.6
2022-06-03 22:35:09,58828.3,21217.6
2022-06-03 22:35:10,58196.7,21849.2
2022-06-03 22:35:11,57502.2,22543.7
2022-06-03 22:35:12,57137.5,22908.4
2022-06-03 22:35:13,57230.6,22815.3
2022-06-03 22:35:14,57488.6,22557.4
2022-06-03 22:35:15,57857.2,22188.8
2022-06-03 22:35:16,57749.2,22296.8
2022-06-03 22:35:17,56615.9,23430
2022-06-03 22:35:18,56446.8,23599
2022-06-03 22:35:19,56340.4,23705.5
2022-06-03 22:35:20,57049.8,22996.2
2022-06-03 22:35:21,57608.7,22437.2
2022-06-03 22:35:22,58619.3,21426.5
2022-06-03 22:35:23,58902.5,21143.5
2022-06-03 22:35:24,58582.3,21463.6
2022-06-03 22:35:25,57537.2,22508.7
2022-06-03 22:35:26,56966.2,23079.7
2022-06-03 22:35:27,56228,23818
2022-06-03 22:35:28,56929.1,23117
2022-06-03 22:35:29,57358.9,22687
2022-06-03 22:35:30,57375.2,22670.8
2022-06-03 22:35:31,56933.4,23112.6
2022-06-03 22:35:32,57012.3,23033.6
2022-06-03 22:35:33,56739.7,23306.2
2022-06-03 22:35:34,57741.9,22304
2022-06-03 22:35:35,58754.9,21291
2022-06-03 22:35:36,57780.5,22265.5
2022-06-03 22:35:37,57619.5,22426.3
2022-06-03 22:35:38,57363.2,22682.8
2022-06-03 22:35:39,57429.1,22616.8
2022-06-03 22:35:40,57041.5,23004.4
2022-06-03 22:35:41,56853,23192.9
2022-06-03 22:35:42,57087.7,22958.3
2022-06-03 22:35:43,57009,23037
2022-06-03 22:35:44,56936.5,23109.5
2022-06-03 22:35:45,56806.6,23239.4
2022-06-03 22:35:46,58024.1,22021.8
2022-06-03 22:35:47,58755.6,21290.3
2022-06-03 22:35:48,57790.5,22255.3
2022-06-03 22:35:49,57892.6,22153.2
2022-06-03 22:35:50,56928.7,23117.2
2022-06-03 22:35:51,56510.3,23535.7
2022-06-03 22:35:52,57313.8,22732.1
2022-06-03 22:35:53,57361,22684.9
2022-06-03 22:35:54,57337.7,22708.3
2022-06-03 22:35:55,57054.4,22991.6
2022-06-03 22:35:56,56338.1,23707.9
2022-06-03 22:35:57,57515.3,22530.7
2022-06-03 22:35:58,57316.3,22729.6
2022-06-03 22:35:59,58048,21997.9
2022-06-03 22:36:00,57807.8,22238.1
2022-06-03 22:36:01,56791.1,23254.7
2022-06-03 22:36:02,56870.5,23175.4
2022-06-03 22:36:03,57427.2,22618.7
2022-06-03 22:36:04,57781.8,22264.1
2022-06-03 22:36:05,58160.4,21885.5
2022-06-03 22:36:06,57850.3,22195.7
2022-06-03 22:36:07,56880.3,23165.7
2022-06-03 22:36:08,56382.7,23663.2
2022-06-03 22:36:09,56748.8,23297.2
2022-06-03 22:36:10,57185.9,22860
2022-06-03 22:36:11,56881.8,23164.1
2022-06-03 22:36:12,57735.6,22310.3
2022-06-03 22:36:13,57411,22634.8
2022-06-03 22:36:14,56490.2,23555.7
2022-06-03 22:36:15,57348.4,22697.5
2022-06-03 22:36:16,57354.3,22691.7
2022-06-03 22:36:17,58057.6,21988.3
2022-06-03 22:36:18,58410.4,21635.6
2022-06-03 22:36:19,57519.8,22526.1
2022-06-03 22:36:20,57366,22679.8
2022-06-03 22:36:21,57390.3,22655.7
2022-06-03 22:36:22,56705.3,23340.7
2022-06-03 22:36:23,57125.5,22920.4
2022-06-03 22:36:24,57309.2,22736.8
2022-06-03 22:36:25,57081.6,22964.4
2022-06-03 22:36:26,57649,22397
2022-06-03 22:36:27,57212,22833.9
2022-06-03 22:36:28,58072.7,21973.3
2022-06-03 22:36:29,57583,22462.9
2022-06-03 22:36:30,57848.1,22197.7
2022-06-03 22:36:31,57567.6,22478.3
2022-06-03 22:36:32,57730.6,22315.2
2022-06-03 22:36:33,57572.8,22473.1
2022-06-03 22:36:34,57189.8,22856.2
2022-06-03 22:36:35,56016.1,24029.8
2022-06-03 22:36:36,56984.8,23061.1
2022-06-03 22:36:37,57161.4,22884.5
2022-06-03 22:36:38,57535.4,22510.7
2022-06-03 22:36:39,57133.1,22912.9
2022-06-03 22:36:40,57735.3,22310.7
2022-06-03 22:36:41,57849.3,22196.5
2022-06-03 22:36:42,57573.5,22472.5
2022-06-03 22:36:43,58151.1,21894.7
2022-06-03 22:36:44,57559,22487
2022-06-03 22:36:45,56990.2,23055.7
2022-06-03 22:36:46,57226,22819.9
2022-06-03 22:36:47,56769.8,23276
2022-06-03 22:36:48,56323.5,23722.4
2022-06-03 22:36:49,57070.9,22975
2022-06-03 22:36:50,57333.7,22712.2
2022-06-03 22:36:51,57075.3,22970.7
2022-06-03 22:36:52,58150.5,21895.4
2022-06-03 22:36:53,58032.7,22013.2
2022-06-03 22:36:54,58255.9,21790.1
2022-06-03 22:36:55,57896.2,22149.7
2022-06-03 22:36:56,57430,22616.1
2022-06-03 22:36:57,57032.8,23013.1
2022-06-03 22:36:58,56630.2,23415.6
2022-06-03 22:36:59,56505.4,23540.5
2022-06-03 22:37:00,56367.9,23678
2022-06-03 22:37:01,56536.4,23509.6
2022-06-03 22:37:02,57510,22536
2022-06-03 22:37:03,58387.6,21658.3
2022-06-03 22:37:04,57871.8,22174.3
2022-06-03 22:37:05,58645,21400.8
2022-06-03 22:37:06,58333.3,21712.6
2022-06-03 22:37:07,57782.9,22263
2022-06-03 22:37:08,57777.6,22268.4
2022-06-03 22:37:09,56983,23063
2022-06-03 22:37:10,56687.5,23358.5
2022-06-03 22:37:11,56951.7,23094.3
2022-06-03 22:37:12,56196.5,23849.5
2022-06-03 22:37:13,57501.5,22544.4
2022-06-03 22:37:14,57567.1,22478.8
2022-06-03 22:37:15,57693.9,22352.1
2022-06-03 22:37:16,58352.1,21693.8
2022-06-03 22:37:17,58245.4,21800.4
2022-06-03 22:37:18,57709.6,22336.4
2022-06-03 22:37:19,57332.5,22713.5
2022-06-03 22:37:20,57379.8,22666.2
2022-06-03 22:37:21,57672.1,22373.8
2022-06-03 22:37:22,57374.8,22671.1
2022-06-03 22:37:23,57506.2,22539.8
2022-06-03 22:37:24,56820.5,23225.4
2022-06-03 22:37:25,56596.1,23449.9
2022-06-03 22:37:26,58024.9,22021
2022-06-03 22:37:27,57253.2,22792.6
2022-06-03 22:37:28,57716.3,22329.6
2022-06-03 22:37:29,58015.7,22030.2
2022-06-03 22:37:30,58245.5,21800.5
2022-06-03 22:37:31,57566.1,22479.9
2022-06-03 22:37:32,57545.6,22500.3
2022-06-03 22:37:33,56760.8,23284.9
2022-06-03 22:37:34,56129.8,23916.2
2022-06-03 22:37:35,56909.8,23136.2
2022-06-03 22:37:36,57836.4,22209.6
2022-06-03 22:37:37,58176.2,21869.6
2022-06-03 22:37:38,58149.4,21896.5
2022-06-03 22:37:39,57628.2,22417.7
2022-06-03 22:37:40,57310.5,22735.4
2022-06-03 22:37:41,57496.5,22549.4
2022-06-03 22:37:42,57420.1,22625.7
2022-06-03 22:37:43,56959.8,23086.2
2022-06-03 22:37:44,57374.3,22671.7
2022-06-03 22:37:45,57776.8,22269.1
2022-06-03 22:37:46,57110,22935.9
2022-06-03 22:37:47,56578.3,23467.7
2022-06-03 22:37:48,56058.9,23986.9
2022-06-03 22:37:49,57270,22776
2022-06-03 22:37:50,57460.8,22585
2022-06-03 22:37:51,57476,22570
2022-06-03 22:37:52,57527.6,22518.4
2022-06-03 22:37:53,57412.3,22633.6
2022-06-03 22:37:54,57634.1,22412
2022-06-03 22:37:55,58232.3,21813.7
2022-06-03 22:37:56,57626.9,22418.9
2022-06-03 22:37:57,57702,22343.9
2022-06-03 22:37:58,56913.4,23132.4
2022-06-03 22:37:59,57197.5,22848.3
2022-06-03 22:38:00,56922,23123.9
2022-06-03 22:38:01,57306.9,22739
2022-06-03 22:38:02,56755.7,23290.1
2022-06-03 22:38:03,56371.8,23674.2
2022-06-03 22:38:04,55778.4,24267.6
2022-06-03 22:38:05,57204.1,22841.8
2022-06-03 22:38:06,57302.5,22743.3
2022-06-03 22:38:07,58675.3,21370.5
2022-06-03 22:38:08,58588.9,21457
2022-06-03 22:38:09,58047.6,21998.3
2022-06-03 22:38:10,57370.2,22675.8
2022-06-03 22:38:11,57224.9,22821
2022-06-03 22:38:12,57739.7,22306.3
2022-06-03 22:38:13,57561.6,22484.2
2022-06-03 22:38:14,56879.7,23166.1
2022-06-03 22:38:15,56981.9,23064
2022-06-03 22:38:16,56431.7,23614.2
2022-06-03 22:38:17,56260.8,23785.1
2022-06-03 22:38:18,55982,24063.8
2022-06-03 22:38:19,57902,22143.9
2022-06-03 22:38:20,58192.6,21853.2
2022-06-03 22:38:21,58109.9,21936.1
2022-06-03 22:38:22,58409.5,21636.4
2022-06-03 22:38:23,57614,22431.9
2022-06-03 22:38:24,57877,22168.8
2022-06-03 22:38:25,57183.3,22862.6
2022-06-03 22:38:26,57105.8,22940.2
2022-06-03 22:38:27,57470.4,22575.5
2022-06-03 22:38:28,56995.5,23050.5
2022-06-03 22:38:29,57232.4,22813.6
2022-06-03 22:38:30,57263.9,22782
2022-06-03 22:38:31,56347.8,23698.1
2022-06-03 22:38:32,56521.9,23523.9
2022-06-03 22:38:33,56482.8,23563.1
2022-06-03 22:38:34,58086.2,21959.8
2022-06-03 22:38:35,58449.8,21596
2022-06-03 22:38:36,57966,22079.9
2022-06-03 22:38:37,58096.8,21949.1
2022-06-03 22:38:38,57203.9,22842.1
2022-06-03 22:38:39,57011.8,23034.1
2022-06-03 22:38:40,57873.5,22172.5
2022-06-03 22:38:41,57575.3,22470.7
2022-06-03 22:38:42,57274.8,22771.2
2022-06-03 22:38:43,57355,22690.9
2022-06-03 22:38:44,56734.4,23311.6
2022-06-03 22:38:45,56807.4,23238.5
2022-06-03 22:38:46,56505.2,23540.8
2022-06-03 22:38:47,56745.5,23300.3
2022-06-03 22:38:48,56651.6,23394.4
2022-06-03 22:38:49,57311.3,22734.6
2022-06-03 22:38:50,57546.1,22499.8
2022-06-03 22:38:51,57907.9,22138
2022-06-03 22:38:52,57570.1,22476
2022-06-03 22:38:53,57746.3,22299.6
2022-06-03 22:38:54,57757.2,22288.7
2022-06-03 22:38:55,56972.8,23073.1
2022-06-03 22:38:56,58056,21989.8
2022-06-03 22:38:57,58804,21241.9
2022-06-03 22:38:58,58086.9,21959
2022-06-03 22:38:59,57295.9,22750
2022-06-03 22:39:00,56423,23622.9
2022-06-03 22:39:01,56186.3,23859.7
2022-06-03 22:39:02,56388.9,23656.9
2022-06-03 22:39:03,56888.2,23157.9
2022-06-03 22:39:04,57770.4,22275.5
2022-06-03 22:39:05,58242.4,21803.3
2022-06-03 22:39:06,57826.4,22219.5
2022-06-03 22:39:07,57950.3,22095.7
2022-06-03 22:39:08,58281.9,21764.1
2022-06-03 22:39:09,58398.4,21647.4
2022-06-03 22:39:10,58734.1,21311.8
2022-06-03 22:39:11,58397.9,21647.9
2022-06-03 22:39:12,57887.4,22158.5
2022-06-03 22:39:13,57202.7,22843.2
2022-06-03 22:39:14,56358.1,23687.7
2022-06-03 22:39:15,55543.8,24502.1
2022-06-03 22:39:16,55496.7,24549.2
2022-06-03 22:39:17,55983.3,24062.7
2022-06-03 22:39:18,56648.5,23397.4
2022-06-03 22:39:19,57402.1,22643.9
2022-06-03 22:39:20,58774.2,21271.7
2022-06-03 22:39:21,58455.3,21590.6
2022-06-03 22:39:22,58423.9,21622
2022-06-03 22:39:23,58696.2,21349.7
2022-06-03 22:39:24,58278.5,21767.5
2022-06-03 22:39:25,58362.3,21683.6
2022-06-03 22:39:26,57271.8,22774.1
2022-06-03 22:39:27,56940.4,23105.5
2022-06-03 22:39:28,56840.1,23205.8
2022-06-03 22:39:29,55386.6,24659.3
2022-06-03 22:39:30,55300.2,24745.9
2022-06-03 22:39:31,55419.9,24626
2022-06-03 22:39:32,56381.7,23664.3
2022-06-03 22:39:33,57125,22921
2022-06-03 22:39:34,58541.8,21504.1
2022-06-03 22:39:35,59523.2,20522.8
2022-06-03 22:39:36,58878.4,21167.5
2022-06-03 22:39:37,58090.5,21955.4
2022-06-03 22:39:38,58068.8,21977.2
2022-06-03 22:39:39,57203.4,22842.5
2022-06-03 22:39:40,57185.9,22860
2022-06-03 22:39:41,56964.9,23081.1
2022-06-03 22:39:42,56190.1,23855.7
2022-06-03 22:39:43,56661.4,23384.5
2022-06-03 22:39:44,55988,24057.9
2022-06-03 22:39:45,56631.7,23414.2
2022-06-03 22:39:46,57924,22122
2022-06-03 22:39:47,57757.2,22288.7
2022-06-03 22:39:48,57194.6,22851.3
2022-06-03 22:39:49,57094.6,22951.3
2022-06-03 22:39:50,59241.5,20804.4
2022-06-03 22:39:51,58814.8,21231.2
2022-06-03 22:39:52,58016.4,22029.6
2022-06-03 22:39:53,57411.2,22634.8
2022-06-03 22:39:54,56933.7,23112.3
2022-06-03 22:39:55,56350.4,23695.5
2022-06-03 22:39:56,56745.6,23300.3
2022-06-03 22:39:57,56550.5,23495.5
2022-06-03 22:39:58,57854.3,22191.6
2022-06-03 22:39:59,58188.8,21857
2022-06-03 22:40:00,57867.7,22178.1
2022-06-03 22:40:01,57129.6,22916.4
2022-06-03 22:40:02,56566.9,23479.1
2022-06-03 22:40:03,56512,23533.9
2022-06-03 22:40:04,57744.2,22301.8
2022-06-03 22:40:05,58610.5,21435.4
2022-06-03 22:40:06,57715.7,22330.2
2022-06-03 22:40:07,57739.9,22306.1
2022-06-03 22:40:08,57311.1,22734.9
2022-06-03 22:40:09,56375.8,23670.1
2022-06-03 22:40:10,57438.8,22607.2
2022-06-03 22:40:11,56991.9,23054.2
2022-06-03 22:40:12,57446.9,22598.9
2022-06-03 22:40:13,58006.9,22039.1
2022-06-03 22:40:14,57520.4,22525.5
2022-06-03 22:40:15,56745.8,23300
2022-06-03 22:40:16,56661,23385
2022-06-03 22:40:17,56840.6,23205.2
2022-06-03 22:40:18,57148.3,22897.6
2022-06-03 22:40:19,58132.2,21913.8
2022-06-03 22:40:20,58264.6,21781.4
2022-06-03 22:40:21,58533.6,21512.4
2022-06-03 22:40:22,58200.3,21845.6
2022-06-03 22:40:23,57889.3,22156.6
2022-06-03 22:40:24,57420.2,22625.7
2022-06-03 22:40:25,57112.2,22933.7
2022-06-03 22:40:26,56797,23248.9
2022-06-03 22:40:27,56312.4,23733.7
2022-06-03 22:40:28,57229,22817
2022-06-03 22:40:29,57589.5,22456.3
2022-06-03 22:40:30,57380.6,22665.2
2022-06-03 22:40:31,57576,22469.9
2022-06-03 22:40:32,57187.4,22858.5
2022-06-03 22:40:33,57529.3,22516.5
2022-06-03 22:40:34,57690.7,22355.2
2022-06-03 22:40:35,58034.9,22011
2022-06-03 22:40:36,57520.5,22525.4
2022-06-03 22:40:37,57654.4,22391.6
2022-06-03 22:40:38,57076.9,22968.9
2022-06-03 22:40:39,56968.2,23077.7
2022-06-03 22:40:40,57335.5,22710.5
2022-06-03 22:40:41,57462.8,22583.1
2022-06-03 22:40:42,57804.9,22241
2022-06-03 22:40:43,58047.2,21998.7
2022-06-03 22:40:44,58036.2,22009.6
2022-06-03 22:40:45,58197.4,21848.6
2022-06-03 22:40:46,57179.8,22866.2
2022-06-03 22:40:47,56873,23173
2022-06-03 22:40:48,55926.4,24119.6
2022-06-03 22:40:49,56642.8,23403.2
2022-06-03 22:40:50,57134.5,22911.4
2022-06-03 22:40:51,56998.5,23047.4
2022-06-03 22:40:52,57762.5,22283.5
2022-06-03 22:40:53,57785,22261
2022-06-03 22:40:54,57024.7,23021.2
2022-06-03 22:40:55,57709.8,22336.2
2022-06-03 22:40:56,58336.2,21709.7
2022-06-03 22:40:57,58060.8,21985.2
2022-06-03 22:40:58,58120.7,21925.2
2022-06-03 22:40:59,57533.5,22512.5
2022-06-03 22:41:00,56926.2,23119.7
2022-06-03 22:41:01,56613.3,23432.7
2022-06-03 22:41:02,56480.6,23565.4
2022-06-03 22:41:03,56817.2,23228.6
2022-06-03 22:41:04,57561.7,22484.2
2022-06-03 22:41:05,58219.4,21826.6
2022-06-03 22:41:06,57303.2,22742.6
2022-06-03 22:41:07,57435.8,22610.1
2022-06-03 22:41:08,57006.7,23039.3
2022-06-03 22:41:09,56962.2,23083.7
2022-06-03 22:41:10,57055.6,22990.3
2022-06-03 22:41:11,57660.7,22385.2
2022-06-03 22:41:12,57132.1,22913.8
2022-06-03 22:41:13,58100.3,21945.7
2022-06-03 22:41:14,56832.9,23213.1
2022-06-03 22:41:15,57159.4,22886.5
2022-06-03 22:41:16,58078.4,21967.5
2022-06-03 22:41:17,57874.9,22171.1
2022-06-03 22:41:18,57263,22782.9
2022-06-03 22:41:19,57597.8,22448.2
2022-06-03 22:41:20,57231.4,22814.6
2022-06-03 22:41:21,57377.4,22668.5
2022-06-03 22:41:22,55933.3,24112.7
2022-06-03 22:41:23,56385.8,23660.1
2022-06-03 22:41:24,56419.1,23626.8
2022-06-03 22:41:25,57002.4,23043.4
2022-06-03 22:41:26,57288.1,22757.9
2022-06-03 22:41:27,58278.4,21767.5
2022-06-03 22:41:28,59753.8,20292.2
2022-06-03 22:41:29,58831,21214.9
2022-06-03 22:41:30,57924,22122
2022-06-03 22:41:31,56900.8,23145.2
2022-06-03 22:41:32,56129.8,23916.1
2022-06-03 22:41:33,56816.6,23229.3
2022-06-03 22:41:34,56888.4,23157.4
2022-06-03 22:41:35,56980.6,23065.5
2022-06-03 22:41:36,56451.4,23594.6
2022-06-03 22:41:37,57112.6,22933.4
2022-06-03 22:41:38,58355.7,21690.2
2022-06-03 22:41:39,59023.3,21022.7
2022-06-03 22:41:40,58953.5,21092.5
2022-06-03 22:41:41,58470.2,21575.7
2022-06-03 22:41:42,58358.1,21687.9
2022-06-03 22:41:43,57705.6,22340.3
2022-06-03 22:41:44,57205.6,22840.3
2022-06-03 22:41:45,56053.3,23992.7
2022-06-03 22:41:46,54849.2,25196.8
2022-06-03 22:41:47,55606.1,24439.8
2022-06-03 22:41:48,56006,24040
2022-06-03 22:41:49,56947,23099
2022-06-03 22:41:50,57145.6,22900.3
2022-06-03 22:41:51,57910.3,22135.6
2022-06-03 22:41:52,58476.1,21569.9
2022-06-03 22:41:53,58594,21452
2022-06-03 22:41:54,59048.3,20997.7
2022-06-03 22:41:55,58012.4,22033.6
2022-06-03 22:41:56,57739.6,22306.4
2022-06-03 22:41:57,57402.2,22643.7
2022-06-03 22:41:58,56659.5,23386.5
2022-06-03 22:41:59,56383.9,23662
2022-06-03 22:42:00,56528.7,23517.2
2022-06-03 22:42:01,55731,24315
2022-06-03 22:42:02,55894.8,24151.1
2022-06-03 22:42:03,56448.4,23597.5
2022-06-03 22:42:04,57277.9,22768.1
2022-06-03 22:42:05,57870.6,22175.4
2022-06-03 22:42:06,58833.9,21212
2022-06-03 22:42:07,58776,21269.9
2022-06-03 22:42:08,58304.1,21742
2022-06-03 22:42:09,57685.1,22360.8
2022-06-03 22:42:10,57315.9,22729.9
2022-06-03 22:42:11,58111.1,21934.8
2022-06-03 22:42:12,58132.3,21913.7
2022-06-03 22:42:13,57704.5,22341.5
2022-06-03 22:42:14,56740.2,23305.8
2022-06-03 22:42:15,55830.3,24215.7
2022-06-03 22:42:16,55569.1,24476.8
2022-06-03 22:42:17,55850.1,24195.9
2022-06-03 22:42:18,55664.5,24381.4
2022-06-03 22:42:19,56908.8,23137.2
2022-06-03 22:42:20,58055.3,21990.6
2022-06-03 22:42:21,59067.2,20978.6
2022-06-03 22:42:22,58703.3,21342.6
2022-06-03 22:42:23,58413.5,21632.4
2022-06-03 22:42:24,58477.7,21568.2
2022-06-03 22:42:25,58030.3,22015.7
2022-06-03 22:42:26,57806.3,22239.8
2022-06-03 22:42:27,57352.9,22693
2022-06-03 22:42:28,56771.3,23274.6
2022-06-03 22:42:29,56529.4,23516.6
2022-06-03 22:42:30,56449.8,23596.1
2022-06-03 22:42:31,55177.3,24868.6
2022-06-03 22:42:32,54641.3,25404.6
2022-06-03 22:42:33,54576.4,25469.7
2022-06-03 22:42:34,57572,22474
2022-06-03 22:42:35,60310.3,19735.6
2022-06-03 22:42:36,60041.2,20004.7
2022-06-03 22:42:37,58845,21201
2022-06-03 22:42:38,57977.7,22068.2
2022-06-03 22:42:39,57458.4,22587.4
2022-06-03 22:42:40,57211.9,22834.1
2022-06-03 22:42:41,57678.3,22367.6
2022-06-03 22:42:42,57802.1,22243.6
2022-06-03 22:42:43,57212.1,22833.9
2022-06-03 22:42:44,56097.3,23948.5
2022-06-03 22:42:45,55669,24376.9
2022-06-03 22:42:46,55534,24511.9
2022-06-03 22:42:47,55187.9,24858
2022-06-03 22:42:48,56429.7,23616.3
2022-06-03 22:42:49,59121.7,20924.3
2022-06-03 22:42:50,58986.9,21058.9
2022-06-03 22:42:51,58229.9,21816.1
2022-06-03 22:42:52,58491.9,21554.1
2022-06-03 22:42:53,57848.8,22197.1
2022-06-03 22:42:54,58306.5,21739.5
2022-06-03 22:42:55,57964.4,22081.5
2022-06-03 22:42:56,57940.3,22105.6
2022-06-03 22:42:57,57136.1,22909.8
2022-06-03 22:42:58,56845,23201
2022-06-03 22:42:59,56131.8,23914.1
2022-06-03 22:43:00,55041.2,25004.7
2022-06-03 22:43:01,54308.3,25737.6
2022-06-03 22:43:02,55089,24957
2022-06-03 22:43:03,57379.4,22666.5
2022-06-03 22:43:04,58140.2,21905.8
2022-06-03 22:43:05,58925.3,21120.6
2022-06-03 22:43:06,59618.2,20427.7
2022-06-03 22:43:07,58959,21086.9
2022-06-03 22:43:08,58100.3,21945.7
2022-06-03 22:43:09,58449.8,21596.2
2022-06-03 22:43:10,58330,21715.9
2022-06-03 22:43:11,57515.9,22530
2022-06-03 22:43:12,56473.3,23572.7
2022-06-03 22:43:13,56234.1,23811.7
2022-06-03 22:43:14,55682.6,24363.3
2022-06-03 22:43:15,54868.5,25177.5
2022-06-03 22:43:16,54170.6,25875.3
2022-06-03 22:43:17,55715,24330.9
2022-06-03 22:43:18,58826.1,21219.7
2022-06-03 22:43:19,59766.5,20279.5
2022-06-03 22:43:20,60502.5,19543.5
2022-06-03 22:43:21,59564.9,20481
2022-06-03 22:43:22,58288.2,21757.6
2022-06-03 22:43:23,57643.5,22402.3
2022-06-03 22:43:24,57203,22842.8
2022-06-03 22:43:25,57056.7,22989.3
2022-06-03 22:43:26,57169.5,22876.3
2022-06-03 22:43:27,56428.2,23617.9
2022-06-03 22:43:28,55739.6,24306.4
2022-06-03 22:43:29,54571.2,25474.8
2022-06-03 22:43:30,55467.1,24578.8
2022-06-03 22:43:31,56207.8,23838.2
2022-06-03 22:43:32,58372.1,21673.8
2022-06-03 22:43:33,58872.8,21173.1
2022-06-03 22:43:34,59527.8,20518.1
2022-06-03 22:43:35,59222.9,20823.1
2022-06-03 22:43:36,58322.6,21723.3
2022-06-03 22:43:37,57958.6,22087.2
2022-06-03 22:43:38,57332.4,22713.5
2022-06-03 22:43:39,57154.1,22891.8
2022-06-03 22:43:40,56106.5,23939.4
2022-06-03 22:43:41,55868.7,24177.4
2022-06-03 22:43:42,56649,23396.8
2022-06-03 22:43:43,57247.5,22798.5
2022-06-03 22:43:44,56608.3,23437.7
2022-06-03 22:43:45,56274.7,23771.2
2022-06-03 22:43:46,56343.3,23702.7
2022-06-03 22:43:47,57972.3,22073.6
2022-06-03 22:43:48,58472.4,21573.4
2022-06-03 22:43:49,58586.4,21459.6
2022-06-03 22:43:50,58263.2,21782.7
2022-06-03 22:43:51,57323.9,22722
2022-06-03 22:43:52,57403.2,22642.7
2022-06-03 22:43:53,56976.4,23069.5
2022-06-03 22:43:54,58078,21968
2022-06-03 22:43:55,58255.2,21790.7
2022-06-03 22:43:56,57741.4,22304.6
2022-06-03 22:43:57,56805.4,23240.6
2022-06-03 22:43:58,57065,22980.8
2022-06-03 22:43:59,55866.5,24179.5
2022-06-03 22:44:00,56500.3,23545.6
2022-06-03 22:44:01,56651.5,23394.4
2022-06-03 22:44:02,56502.5,23543.4
2022-06-03 22:44:03,57211.5,22834.4
2022-06-03 22:44:04,57946.8,22099.1
2022-06-03 22:44:05,57901.3,22144.6
2022-06-03 22:44:06,57736.5,22309.4
2022-06-03 22:44:07,58867,21178.9
2022-06-03 22:44:08,58540.1,21505.9
2022-06-03 22:44:09,58577.2,21468.6
2022-06-03 22:44:10,57788.3,22257.6
2022-06-03 22:44:11,57228.6,22817.3
2022-06-03 22:44:12,56484.5,23561.4
2022-06-03 22:44:13,56044.8,24001.1
2022-06-03 22:44:14,55465,24580.9
2022-06-03 22:44:15,55922.1,24123.8
2022-06-03 22:44:16,56690.8,23355.2
2022-06-03 22:44:17,56550.9,23495.1
2022-06-03 22:44:18,57024.3,23021.5
2022-06-03 22:44:19,58740.2,21305.8
2022-06-03 22:44:20,59080.5,20965.4
2022-06-03 22:44:21,58769.9,21276
2022-06-03 22:44:22,58255.5,21790.4
2022-06-03 22:44:23,57322,22723.9
2022-06-03 22:44:24,58042,22003.9
2022-06-03 22:44:25,57293.7,22752.3
2022-06-03 22:44:26,56572.6,23473.3
2022-06-03 22:44:27,55725.4,24320.5
2022-06-03 22:44:28,55044.2,25001.8
2022-06-03 22:44:29,55183.2,24862.6
2022-06-03 22:44:30,56655.5,23390.5
2022-06-03 22:44:31,56737.3,23308.6
2022-06-03 22:44:32,58077.5,21968.5
2022-06-03 22:44:33,58519.6,21526.2
2022-06-03 22:44:34,59351.5,20694.4
2022-06-03 22:44:35,58748.4,21297.6
2022-06-03 22:44:36,58025.8,22020.1
2022-06-03 22:44:37,58121.5,21924.4
2022-06-03 22:44:38,57569,22476.8
2022-06-03 22:44:39,57771.2,22274.7
2022-06-03 22:44:40,56595.7,23450.3
2022-06-03 22:44:41,55445.8,24600
2022-06-03 22:44:42,55544.6,24501.4
2022-06-03 22:44:43,54966.1,25079.9
2022-06-03 22:44:44,56404,23641.9
2022-06-03 22:44:45,58248.3,21797.7
2022-06-03 22:44:46,57693.1,22352.8
2022-06-03 22:44:47,58027,22019
2022-06-03 22:44:48,58921.5,21124.5
2022-06-03 22:44:49,59237.1,20808.9
2022-06-03 22:44:50,58421.9,21624.1
2022-06-03 22:44:51,58058.7,21987.2
2022-06-03 22:44:52,57749.8,22296.2
2022-06-03 22:44:53,57643,22403.1
2022-06-03 22:44:54,57059.4,22986.6
2022-06-03 22:44:55,56117.7,23928.2
2022-06-03 22:44:56,55978,24067.9
2022-06-03 22:44:57,55458.7,24587.3
2022-06-03 22:44:58,55539.5,24506.5
2022-06-03 22:44:59,57785.3,22260.6
2022-06-03 22:45:00,57839.6,22206.3
2022-06-03 22:45:01,57503.1,22542.8
2022-06-03 22:45:02,58440.5,21605.4
2022-06-03 22:45:03,59076.8,20969.2
2022-06-03 22:45:04,58840,21205.9
2022-06-03 22:45:05,58366.6,21679.3
2022-06-03 22:45:06,57437.6,22608.2
2022-06-03 22:45:07,57242.3,22803.6
2022-06-03 22:45:08,57072.6,22973.4
2022-06-03 22:45:09,56537.1,23508.7
2022-06-03 22:45:10,56591.3,23454.8
2022-06-03 22:45:11,56708.9,23337.1
2022-06-03 22:45:12,57167.9,22878
2022-06-03 22:45:13,57470.3,22575.6
2022-06-03 22:45:14,58149.6,21896.3
2022-06-03 22:45:15,57503,22543
2022-06-03 22:45:16,57035.4,23010.5
2022-06-03 22:45:17,57938.2,22107.7
2022-06-03 22:45:18,58477.8,21568.1
2022-06-03 22:45:19,58198.7,21847.4
2022-06-03 22:45:20,57458.8,22587.2
2022-06-03 22:45:21,57144,22901.9
2022-06-03 22:45:22,58003.6,22042.4
2022-06-03 22:45:23,58107.9,21938.1
2022-06-03 22:45:24,57233.2,22812.6
2022-06-03 22:45:25,57174.4,22871.5
2022-06-03 22:45:26,57033.6,23012.3
2022-06-03 22:45:27,57171.5,22874.4
2022-06-03 22:45:28,57910.7,22135.2
2022-06-03 22:45:29,57064.6,22981.2
2022-06-03 22:45:30,56346.9,23699
2022-06-03 22:45:31,55890.8,24155.2
2022-06-03 22:45:32,56852.8,23193.1
2022-06-03 22:45:33,58318.6,21727.3
2022-06-03 22:45:34,58103.1,21942.8
2022-06-03 22:45:35,58881.8,21164
2022-06-03 22:45:36,58582.5,21463.5
2022-06-03 22:45:37,57537,22508.9
2022-06-03 22:45:38,57559.4,22486.5
2022-06-03 22:45:39,57101.4,22944.7
2022-06-03 22:45:40,56692.6,23353.3
2022-06-03 22:45:41,56407,23639
2022-06-03 22:45:42,57688.6,22357.2
2022-06-03 22:45:43,57350,22695.9
2022-06-03 22:45:44,56294.5,23751.4
2022-06-03 22:45:45,55871,24175
2022-06-03 22:45:46,55877.5,24168.4
2022-06-03 22:45:47,56923,23122.9
2022-06-03 22:45:48,58100.8,21945.2
2022-06-03 22:45:49,58615.5,21430.5
2022-06-03 22:45:50,58891.9,21154.1
2022-06-03 22:45:51,57664.3,22381.7
2022-06-03 22:45:52,57511.9,22534.1
2022-06-03 22:45:53,57180.9,22865.2
2022-06-03 22:45:54,57091.4,22954.6
2022-06-03 22:45:55,56484.4,23561.5
2022-06-03 22:45:56,56883.8,23162.2
2022-06-03 22:45:57,57181.6,22864.4
2022-06-03 22:45:58,57532.8,22513.1
2022-06-03 22:45:59,57152,22893.9
2022-06-03 22:46:00,57525.2,22520.8
2022-06-03 22:46:01,56846,23199.8
2022-06-03 22:46:02,57947.6,22098.3
2022-06-03 22:46:03,57597.3,22448.6
2022-06-03 22:46:04,58555.5,21490.4
2022-06-03 22:46:05,58207.2,21838.7
2022-06-03 22:46:06,57638,22407.9
2022-06-03 22:46:07,56829.7,23216.2
2022-06-03 22:46:08,56010.4,24035.6
2022-06-03 22:46:09,56456,23589.9
2022-06-03 22:46:10,57730.5,22315.3
2022-06-03 22:46:11,58038.9,22006.9
2022-06-03 22:46:12,58092.7,21953.2
2022-06-03 22:46:13,58222.6,21823.4
2022-06-03 22:46:14,57209.9,22836.1
2022-06-03 22:46:15,56146.3,23899.7
2022-06-03 22:46:16,56585.7,23460.2
2022-06-03 22:46:17,57327.2,22718.9
2022-06-03 22:46:18,57629.3,22416.5
2022-06-03 22:46:19,57597.3,22448.6
2022-06-03 22:46:20,57110.3,22935.7
2022-06-03 22:46:21,58232.3,21813.7
2022-06-03 22:46:22,57534.3,22511.6
2022-06-03 22:46:23,57256.5,22789.5
2022-06-03 22:46:24,57416.6,22629.3
2022-06-03 22:46:25,57820.9,22225
2022-06-03 22:46:26,58344.2,21701.8
2022-06-03 22:46:27,58684.6,21361.3
2022-06-03 22:46:28,57609.3,22436.5
2022-06-03 22:46:29,56401.9,23644.1
2022-06-03 22:46:30,55626.4,24419.7
2022-06-03 22:46:31,55362.6,24683.4
2022-06-03 22:46:32,56556.6,23489.4
2022-06-03 22:46:33,57110.5,22935.5
2022-06-03 22:46:34,58277.9,21768.1
2022-06-03 22:46:35,58150.1,21895.9
2022-06-03 22:46:36,57422.8,22623.1
2022-06-03 22:46:37,57342.6,22703.4
2022-06-03 22:46:38,57883.8,22162.1
2022-06-03 22:46:39,58316.8,21729.2
2022-06-03 22:46:40,58696.7,21349.1
2022-06-03 22:46:41,57841.5,22204.5
2022-06-03 22:46:42,56961.7,23084.3
2022-06-03 22:46:43,56164.1,23881.9
2022-06-03 22:46:44,56186.2,23859.8
2022-06-03 22:46:45,56043.4,24002.6
2022-06-03 22:46:46,56265,23781
2022-06-03 22:46:47,56844.2,23201.8
2022-06-03 22:46:48,57258.5,22787.5
2022-06-03 22:46:49,57512.1,22533.8
2022-06-03 22:46:50,57789.6,22256.4
2022-06-03 22:46:51,57846.2,22199.9
2022-06-03 22:46:52,57732.6,22313.4
2022-06-03 22:46:53,57962.1,22083.8
2022-06-03 22:46:54,57598.4,22447.6
2022-06-03 22:46:55,57725.3,22320.7
2022-06-03 22:46:56,57977.3,22068.8
2022-06-03 22:46:57,57455.3,22590.6
2022-06-03 22:46:58,56843.2,23202.7
2022-06-03 22:46:59,56911.3,23134.6
2022-06-03 22:47:00,55710.9,24335
2022-06-03 22:47:01,56077.2,23968.7
2022-06-03 22:47:02,56179,23867
2022-06-03 22:47:03,57322.7,22723.2
2022-06-03 22:47:04,58025.1,22020.8
2022-06-03 22:47:05,58692.8,21353.1
2022-06-03 22:47:06,58340.9,21704.9
2022-06-03 22:47:07,57919.5,22126.5
2022-06-03 22:47:08,58583.8,21462.3
2022-06-03 22:47:09,58877.3,21168.6
2022-06-03 22:47:10,57648.5,22397.4
2022-06-03 22:47:11,57630.9,22415
2022-06-03 22:47:12,56800.3,23245.6
2022-06-03 22:47:13,55913.4,24132.5
2022-06-03 22:47:14,55499.2,24546.8
2022-06-03 22:47:15,56009.8,24036.2
2022-06-03 22:47:16,55865.6,24180.3
2022-06-03 22:47:17,57249,22796.9
2022-06-03 22:47:18,58023.9,22021.9
2022-06-03 22:47:19,58527.9,21518.1
2022-06-03 22:47:20,59264.3,20781.6
2022-06-03 22:47:21,58531.7,21514.3
2022-06-03 22:47:22,59075,20970.9
2022-06-03 22:47:23,58506.9,21539.1
2022-06-03 22:47:24,57791.1,22254.8
2022-06-03 22:47:25,57545.5,22500.5
2022-06-03 22:47:26,56540.5,23505.5
2022-06-03 22:47:27,56121.2,23924.6
2022-06-03 22:47:28,55771,24274.9
2022-06-03 22:47:29,54746.1,25299.8
2022-06-03 22:47:30,56338.9,23707
2022-06-03 22:47:31,57399,22646.9
2022-06-03 22:47:32,57729.3,22316.8
2022-06-03 22:47:33,58562,21483.9
2022-06-03 22:47:34,59231.3,20814.7
2022-06-03 22:47:35,59219.2,20826.7
2022-06-03 22:47:36,58329.3,21716.6
2022-06-03 22:47:37,58168.1,21877.7
2022-06-03 22:47:38,57409.6,22636.4
2022-06-03 22:47:39,56271.3,23774.6
2022-06-03 22:47:40,56019.7,24026.2
2022-06-03 22:47:41,56004.3,24041.6
2022-06-03 22:47:42,55985.2,24060.7
2022-06-03 22:47:43,56455.3,23590.7
2022-06-03 22:47:44,56344.1,23701.9
2022-06-03 22:47:45,56865.7,23180.1
2022-06-03 22:47:46,57041.2,23004.9
2022-06-03 22:47:47,57316.8,22729.1
2022-06-03 22:47:48,58745.2,21300.7
2022-06-03 22:47:49,58892.6,21153.4
2022-06-03 22:47:50,58382.4,21663.5
2022-06-03 22:47:51,57664.6,22381.3
2022-06-03 22:47:52,56893.9,23152
2022-06-03 22:47:53,56830.4,23215.6
2022-06-03 22:47:54,57249.8,22796.2
2022-06-03 22:47:55,57231.8,22814.1
2022-06-03 22:47:56,56595,23451
2022-06-03 22:47:57,56082.3,23963.8
2022-06-03 22:47:58,57334.6,22711.3
2022-06-03 22:47:59,57393.4,22652.4
2022-06-03 22:48:00,57292.3,22753.6
2022-06-03 22:48:01,57286.9,22759
2022-06-03 22:48:02,57802.7,22243.3
2022-06-03 22:48:03,57504.5,22541.4
2022-06-03 22:48:04,57663.5,22382.4
2022-06-03 22:48:05,58276.2,21769.7
2022-06-03 22:48:06,58103.6,21942.3
2022-06-03 22:48:07,57201.5,22844.4
2022-06-03 22:48:08,57409.2,22636.7
2022-06-03 22:48:09,56875,23170.9
2022-06-03 22:48:10,56811.4,23234.6
2022-06-03 22:48:11,56928.6,23117.4
2022-06-03 22:48:12,56666.1,23379.8
2022-06-03 22:48:13,57107.3,22938.7
2022-06-03 22:48:14,56472.7,23573.2
2022-06-03 22:48:15,57218.1,22827.9
2022-06-03 22:48:16,57758.2,22287.7
2022-06-03 22:48:17,57972.9,22073
2022-06-03 22:48:18,57577,22469.1
2022-06-03 22:48:19,57825,22221
2022-06-03 22:48:20,58130.1,21915.8
2022-06-03 22:48:21,57536.5,22509.5
2022-06-03 22:48:22,56465,23581
2022-06-03 22:48:23,56507.6,23538.2
2022-06-03 22:48:24,56851.5,23194.5
2022-06-03 22:48:25,56979.3,23066.7
2022-06-03 22:48:26,57246.5,22799.5
2022-06-03 22:48:27,56960.2,23085.7
2022-06-03 22:48:28,57068.6,22977.4
2022-06-03 22:48:29,57892,22153.9
2022-06-03 22:48:30,57184.1,22861.8
2022-06-03 22:48:31,57309.2,22736.9
2022-06-03 22:48:32,57903.3,22142.7
2022-06-03 22:48:33,58452.3,21593.7
2022-06-03 22:48:34,58582.6,21463.2
2022-06-03 22:48:35,58589.8,21456.2
2022-06-03 22:48:36,57593.2,22452.8
2022-06-03 22:48:37,56787.8,23258.1
2022-06-03 22:48:38,56710.5,23335.5
2022-06-03 22:48:39,56730.8,23315.1
2022-06-03 22:48:40,56494.8,23551.1
2022-06-03 22:48:41,56629,23416.9
2022-06-03 22:48:42,56680.5,23365.5
2022-06-03 22:48:43,57578.7,22467.2
2022-06-03 22:48:44,57172.3,22873.7
2022-06-03 22:48:45,57389.3,22656.5
2022-06-03 22:48:46,58237.6,21808.3
2022-06-03 22:48:47,58212.9,21833
2022-06-03 22:48:48,57895.5,22150.5
2022-06-03 22:48:49,58745.1,21300.8
2022-06-03 22:48:50,57801.6,22244.3
2022-06-03 22:48:51,57109.8,22936.2
2022-06-03 22:48:52,56884.2,23161.7
2022-06-03 22:48:53,55660.7,24385.1
2022-06-03 22:48:54,55772.9,24272.9
2022-06-03 22:48:55,55496.4,24549.4
2022-06-03 22:48:56,56844.5,23201.5
2022-06-03 22:48:57,57697.4,22348.5
2022-06-03 22:48:58,58176.2,21869.7
2022-06-03 22:48:59,59187.1,20858.9
2022-06-03 22:49:00,59172.2,20873.7
2022-06-03 22:49:01,58460.6,21585.3
2022-06-03 22:49:02,58105.7,21940.2
2022-06-03 22:49:03,57874.5,22171.6
2022-06-03 22:49:04,57536.3,22509.7
2022-06-03 22:49:05,56943,23102.9
2022-06-03 22:49:06,56997.7,23048.2
2022-06-03 22:49:07,55875.4,24170.4
2022-06-03 22:49:08,55365.9,24680
2022-06-03 22:49:09,55672.4,24373.4
2022-06-03 22:49:10,57342.3,22703.6
2022-06-03 22:49:11,57927.7,22118.2
2022-06-03 22:49:12,58501.4,21544.5
2022-06-03 22:49:13,58920.6,21125.3
2022-06-03 22:49:14,58188.3,21857.8
2022-06-03 22:49:15,57741.1,22304.8
2022-06-03 22:49:16,57571.8,22474.2
2022-06-03 22:49:17,56666.4,23379.5
2022-06-03 22:49:18,56530.4,23515.5
2022-06-03 22:49:19,55972.1,24073.8
2022-06-03 22:49:20,56077.1,23968.8
2022-06-03 22:49:21,56182.5,23863.3
2022-06-03 22:49:22,56295.1,23750.8
2022-06-03 22:49:23,57451.4,22594.5
2022-06-03 22:49:24,57365.1,22680.9
2022-06-03 22:49:25,58836.3,21209.6
2022-06-03 22:49:26,58611.6,21434.2
2022-06-03 22:49:27,58858.9,21187.1
2022-06-03 22:49:28,58066.4,21979.4
2022-06-03 22:49:29,57727,22318.8
2022-06-03 22:49:30,56773.3,23272.6
2022-06-03 22:49:31,56483.9,23562
2022-06-03 22:49:32,55973.4,24072.5
2022-06-03 22:49:33,56356,23689.9
2022-06-03 22:49:34,56883.9,23162
2022-06-03 22:49:35,57298.2,22747.8
2022-06-03 22:49:36,58146.9,21899.1
2022-06-03 22:49:37,57538.9,22507
2022-06-03 22:49:38,57164,22882
2022-06-03 22:49:39,57498.4,22547.5
2022-06-03 22:49:40,57281.9,22764
2022-06-03 22:49:41,57565.1,22480.8
2022-06-03 22:49:42,57491.9,22554.1
2022-06-03 22:49:43,57170.6,22875.4
2022-06-03 22:49:44,56929,23116.9
2022-06-03 22:49:45,57175.6,22870.3
2022-06-03 22:49:46,56677.8,23368.2
2022-06-03 22:49:47,57267.5,22778.4
2022-06-03 22:49:48,57898.7,22147.3
2022-06-03 22:49:49,57527.3,22518.7
2022-06-03 22:49:50,57432.1,22613.9
2022-06-03 22:49:51,56655.6,23390.3
2022-06-03 22:49:52,56104.9,23941
2022-06-03 22:49:53,55920.8,24125.2
2022-06-03 22:49:54,57413,22633
2022-06-03 22:49:55,58201.2,21844.7
2022-06-03 22:49:56,58066.4,21979.4
2022-06-03 22:49:57,57571,22474.9
2022-06-03 22:49:58,57862.7,22183.2
2022-06-03 22:49:59,57654,22391.8
2022-06-03 22:50:00,57807.5,22238.3
2022-06-03 22:50:01,57552.8,22493.1
2022-06-03 22:50:02,57349.1,22696.9
2022-06-03 22:50:03,57104.6,22941.2
2022-06-03 22:50:04,56172.1,23873.8
2022-06-03 22:50:05,56061.9,23983.9
2022-06-03 22:50:06,56390.1,23655.8
2022-06-03 22:50:07,56506.4,23539.5
2022-06-03 22:50:08,57426.5,22619.5
2022-06-03 22:50:09,58667.5,21378.4
2022-06-03 22:50:10,58197,21848.9
2022-06-03 22:50:11,58959.9,21086.1
2022-06-03 22:50:12,58552.5,21493.3
2022-06-03 22:50:13,58230.8,21815.1
2022-06-03 22:50:14,57125.9,22920
2022-06-03 22:50:15,56498.8,23547.1
2022-06-03 22:50:16,55992.5,24053.5
2022-06-03 22:50:17,56650.9,23395
2022-06-03 22:50:18,56302.5,23743.4
2022-06-03 22:50:19,57407,22639
2022-06-03 22:50:20,57556.9,22489.2
2022-06-03 22:50:21,56797.9,23248
2022-06-03 22:50:22,56726.7,23319.1
2022-06-03 22:50:23,58729.6,21316.4
2022-06-03 22:50:24,58814.5,21231.3
2022-06-03 22:50:25,58460.6,21585.3
2022-06-03 22:50:26,58105.5,21940.4
2022-06-03 22:50:27,57410,22635.9
2022-06-03 22:50:28,56303.6,23742.3
2022-06-03 22:50:29,55961.5,24084.4
2022-06-03 22:50:30,56279.6,23766.3
2022-06-03 22:50:31,56827.5,23218.4
2022-06-03 22:50:32,56595.9,23450.1
2022-06-03 22:50:33,57055.8,22990.1
2022-06-03 22:50:34,56635.4,23410.6
2022-06-03 22:50:35,56470.9,23575.1
2022-06-03 22:50:36,56833.3,23212.6
2022-06-03 22:50:37,58522.7,21523.2
2022-06-03 22:50:38,58958.8,21087.1
2022-06-03 22:50:39,58505.1,21540.8
2022-06-03 22:50:40,58029.5,22016.5
2022-06-03 22:50:41,57018.7,23027.1
2022-06-03 22:50:42,57111.3,22934.7
2022-06-03 22:50:43,57772.7,22273.2
2022-06-03 22:50:44,56795.5,23250.4
2022-06-03 22:50:45,56506.3,23539.7
2022-06-03 22:50:46,55889.2,24156.7
2022-06-03 22:50:47,56034.4,24011.5
2022-06-03 22:50:48,56590,23455.9
2022-06-03 22:50:49,56592.9,23453.1
2022-06-03 22:50:50,57904.8,22141.1
2022-06-03 22:50:51,57733,22312.9
2022-06-03 22:50:52,58313.2,21732.7
2022-06-03 22:50:53,57574,22472
2022-06-03 22:50:54,58403.4,21642.5
2022-06-03 22:50:55,58655.8,21389.9
2022-06-03 22:50:56,58273.3,21772.5
2022-06-03 22:50:57,57151.7,22894.3
2022-06-03 22:50:58,56379.4,23666.5
2022-06-03 22:50:59,55869.1,24176.9
2022-06-03 22:51:00,56041.5,24004.4
2022-06-03 22:51:01,56067.2,23978.6
2022-06-03 22:51:02,57359.9,22686
2022-06-03 22:51:03,57331.7,22714.3
2022-06-03 22:51:04,57298.5,22747.4
2022-06-03 22:51:05,57942.3,22103.6
2022-06-03 22:51:06,58454.7,21591.2
2022-06-03 22:51:07,58767.1,21278.7
2022-06-03 22:51:08,58256.9,21789
2022-06-03 22:51:09,58206.3,21839.6
2022-06-03 22:51:10,57530.1,22515.7
2022-06-03 22:51:11,57370.9,22675
2022-06-03 22:51:12,56342.4,23703.6
2022-06-03 22:51:13,55734.3,24311.7
2022-06-03 22:51:14,56314.2,23731.7
2022-06-03 22:51:15,56677.7,23368.3
2022-06-03 22:51:16,56723.5,23322.5
2022-06-03 22:51:17,56788.1,23257.7
2022-06-03 22:51:18,58298.1,21747.8
2022-06-03 22:51:19,58321.2,21724.7
2022-06-03 22:51:20,58437.4,21608.5
2022-06-03 22:51:21,58125.6,21920.4
2022-06-03 22:51:22,57765.1,22280.8
2022-06-03 22:51:23,57635.4,22410.5
2022-06-03 22:51:24,57155,22890.9
2022-06-03 22:51:25,57087.6,22958.3
2022-06-03 22:51:26,56802.9,23243
2022-06-03 22:51:27,56713.8,23332
2022-06-03 22:51:28,56817,23228.9
2022-06-03 22:51:29,57235.2,22810.8
2022-06-03 22:51:30,56771.6,23274.4
2022-06-03 22:51:31,57448.5,22597.5
2022-06-03 22:51:32,56598.9,23447.1
2022-06-03 22:51:33,57050.5,22995.6
2022-06-03 22:51:34,57708.3,22337.8
2022-06-03 22:51:35,57377.6,22668.4
2022-06-03 22:51:36,57462.4,22583.6
2022-06-03 22:51:37,57867.9,22178
2022-06-03 22:51:38,57292.4,22753.5
2022-06-03 22:51:39,56320.7,23725.3
2022-06-03 22:51:40,57872.7,22173.2
2022-06-03 22:51:41,57634.2,22411.7
2022-06-03 22:51:42,57239.9,22806
2022-06-03 22:51:43,56827,23219
2022-06-03 22:51:44,56537.2,23508.6
2022-06-03 22:51:45,56585.5,23460.5
2022-06-03 22:51:46,57191,22854.9
2022-06-03 22:51:47,57627.7,22418.3
2022-06-03 22:51:48,57581.3,22464.6
2022-06-03 22:51:49,57541.4,22504.6
2022-06-03 22:51:50,57891.3,22154.6
2022-06-03 22:51:51,57871.7,22174.2
2022-06-03 22:51:52,58387.7,21658.1
2022-06-03 22:51:53,58804.5,21241.6
2022-06-03 22:51:54,58304.3,21741.6
2022-06-03 22:51:55,57512.6,22533.2
2022-06-03 22:51:56,56969.5,23076.3
2022-06-03 22:51:57,56996.3,23049.6
2022-06-03 22:51:58,56146,23900
2022-06-03 22:51:59,56717.9,23328
2022-06-03 22:52:00,56016.9,24029
2022-06-03 22:52:01,56535.6,23510.3
2022-06-03 22:52:02,56661.3,23384.6
2022-06-03 22:52:03,57268.6,22777.4
2022-06-03 22:52:04,57655,22390.9
2022-06-03 22:52:05,58461.3,21584.6
2022-06-03 22:52:06,59380.6,20665.4
2022-06-03 22:52:07,58472.4,21573.6
2022-06-03 22:52:08,57542.3,22503.5
2022-06-03 22:52:09,57961.2,22084.8
2022-06-03 22:52:10,57056.1,22989.9
2022-06-03 22:52:11,56673.3,23372.6
2022-06-03 22:52:12,55506.6,24539.3
2022-06-03 22:52:13,55212.6,24833.2
2022-06-03 22:52:14,55304.7,24741.2
2022-06-03 22:52:15,56654.1,23391.8
2022-06-03 22:52:16,56945.5,23100.4
2022-06-03 22:52:17,57693.4,22352.5
2022-06-03 22:52:18,57728,22317.8
2022-06-03 22:52:19,58898.9,21147.1
2022-06-03 22:52:20,59197.6,20848.3
2022-06-03 22:52:21,58371.3,21674.6
2022-06-03 22:52:22,57784.6,22261.4
2022-06-03 22:52:23,57767.8,22278.1
2022-06-03 22:52:24,57252.6,22793.3
2022-06-03 22:52:25,56434.5,23611.5
2022-06-03 22:52:26,56578.4,23467.5
2022-06-03 22:52:27,56428.5,23617.3
2022-06-03 22:52:28,56139,23907
2022-06-03 22:52:29,55646.6,24399.3
2022-06-03 22:52:30,55979.5,24066.5
2022-06-03 22:52:31,57320,22726
2022-06-03 22:52:32,57545.7,22500.2
2022-06-03 22:52:33,58382.6,21663.3
2022-06-03 22:52:34,58794.4,21251.5
2022-06-03 22:52:35,58119.7,21926.2
2022-06-03 22:52:36,57658.5,22387.5
2022-06-03 22:52:37,57627.3,22418.6
2022-06-03 22:52:38,57922.4,22123.5
2022-06-03 22:52:39,57953.5,22092.4
2022-06-03 22:52:40,56969.3,23076.7
2022-06-03 22:52:41,56553.7,23492.1
2022-06-03 22:52:42,55881.1,24164.8
2022-06-03 22:52:43,56267.3,23778.6
2022-06-03 22:52:44,56836.9,23209
2022-06-03 22:52:45,56527.6,23518.3
2022-06-03 22:52:46,57098.7,22947.3
2022-06-03 22:52:47,57123.8,22922.1
2022-06-03 22:52:48,57617.3,22428.6
2022-06-03 22:52:49,58167.1,21878.9
2022-06-03 22:52:50,57925.5,22120.4
2022-06-03 22:52:51,57865.5,22180.4
2022-06-03 22:52:52,57851,22194.9
2022-06-03 22:52:53,57790.9,22255.1
2022-06-03 22:52:54,57060.8,22985.2
2022-06-03 22:52:55,56638,23407.9
2022-06-03 22:52:56,56182.5,23863.4
2022-06-03 22:52:57,56751.8,23294.2
2022-06-03 22:52:58,55409.4,24636.6
2022-06-03 22:52:59,55513.7,24532.2
2022-06-03 22:53:00,56512.6,23533.3
2022-06-03 22:53:01,57611.7,22434.2
2022-06-03 22:53:02,57661.9,22384
2022-06-03 22:53:03,58782.2,21263.8
2022-06-03 22:53:04,59190.3,20855.6
2022-06-03 22:53:05,58224.9,21820.9
2022-06-03 22:53:06,57174.2,22871.7
2022-06-03 22:53:07,57037.3,23008.6
2022-06-03 22:53:08,57481.4,22564.5
2022-06-03 22:53:09,56521.4,23524.5
2022-06-03 22:53:10,56041.4,24004.6
2022-06-03 22:53:11,57127.3,22918.5
2022-06-03 22:53:12,56670.8,23375.1
2022-06-03 22:53:13,56605.4,23440.4
2022-06-03 22:53:14,56308.6,23737.3
2022-06-03 22:53:15,57740,22306
2022-06-03 22:53:16,57035.3,23010.7
2022-06-03 22:53:17,58112.6,21933.3
2022-06-03 22:53:18,58829.8,21216.1
2022-06-03 22:53:19,58313.9,21732
2022-06-03 22:53:20,57521.8,22524.2
2022-06-03 22:53:21,57520.1,22525.8
2022-06-03 22:53:22,57518.4,22527.6
2022-06-03 22:53:23,57216.4,22829.6
2022-06-03 22:53:24,57657.3,22388.7
2022-06-03 22:53:25,57266,22780
2022-06-03 22:53:26,56816.3,23229.6
2022-06-03 22:53:27,56664,23382
2022-06-03 22:53:28,57303,22743
2022-06-03 22:53:29,57361.5,22684.5
2022-06-03 22:53:30,57037.7,23008.2
2022-06-03 22:53:31,57465.6,22580.3
2022-06-03 22:53:32,57562.9,22483
2022-06-03 22:53:33,58544.7,21501.2
2022-06-03 22:53:34,57631,22415
2022-06-03 22:53:35,58204.2,21841.7
2022-06-03 22:53:36,57809.3,22236.5
2022-06-03 22:53:37,57794.5,22251.5
2022-06-03 22:53:38,58187,21858.9
2022-06-03 22:53:39,57369,22677
2022-06-03 22:53:40,57107.5,22938.5
2022-06-03 22:53:41,57050.8,22995.1
2022-06-03 22:53:42,56210.4,23835.6
2022-06-03 22:53:43,56382.4,23663.5
2022-06-03 22:53:44,56062.6,23983.3
2022-06-03 22:53:45,56249.4,23796.4
2022-06-03 22:53:46,58468.4,21577.4
2022-06-03 22:53:47,58526.3,21519.6
2022-06-03 22:53:48,58442.5,21603.5
2022-06-03 22:53:49,58239.9,21806.1
2022-06-03 22:53:50,57638.8,22407.1
2022-06-03 22:53:51,57445.7,22600.2
2022-06-03 22:53:52,57769,22276.8
2022-06-03 22:53:53,57162.9,22882.9
2022-06-03 22:53:54,56887.4,23158.4
2022-06-03 22:53:55,56783.9,23262.1
2022-06-03 22:53:56,56132.6,23913.2
2022-06-03 22:53:57,56405.4,23640.5
2022-06-03 22:53:58,56932.4,23113.6
2022-06-03 22:53:59,57252.6,22793.4
2022-06-03 22:54:00,57773.6,22272.2
2022-06-03 22:54:01,58905.8,21140.2
2022-06-03 22:54:02,57941.2,22104.6
2022-06-03 22:54:03,57520.8,22525.1
2022-06-03 22:54:04,57528.5,22517.4
2022-06-03 22:54:05,56604.7,23441.2
2022-06-03 22:54:06,56687,23359
2022-06-03 22:54:07,56313.5,23732.4
2022-06-03 22:54:08,57020.7,23025.4
2022-06-03 22:54:09,57239.4,22806.4
2022-06-03 22:54:10,58202.3,21843.8
2022-06-03 22:54:11,57744.9,22301
2022-06-03 22:54:12,56965.9,23079.9
2022-06-03 22:54:13,56983.7,23062.3
2022-06-03 22:54:14,56881.8,23164
2022-06-03 22:54:15,56903.7,23142.3
2022-06-03 22:54:16,57006.4,23039.5
2022-06-03 22:54:17,57460.9,22585
2022-06-03 22:54:18,57205,22840.9
2022-06-03 22:54:19,56874.6,23171.3
2022-06-03 22:54:20,57476.5,22569.5
2022-06-03 22:54:21,57620.3,22425.6
2022-06-03 22:54:22,58160,21886.1
2022-06-03 22:54:23,58208.8,21837.2
2022-06-03 22:54:24,58319.9,21726
2022-06-03 22:54:25,57677.2,22368.8
2022-06-03 22:54:26,56752,23294
2022-06-03 22:54:27,56017.8,24028.1
2022-06-03 22:54:28,56169.9,23876.1
2022-06-03 22:54:29,56667.6,23378.3
2022-06-03 22:54:30,56088.3,23957.5
2022-06-03 22:54:31,58426.7,21619.2
2022-06-03 22:54:32,58332.1,21713.9
2022-06-03 22:54:33,58371.6,21674.5
2022-06-03 22:54:34,58278.2,21767.7
2022-06-03 22:54:35,58054.5,21991.4
2022-06-03 22:54:36,57957.9,22088
2022-06-03 22:54:37,58265.9,21780.1
2022-06-03 22:54:38,57615.4,22430.6
2022-06-03 22:54:39,57041,23004.9
2022-06-03 22:54:40,56323.7,23722.3
2022-06-03 22:54:41,55637.9,24408.1
2022-06-03 22:54:42,56188.1,23857.9
2022-06-03 22:54:43,56475.9,23570
2022-06-03 22:54:44,57702.3,22343.6
2022-06-03 22:54:45,58140.6,21905.4
2022-06-03 22:54:46,58908.2,21137.8
2022-06-03 22:54:47,58547.2,21498.7
2022-06-03 22:54:48,57847.8,22198.2
2022-06-03 22:54:49,57872.8,22173.2
2022-06-03 22:54:50,57574.7,22471.4
2022-06-03 22:54:51,56891.5,23154.4
2022-06-03 22:54:52,57116.7,22929.3
2022-06-03 22:54:53,56541.1,23504.8
2022-06-03 22:54:54,56679.8,23366.2
2022-06-03 22:54:55,56632.2,23413.7
2022-06-03 22:54:56,56761.3,23284.5
2022-06-03 22:54:57,57119.9,22925.9
2022-06-03 22:54:58,57298.9,22747.1
2022-06-03 22:54:59,56688.4,23357.5
2022-06-03 22:55:00,58771.8,21274.2
2022-06-03 22:55:01,58918.8,21127.1
2022-06-03 22:55:02,57841.2,22204.8
2022-06-03 22:55:03,57424.3,22621.5
2022-06-03 22:55:04,57344.4,22701.5
2022-06-03 22:55:05,57109.3,22936.5
2022-06-03 22:55:06,56760.1,23285.8
2022-06-03 22:55:07,57969.3,22076.6
2022-06-03 22:55:08,57507.4,22538.6
2022-06-03 22:55:09,57316,22729.9
2022-06-03 22:55:10,56839.2,23206.7
2022-06-03 22:55:11,57073.6,22972.3
2022-06-03 22:55:12,56923,23123
2022-06-03 22:55:13,57246.4,22799.5
2022-06-03 22:55:14,57487.3,22558.7
2022-06-03 22:55:15,57971.5,22074.3
2022-06-03 22:55:16,57678.3,22367.6
2022-06-03 22:55:17,57608.7,22437.3
2022-06-03 22:55:18,57917.1,22128.9
2022-06-03 22:55:19,57543.4,22502.5
2022-06-03 22:55:20,56998.8,23047.1
2022-06-03 22:55:21,57996.2,22049.7
2022-06-03 22:55:22,57776.5,22269.4
2022-06-03 22:55:23,58151.4,21894.5
2022-06-03 22:55:24,57611.8,22434.2
2022-06-03 22:55:25,56977.9,23068
2022-06-03 22:55:26,56829.3,23216.6
2022-06-03 22:55:27,56306.5,23739.3
2022-06-03 22:55:28,56834.3,23211.5
2022-06-03 22:55:29,56722.3,23323.7
2022-06-03 22:55:30,57185.3,22860.6
2022-06-03 22:55:31,57186.9,22859
2022-06-03 22:55:32,56964.3,23081.6
2022-06-03 22:55:33,57129.5,22916.5
2022-06-03 22:55:34,58320.7,21725.3
2022-06-03 22:55:35,58440.7,21605.3
2022-06-03 22:55:36,58987,21058.9
2022-06-03 22:55:37,57890.3,22155.7
2022-06-03 22:55:38,57149.6,22896.3
2022-06-03 22:55:39,57093.8,22952
2022-06-03 22:55:40,56246.4,23799.5
2022-06-03 22:55:41,56120.2,23925.7
2022-06-03 22:55:42,55694.8,24351.1
2022-06-03 22:55:43,57564.2,22481.8
2022-06-03 22:55:44,56740.1,23305.8
2022-06-03 22:55:45,56709.6,23336.3
2022-06-03 22:55:46,56774.1,23271.8
2022-06-03 22:55:47,56996.1,23049.8
2022-06-03 22:55:48,57937.6,22108.4
2022-06-03 22:55:49,59208.6,20837.3
2022-06-03 22:55:50,58514,21532
2022-06-03 22:55:51,58170,21875.9
2022-06-03 22:55:52,57528.1,22517.8
2022-06-03 22:55:53,56999.9,23046
2022-06-03 22:55:54,56831.2,23214.7
2022-06-03 22:55:55,56428.9,23617.1
2022-06-03 22:55:56,56470.5,23575.5
2022-06-03 22:55:57,55746.3,24299.7
2022-06-03 22:55:58,56376.4,23669.7
2022-06-03 22:55:59,56747,23298.8
2022-06-03 22:56:00,57956.5,22089.4
2022-06-03 22:56:01,58047.9,21998.1
2022-06-03 22:56:02,57776.8,22269.1
2022-06-03 22:56:03,57437.8,22608.1
2022-06-03 22:56:04,57868.8,22177.2
2022-06-03 22:56:05,59380.5,20665.3
2022-06-03 22:56:06,58364.2,21681.7
2022-06-03 22:56:07,57391.3,22654.6
2022-06-03 22:56:08,56424,23621.9
2022-06-03 22:56:09,56365.2,23680.7
2022-06-03 22:56:10,56225.9,23820
2022-06-03 22:56:11,56088.6,23957.4
2022-06-03 22:56:12,56339.2,23706.8
2022-06-03 22:56:13,57706.2,22339.7
2022-06-03 22:56:14,56972.3,23073.5
2022-06-03 22:56:15,57809.9,22236.1
2022-06-03 22:56:16,57432.6,22613.2
2022-06-03 22:56:17,57527.5,22518.4
2022-06-03 22:56:18,57857.7,22188.3
2022-06-03 22:56:19,59026.6,21019.4
2022-06-03 22:56:20,58083.7,21962.2
2022-06-03 22:56:21,57709.1,22336.9
2022-06-03 22:56:22,57065.5,22980.4
2022-06-03 22:56:23,56821.3,23224.6
2022-06-03 22:56:24,56058.7,23987.2
2022-06-03 22:56:25,56269.3,23776.6
2022-06-03 22:56:26,57502,22543.9
2022-06-03 22:56:27,57467.2,22578.7
2022-06-03 22:56:28,57680.6,22365.2
2022-06-03 22:56:29,58136.2,21909.8
2022-06-03 22:56:30,57902.6,22143.4
2022-06-03 22:56:31,57634.6,22411.3
2022-06-03 22:56:32,56952,23093.8
2022-06-03 22:56:33,58046.1,21999.9
2022-06-03 22:56:34,58324.9,21721
2022-06-03 22:56:35,58142.5,21903.4
2022-06-03 22:56:36,56938,23108
2022-06-03 22:56:37,56469,23577
2022-06-03 22:56:38,56389.4,23656.6
2022-06-03 22:56:39,56556.5,23489.4
2022-06-03 22:56:40,56735.3,23310.7
2022-06-03 22:56:41,57160.8,22885
2022-06-03 22:56:42,56919.4,23126.6
2022-06-03 22:56:43,56842.2,23203.8
2022-06-03 22:56:44,57648.9,22397.2
2022-06-03 22:56:45,57566.7,22479.2
2022-06-03 22:56:46,58724.8,21321.1
2022-06-03 22:56:47,58029.9,22016.1
2022-06-03 22:56:48,58535.2,21510.7
2022-06-03 22:56:49,57905.7,22140.2
2022-06-03 22:56:50,57359.4,22686.6
2022-06-03 22:56:51,57397.9,22648.1
2022-06-03 22:56:52,57652.8,22393.2
2022-06-03 22:56:53,56977.7,23068.2
2022-06-03 22:56:54,56384.8,23661.2
2022-06-03 22:56:55,55929.9,24116
2022-06-03 22:56:56,56558.4,23487.7
2022-06-03 22:56:57,56824.4,23221.5
2022-06-03 22:56:58,57406.6,22639.3
2022-06-03 22:56:59,57189.3,22856.6
2022-06-03 22:57:00,57823.9,22222.1
2022-06-03 22:57:01,58471.3,21574.6
2022-06-03 22:57:02,58464.4,21581.5
2022-06-03 22:57:03,58789.4,21256.6
2022-06-03 22:57:04,58479.1,21566.9
2022-06-03 22:57:05,58154.7,21891.2
2022-06-03 22:57:06,57590,22456
2022-06-03 22:57:07,56784.7,23261.3
2022-06-03 22:57:08,56300.7,23745.2
2022-06-03 22:57:09,56373.3,23672.7
2022-06-03 22:57:10,56589.8,23456.1
2022-06-03 22:57:11,56414.3,23631.7
2022-06-03 22:57:12,56273.4,23772.4
2022-06-03 22:57:13,56789.5,23256.5
2022-06-03 22:57:14,57979.5,22066.4
2022-06-03 22:57:15,57956.8,22089.2
2022-06-03 22:57:16,58710.6,21335.3
2022-06-03 22:57:17,58460.3,21585.6
2022-06-03 22:57:18,58347.6,21698.2
2022-06-03 22:57:19,57822.9,22223
2022-06-03 22:57:20,58218.7,21827.4
2022-06-03 22:57:21,57317.9,22728
2022-06-03 22:57:22,56752.4,23293.5
2022-06-03 22:57:23,56667.3,23378.6
2022-06-03 22:57:24,56322.8,23723.1
2022-06-03 22:57:25,55647.1,24398.8
2022-06-03 22:57:26,56315,23730.8
2022-06-03 22:57:27,56796.3,23249.6
2022-06-03 22:57:28,56940.1,23105.8
2022-06-03 22:57:29,58928.8,21117.1
2022-06-03 22:57:30,58620.6,21425.4
2022-06-03 22:57:31,58401.2,21644.7
2022-06-03 22:57:32,58716.9,21329.1
2022-06-03 22:57:33,57595,22451
2022-06-03 22:57:34,58334.2,21711.7
2022-06-03 22:57:35,57662.4,22383.7
2022-06-03 22:57:36,57534.5,22511.3
2022-06-03 22:57:37,56488.3,23557.7
2022-06-03 22:57:38,56426.7,23619.2
2022-06-03 22:57:39,55832.8,24213.2
2022-06-03 22:57:40,56014.1,24031.8
2022-06-03 22:57:41,55843.7,24202.2
2022-06-03 22:57:42,57880.5,22165.6
2022-06-03 22:57:43,57991,22054.9
2022-06-03 22:57:44,58899.7,21146.2
2022-06-03 22:57:45,58874.4,21171.5
2022-06-03 22:57:46,58732.1,21313.8
2022-06-03 22:57:47,58602,21443.9
2022-06-03 22:57:48,57958,22088
2022-06-03 22:57:49,57340.7,22705.4
2022-06-03 22:57:50,56714,23331.8
2022-06-03 22:57:51,57269.7,22776.2
2022-06-03 22:57:52,55918.3,24127.6
2022-06-03 22:57:53,55335.8,24710.2
2022-06-03 22:57:54,55802.3,24243.6
2022-06-03 22:57:55,56847.4,23198.5
2022-06-03 22:57:56,57532.7,22513.3
2022-06-03 22:57:57,58931.4,21114.5
2022-06-03 22:57:58,58583.7,21462.2
2022-06-03 22:57:59,58357.5,21688.4
2022-06-03 22:58:00,57916.3,22129.5
2022-06-03 22:58:01,57097.5,22948.3
2022-06-03 22:58:02,57721.9,22324
2022-06-03 22:58:03,57573.5,22472.5
2022-06-03 22:58:04,57538.2,22507.7
2022-06-03 22:58:05,56547.8,23498.1
2022-06-03 22:58:06,56518.5,23527.4
2022-06-03 22:58:07,56783.2,23262.8
2022-06-03 22:58:08,56954.5,23091.3
2022-06-03 22:58:09,56936.3,23109.5
2022-06-03 22:58:10,57058.6,22987.3
2022-06-03 22:58:11,57511.8,22534.1
2022-06-03 22:58:12,57910.9,22135.1
2022-06-03 22:58:13,57189.8,22856.1
2022-06-03 22:58:14,57460.4,22585.6
2022-06-03 22:58:15,57415,22630.9
2022-06-03 22:58:16,57076.8,22969.1
2022-06-03 22:58:17,58172.3,21873.7
2022-06-03 22:58:18,57568.5,22477.4
2022-06-03 22:58:19,57379,22667
2022-06-03 22:58:20,58195.5,21850.5
2022-06-03 22:58:21,57708.8,22337.2
2022-06-03 22:58:22,56858.2,23187.7
2022-06-03 22:58:23,55642.8,24403.2
2022-06-03 22:58:24,55925.5,24120.4
2022-06-03 22:58:25,56552.8,23493
2022-06-03 22:58:26,57846.2,22199.8
2022-06-03 22:58:27,57556.2,22489.6
2022-06-03 22:58:28,57571.4,22474.6
2022-06-03 22:58:29,57660.1,22385.9
2022-06-03 22:58:30,57126.2,22919.7
2022-06-03 22:58:31,57649.4,22396.5
2022-06-03 22:58:32,58867.9,21177.8
2022-06-03 22:58:33,58644.4,21401.5
2022-06-03 22:58:34,57948.1,22097.8
2022-06-03 22:58:35,57058.1,22987.9
2022-06-03 22:58:36,55686.4,24359.4
2022-06-03 22:58:37,55514.9,24531
2022-06-03 22:58:38,55061.1,24984.9
2022-06-03 22:58:39,55758.9,24287.1
2022-06-03 22:58:40,57104.5,22941.5
2022-06-03 22:58:41,57658,22387.9
2022-06-03 22:58:42,57676.8,22369.2
2022-06-03 22:58:43,58101.1,21944.7
2022-06-03 22:58:44,58581.4,21464.6
2022-06-03 22:58:45,58515.3,21530.7
2022-06-03 22:58:46,58749.7,21296.2
2022-06-03 22:58:47,58621.4,21424.6
2022-06-03 22:58:48,57614.6,22431.3
2022-06-03 22:58:49,56815.1,23230.8
2022-06-03 22:58:50,55822.1,24223.8
2022-06-03 22:58:51,55704.6,24341.3
2022-06-03 22:58:52,55160.6,24885.3
2022-06-03 22:58:53,55255.7,24790.3
2022-06-03 22:58:54,56663.9,23382
2022-06-03 22:58:55,57151.7,22894.2
2022-06-03 22:58:56,58369,21676.9
2022-06-03 22:58:57,58818.2,21227.8
2022-06-03 22:58:58,58924.7,21121.1
2022-06-03 22:58:59,58296.4,21749.5
2022-06-03 22:59:00,57826.4,22219.6
2022-06-03 22:59:01,58261.3,21784.6
2022-06-03 22:59:02,57345.7,22700.3
2022-06-03 22:59:03,56615.7,23430.2
2022-06-03 22:59:04,56049.3,23996.6
2022-06-03 22:59:05,56161.2,23884.8
2022-06-03 22:59:06,55533.6,24512.3
2022-06-03 22:59:07,55295.4,24750.6
2022-06-03 22:59:08,56381.7,23664.3
2022-06-03 22:59:09,56987.4,23058.6
2022-06-03 22:59:10,58550.7,21495.2
2022-06-03 22:59:11,58458.8,21587.1
2022-06-03 22:59:12,58616.9,21429
2022-06-03 22:59:13,58158.4,21887.5
2022-06-03 22:59:14,57410.4,22635.5
2022-06-03 22:59:15,57323.2,22722.8
2022-06-03 22:59:16,57480.3,22565.6
2022-06-03 22:59:17,57564.5,22481.4
2022-06-03 22:59:18,56736.2,23309.8
2022-06-03 22:59:19,56910,23135.8
2022-06-03 22:59:20,56120.9,23925.1
2022-06-03 22:59:21,55796.4,24249.6
2022-06-03 22:59:22,56363.5,23682.4
2022-06-03 22:59:23,56658.5,23387.3
2022-06-03 22:59:24,57417.3,22628.5
2022-06-03 22:59:25,58196.2,21849.7
2022-06-03 22:59:26,58365.2,21680.8
2022-06-03 22:59:27,58196.4,21849.5
2022-06-03 22:59:28,57975.3,22070.6
2022-06-03 22:59:29,57284.4,22761.5
2022-06-03 22:59:30,58226.8,21819.2
2022-06-03 22:59:31,57312.7,22733.2
2022-06-03 22:59:32,57450.1,22595.8
2022-06-03 22:59:33,57654.5,22391.4
2022-06-03 22:59:34,56980.3,23065.8
2022-06-03 22:59:35,56986.7,23059.2
2022-06-03 22:59:36,56281,23764.8
2022-06-03 22:59:37,56374.7,23671.1
2022-06-03 22:59:38,56231.6,23814.2
2022-06-03 22:59:39,57524.6,22521.4
2022-06-03 22:59:40,57135.8,22910.1
2022-06-03 22:59:41,57371.2,22674.7
2022-06-03 22:59:42,58150.8,21895.1
2022-06-03 22:59:43,57565,22480.9
2022-06-03 22:59:44,58215.3,21830.5
2022-06-03 22:59:45,58113.6,21932.3
2022-06-03 22:59:46,57793.5,22252.4
2022-06-03 22:59:47,57943,22102.9
2022-06-03 22:59:48,57381.1,22664.8
2022-06-03 22:59:49,56839.2,23206.7
2022-06-03 22:59:50,55690.9,24355
2022-06-03 22:59:51,56439.6,23606.3
2022-06-03 22:59:52,56327.4,23718.4
2022-06-03 22:59:53,56597.4,23448.5
2022-06-03 22:59:54,57574.3,22471.7
2022-06-03 22:59:55,57639.9,22406
2022-06-03 22:59:56,58371.4,21674.5
2022-06-03 22:59:57,58182.6,21863.3
2022-06-03 22:59:58,57993.9,22052.1
2022-06-03 22:59:59,58442.6,21603.3
2022-06-03 23:00:00,58041.3,22004.7
2022-06-03 23:00:01,57744,22301.9
2022-06-03 23:00:02,56949.6,23096.3
2022-06-03 23:00:03,56179,23867
2022-06-03 23:00:04,56441.8,23604
2022-06-03 23:00:05,56582.5,23463.5
2022-06-03 23:00:06,56560.1,23485.8
2022-06-03 23:00:07,57167,22878.9
2022-06-03 23:00:08,57751,22294.9
2022-06-03 23:00:09,58032.6,22013.3
2022-06-03 23:00:10,57086.4,22959.6
2022-06-03 23:00:11,57911.3,22134.6
2022-06-03 23:00:12,57474.3,22571.6
2022-06-03 23:00:13,57710.8,22335.1
2022-06-03 23:00:14,57801.7,22244.2
2022-06-03 23:00:15,57476.3,22569.6
2022-06-03 23:00:16,57620.9,22425.2
2022-06-03 23:00:17,56691.7,23354.1
2022-06-03 23:00:18,56014.9,24031.1
2022-06-03 23:00:19,56112.1,23933.9
2022-06-03 23:00:20,56071.5,23974.5
2022-06-03 23:00:21,57324.7,22721.2
2022-06-03 23:00:22,57400.8,22645
2022-06-03 23:00:23,58428.1,21617.9
2022-06-03 23:00:24,57612.3,22433.7
2022-06-03 23:00:25,57543.1,22502.8
2022-06-03 23:00:26,57490.9,22555.1
2022-06-03 23:00:27,57664.6,22381.3
2022-06-03 23:00:28,57637.6,22408.3
2022-06-03 23:00:29,57756.4,22289.6
2022-06-03 23:00:30,57058.8,22987.1
2022-06-03 23:00:31,56358.9,23687
2022-06-03 23:00:32,56842.7,23203.2
2022-06-03 23:00:33,57072.6,22973.3
2022-06-03 23:00:34,56910.9,23135.1
2022-06-03 23:00:35,57232.3,22813.7
2022-06-03 23:00:36,57800.1,22245.9
2022-06-03 23:00:37,58040.4,22005.5
2022-06-03 23:00:38,57820.2,22225.8
2022-06-03 23:00:39,58380.2,21665.7
2022-06-03 23:00:40,57403.3,22642.7
2022-06-03 23:00:41,56832.6,23213.3
2022-06-03 23:00:42,56551.1,23494.8
2022-06-03 23:00:43,57159.8,22886.1
2022-06-03 23:00:44,57202.7,22843.3
2022-06-03 23:00:45,56512.3,23533.8
2022-06-03 23:00:46,57053.1,22992.8
2022-06-03 23:00:47,57386.4,22659.5
2022-06-03 23:00:48,57165.3,22880.6
2022-06-03 23:00:49,56898,23147.9
2022-06-03 23:00:50,57749.7,22296.2
2022-06-03 23:00:51,58449.8,21596.2
2022-06-03 23:00:52,57777.1,22268.9
2022-06-03 23:00:53,57585.6,22460.2
2022-06-03 23:00:54,57136.8,22909.1
2022-06-03 23:00:55,56217,23828.9
2022-06-03 23:00:56,55803.9,24242
2022-06-03 23:00:57,55934.7,24111.1
2022-06-03 23:00:58,56707.2,23338.8
2022-06-03 23:00:59,57245.1,22800.9
2022-06-03 23:01:00,58284.4,21761.5
2022-06-03 23:01:01,58057,21989
2022-06-03 23:01:02,58762.7,21283.3
2022-06-03 23:01:03,58373.9,21672
2022-06-03 23:01:04,57981.2,22064.8
2022-06-03 23:01:05,57385,22660.9
2022-06-03 23:01:06,57526.9,22519
2022-06-03 23:01:07,57000.6,23045.3
2022-06-03 23:01:08,56461.3,23584.6
2022-06-03 23:01:09,55895.6,24150.3
2022-06-03 23:01:10,55931.7,24114.3
2022-06-03 23:01:11,56157,23889.1
2022-06-03 23:01:12,56949,23097
2022-06-03 23:01:13,57453.2,22592.7
2022-06-03 23:01:14,58423,21622.9
2022-06-03 23:01:15,58585.5,21460.4
2022-06-03 23:01:16,58471,21575
2022-06-03 23:01:17,58254,21791.9
2022-06-03 23:01:18,57571.8,22474.1
2022-06-03 23:01:19,57441.3,22604.6
2022-06-03 23:01:20,57300.3,22745.6
2022-06-03 23:01:21,57064.8,22981.1
2022-06-03 23:01:22,56339.6,23706.3
2022-06-03 23:01:23,56917,23128.9
2022-06-03 23:01:24,57366.6,22679.3
2022-06-03 23:01:25,57781.7,22264.2
2022-06-03 23:01:26,57223.1,22822.9
2022-06-03 23:01:27,57788.2,22257.7
2022-06-03 23:01:28,58195.3,21850.6
2022-06-03 23:01:29,57874.6,22171.3
2022-06-03 23:01:30,57497.7,22548.2
2022-06-03 23:01:31,56707.9,23338
2022-06-03 23:01:32,56319.1,23726.9
2022-06-03 23:01:33,56188.6,23857.4
2022-06-03 23:01:34,56311.3,23734.6
2022-06-03 23:01:35,57550.1,22495.9
2022-06-03 23:01:36,58609.5,21436.5
2022-06-03 23:01:37,59341.8,20704.1
2022-06-03 23:01:38,58439.8,21606.3
2022-06-03 23:01:39,57402.4,22643.6
2022-06-03 23:01:40,56297.6,23748.3
2022-06-03 23:01:41,55545.9,24500.1
2022-06-03 23:01:42,56414.6,23631.3
2022-06-03 23:01:43,57272.4,22773.5
2022-06-03 23:01:44,56594.9,23451.1
2022-06-03 23:01:45,56328.4,23717.6
2022-06-03 23:01:46,55931.7,24114.2
2022-06-03 23:01:47,56926.7,23119.1
2022-06-03 23:01:48,58907.1,21138.8
2022-06-03 23:01:49,59268.6,20777.3
2022-06-03 23:01:50,59114.7,20931.3
2022-06-03 23:01:51,58777.5,21268.4
2022-06-03 23:01:52,58007.8,22038.1
2022-06-03 23:01:53,56874.9,23171
2022-06-03 23:01:54,56119,23926.9
2022-06-03 23:01:55,54901.5,25144.4
2022-06-03 23:01:56,54019.3,26026.6
2022-06-03 23:01:57,55110.7,24935.3
2022-06-03 23:01:58,56466.3,23579.7
2022-06-03 23:01:59,58402.5,21643.4
2022-06-03 23:02:00,58036.3,22009.6
2022-06-03 23:02:01,59040.3,21005.6
2022-06-03 23:02:02,58612.4,21433.7
2022-06-03 23:02:03,58296.7,21749.2
2022-06-03 23:02:04,58261.5,21784.4
2022-06-03 23:02:05,58204.4,21841.6
2022-06-03 23:02:06,57656.2,22389.8
2022-06-03 23:02:07,56656.5,23389.5
2022-06-03 23:02:08,55691,24354.9
2022-06-03 23:02:09,54893.9,25152
2022-06-03 23:02:10,55179.8,24866.2
2022-06-03 23:02:11,55401.5,24644.4
2022-06-03 23:02:12,58320.1,21725.9
2022-06-03 23:02:13,59015.7,21030.2
2022-06-03 23:02:14,59016.1,21029.9
2022-06-03 23:02:15,58690.9,21355.1
2022-06-03 23:02:16,58147,21898.9
2022-06-03 23:02:17,57589.2,22456.8
2022-06-03 23:02:18,57382.4,22663.5
2022-06-03 23:02:19,57336.7,22709.1
2022-06-03 23:02:20,57138.2,22907.6
2022-06-03 23:02:21,56657.8,23388.2
2022-06-03 23:02:22,56176.1,23869.8
2022-06-03 23:02:23,55697.3,24348.7
2022-06-03 23:02:24,55907.7,24138.3
2022-06-03 23:02:25,56660.7,23385.2
2022-06-03 23:02:26,57787.2,22258.7
2022-06-03 23:02:27,58513.4,21532.5
2022-06-03 23:02:28,58835.9,21210
2022-06-03 23:02:29,58357.6,21688.3
2022-06-03 23:02:30,57481,22565.1
2022-06-03 23:02:31,57079.8,22966.1
2022-06-03 23:02:32,56904.4,23141.5
2022-06-03 23:02:33,57200.7,22845.2
2022-06-03 23:02:34,57339,22707.1
2022-06-03 23:02:35,57211.7,22834.2
2022-06-03 23:02:36,57198.3,22847.7
2022-06-03 23:02:37,57003.9,23042.1
2022-06-03 23:02:38,56931.4,23114.5
2022-06-03 23:02:39,56077.6,23968.3
2022-06-03 23:02:40,56382.3,23663.6
2022-06-03 23:02:41,56907.1,23138.8
2022-06-03 23:02:42,57937.5,22108.5
2022-06-03 23:02:43,58341.2,21704.7
2022-06-03 23:02:44,57408,22638
2022-06-03 23:02:45,56850.8,23195.1
2022-06-03 23:02:46,57095.2,22950.8
2022-06-03 23:02:47,57061.1,22984.8
2022-06-03 23:02:48,57916.8,22129.1
2022-06-03 23:02:49,57548.7,22497.2
2022-06-03 23:02:50,57609.8,22436
2022-06-03 23:02:51,57777.2,22268.7
2022-06-03 23:02:52,56838.5,23207.5
2022-06-03 23:02:53,56200.9,23845
2022-06-03 23:02:54,55769,24277.1
2022-06-03 23:02:55,56115.4,23930.4
2022-06-03 23:02:56,57223.9,22822
2022-06-03 23:02:57,57402.5,22643.4
2022-06-03 23:02:58,58455.9,21590
2022-06-03 23:02:59,58227.3,21818.8
2022-06-03 23:03:00,57369.6,22676.3
2022-06-03 23:03:01,57356.1,22689.9
2022-06-03 23:03:02,57921.9,22124
2022-06-03 23:03:03,58219.1,21827
2022-06-03 23:03:04,58320.4,21725.5
2022-06-03 23:03:05,57607.8,22438.1
2022-06-03 23:03:06,57362.5,22683.4
2022-06-03 23:03:07,55871.8,24174.1
2022-06-03 23:03:08,55264.6,24781.4
2022-06-03 23:03:09,55068.5,24977.4
2022-06-03 23:03:10,56610.3,23435.6
2022-06-03 23:03:11,57593.7,22452.1
2022-06-03 23:03:12,58579.1,21467
2022-06-03 23:03:13,58315.9,21730.1
2022-06-03 23:03:14,58090.4,21955.6
2022-06-03 23:03:15,57963.8,22082.1
2022-06-03 23:03:16,57996.7,22049.2
2022-06-03 23:03:17,58452.6,21593.3
2022-06-03 23:03:18,58921.5,21124.5
2022-06-03 23:03:19,58161.8,21884.1
2022-06-03 23:03:20,57301.7,22744.3
2022-06-03 23:03:21,56250.4,23795.5
2022-06-03 23:03:22,56056.1,23989.8
2022-06-03 23:03:23,55548.5,24497.4
2022-06-03 23:03:24,56457.7,23588.3
2022-06-03 23:03:25,56894.8,23151.1
2022-06-03 23:03:26,57417,22629.1
2022-06-03 23:03:27,58357.5,21688.3
2022-06-03 23:03:28,58707.5,21338.4
2022-06-03 23:03:29,58398.8,21647.2
2022-06-03 23:03:30,58113,21933
2022-06-03 23:03:31,58087.8,21958.2
2022-06-03 23:03:32,57621.7,22424.1
2022-06-03 23:03:33,58015.6,22030.3
2022-06-03 23:03:34,57320.6,22725.2
2022-06-03 23:03:35,56588.5,23457.3
2022-06-03 23:03:36,55727.1,24318.9
2022-06-03 23:03:37,55019.1,25026.8
2022-06-03 23:03:38,55315.5,24730.4
2022-06-03 23:03:39,57111.3,22934.6
2022-06-03 23:03:40,57195.2,22850.8
2022-06-03 23:03:41,57734.3,22311.6
2022-06-03 23:03:42,58605.7,21440.1
2022-06-03 23:03:43,58766.4,21279.6
2022-06-03 23:03:44,58115.7,21930.3
2022-06-03 23:03:45,57603.5,22442.5
2022-06-03 23:03:46,57466.3,22579.6
2022-06-03 23:03:47,56912,23133.8
2022-06-03 23:03:48,56943.1,23102.9
2022-06-03 23:03:49,56779.2,23266.7
2022-06-03 23:03:50,56225.5,23820.6
2022-06-03 23:03:51,55868.2,24177.8
2022-06-03 23:03:52,56822.2,23223.8
2022-06-03 23:03:53,58603.6,21442.4
2022-06-03 23:03:54,58483.8,21562.1
2022-06-03 23:03:55,58333.9,21712.1
2022-06-03 23:03:56,58137.5,21908.4
2022-06-03 23:03:57,57705,22340.9
2022-06-03 23:03:58,57686,22359.9
2022-06-03 23:03:59,57117.9,22927.9
2022-06-03 23:04:00,56169.6,23876.3
2022-06-03 23:04:01,57158.8,22887.2
2022-06-03 23:04:02,57427.1,22618.9
2022-06-03 23:04:03,56930.7,23115.3
2022-06-03 23:04:04,57250.3,22795.6
2022-06-03 23:04:05,57124.2,22921.8
2022-06-03 23:04:06,57265.6,22780.3
2022-06-03 23:04:07,58442.6,21603.3
2022-06-03 23:04:08,57874.3,22171.7
2022-06-03 23:04:09,57208.1,22837.9
2022-06-03 23:04:10,56429.1,23616.8
2022-06-03 23:04:11,56281.1,23764.8
2022-06-03 23:04:12,56417.1,23628.8
2022-06-03 23:04:13,57066.5,22979.4
2022-06-03 23:04:14,56400.7,23645.2
2022-06-03 23:04:15,57578.2,22467.7
2022-06-03 23:04:16,58169.1,21876.8
2022-06-03 23:04:17,58803.5,21242.4
2022-06-03 23:04:18,58284.2,21761.7
2022-06-03 23:04:19,57613.5,22432.4
2022-06-03 23:04:20,57055.8,22990.1
2022-06-03 23:04:21,56503,23542.8
2022-06-03 23:04:22,57152,22894
2022-06-03 23:04:23,56600.1,23445.7
2022-06-03 23:04:24,55807.5,24238.4
2022-06-03 23:04:25,56354.6,23691.4
2022-06-03 23:04:26,55972.5,24073.4
2022-06-03 23:04:27,56750.1,23295.9
2022-06-03 23:04:28,58299.7,21746.2
2022-06-03 23:04:29,59409.4,20636.5
2022-06-03 23:04:30,58660,21386
2022-06-03 23:04:31,58781.4,21264.6
2022-06-03 23:04:32,57612.1,22433.8
2022-06-03 23:04:33,56898.4,23147.5
2022-06-03 23:04:34,56807.4,23238.6
2022-06-03 23:04:35,56640.8,23405.1
2022-06-03 23:04:36,56618.6,23427.4
2022-06-03 23:04:37,56167.8,23878.2
2022-06-03 23:04:38,56919.1,23126.8
2022-06-03 23:04:39,56410.7,23635.1
2022-06-03 23:04:40,56612.8,23433.1
2022-06-03 23:04:41,57975.9,22070.1
2022-06-03 23:04:42,58428.9,21617.1
2022-06-03 23:04:43,58603.4,21442.4
2022-06-03 23:04:44,57912.3,22133.6
2022-06-03 23:04:45,57183.4,22862.4
2022-06-03 23:04:46,57111.3,22934.6
2022-06-03 23:04:47,56507.3,23538.7
2022-06-03 23:04:48,56446,23599.9
2022-06-03 23:04:49,56789.9,23256.1
2022-06-03 23:04:50,58137.8,21908
2022-06-03 23:04:51,57869.8,22176.1
2022-06-03 23:04:52,57132.6,22913.2
2022-06-03 23:04:53,57893.8,22152
2022-06-03 23:04:54,56955.9,23090.1
2022-06-03 23:04:55,57176.4,22869.6
2022-06-03 23:04:56,56894.1,23151.9
2022-06-03 23:04:57,57286.6,22759.3
2022-06-03 23:04:58,57070.9,22975.1
2022-06-03 23:04:59,55941.1,24104.8
2022-06-03 23:05:00,56105.3,23940.7
2022-06-03 23:05:01,56766.5,23279.5
2022-06-03 23:05:02,57649.7,22396.2
2022-06-03 23:05:03,57922.3,22123.8
2022-06-03 23:05:04,58562.7,21483.3
2022-06-03 23:05:05,58227.6,21818.3
2022-06-03 23:05:06,58355.3,21690.8
2022-06-03 23:05:07,57533.4,22512.6
2022-06-03 23:05:08,57361.3,22684.5
2022-06-03 23:05:09,56566.1,23479.9
2022-06-03 23:05:10,56168.8,23877.1
2022-06-03 23:05:11,55959,24086.9
2022-06-03 23:05:12,57026.9,23019
2022-06-03 23:05:13,57271.1,22774.8
2022-06-03 23:05:14,56880.1,23165.7
2022-06-03 23:05:15,56709.9,23336.2
2022-06-03 23:05:16,57601.9,22444.1
2022-06-03 23:05:17,58208.2,21837.8
2022-06-03 23:05:18,58076.2,21969.7
2022-06-03 23:05:19,58890.2,21155.7
2022-06-03 23:05:20,57771.2,22274.7
2022-06-03 23:05:21,57016,23029.8
2022-06-03 23:05:22,57271.2,22774.7
2022-06-03 23:05:23,56711.6,23334.4
2022-06-03 23:05:24,56924.4,23121.4
2022-06-03 23:05:25,56092.5,23953.5
2022-06-03 23:05:26,56874.5,23171.5
2022-06-03 23:05:27,56718.8,23327.2
2022-06-03 23:05:28,56371.7,23674.3
2022-06-03 23:05:29,56450.2,23595.7
2022-06-03 23:05:30,58524.5,21521.5
2022-06-03 23:05:31,58385.1,21660.8
2022-06-03 23:05:32,58180.1,21865.8
2022-06-03 23:05:33,57885.1,22160.8
2022-06-03 23:05:34,57515.4,22530.6
2022-06-03 23:05:35,57613.9,22432.1
2022-06-03 23:05:36,57706.6,22339.2
2022-06-03 23:05:37,57437.6,22608.3
2022-06-03 23:05:38,56462.1,23583.9
2022-06-03 23:05:39,55818.3,24227.7
2022-06-03 23:05:40,56104.4,23941.6
2022-06-03 23:05:41,56861.1,23184.8
2022-06-03 23:05:42,56623.1,23422.7
2022-06-03 23:05:43,57345,22701
2022-06-03 23:05:44,57703.8,22342.1
2022-06-03 23:05:45,57925.5,22120.4
2022-06-03 23:05:46,58267.3,21778.7
2022-06-03 23:05:47,58593.9,21452
2022-06-03 23:05:48,58397.5,21648.4
2022-06-03 23:05:49,57861.8,22184
2022-06-03 23:05:50,57639.9,22406
2022-06-03 23:05:51,56972.5,23073.4
2022-06-03 23:05:52,56429.7,23616.3
2022-06-03 23:05:53,56417.7,23628.2
2022-06-03 23:05:54,56200.3,23845.8
2022-06-03 23:05:55,55988.3,24057.6
2022-06-03 23:05:56,57519.6,22526.3
2022-06-03 23:05:57,57311.7,22734.2
2022-06-03 23:05:58,58023.9,22022.1
2022-06-03 23:05:59,58524.4,21521.7
2022-06-03 23:06:00,58693.2,21352.7
2022-06-03 23:06:01,58288.5,21757.5
2022-06-03 23:06:02,58174.2,21871.7
2022-06-03 23:06:03,57531.8,22514.1
2022-06-03 23:06:04,57711.1,22334.9
2022-06-03 23:06:05,56894.3,23151.7
2022-06-03 23:06:06,56364.2,23681.7
2022-06-03 23:06:07,56824.5,23221.4
2022-06-03 23:06:08,56193.9,23852.1
2022-06-03 23:06:09,56254.5,23791.5
2022-06-03 23:06:10,57097.8,22948.1
2022-06-03 23:06:11,58077.4,21968.5
2022-06-03 23:06:12,57631.9,22414
2022-06-03 23:06:13,58009.2,22036.7
2022-06-03 23:06:14,58288.1,21757.9
2022-06-03 23:06:15,57508.7,22537.3
2022-06-03 23:06:16,57658.3,22387.5
2022-06-03 23:06:17,57709,22337
2022-06-03 23:06:18,57596.7,22449.3
2022-06-03 23:06:19,57725.2,22320.6
2022-06-03 23:06:20,57974,22071.9
2022-06-03 23:06:21,57578.6,22467.4
2022-06-03 23:06:22,57293.2,22752.7
2022-06-03 23:06:23,56565.5,23480.4
2022-06-03 23:06:24,56020.7,24025.2
2022-06-03 23:06:25,56155.9,23890.1
2022-06-03 23:06:26,56853.6,23192.3
2022-06-03 23:06:27,56932.3,23113.7
2022-06-03 23:06:28,56706,23339.9
2022-06-03 23:06:29,57616.9,22429.1
2022-06-03 23:06:30,58201.8,21844.1
2022-06-03 23:06:31,58997.4,21048.5
2022-06-03 23:06:32,59398.5,20647.4
2022-06-03 23:06:33,58533.3,21512.6
2022-06-03 23:06:34,58532.8,21513.1
2022-06-03 23:06:35,57921.1,22124.7
2022-06-03 23:06:36,57221.2,22824.7
2022-06-03 23:06:37,56238.6,23807.5
2022-06-03 23:06:38,55540.6,24505.4
2022-06-03 23:06:39,54747.8,25298.2
2022-06-03 23:06:40,54942.9,25103
2022-06-03 23:06:41,55776.4,24269.6
2022-06-03 23:06:42,57458,22588
2022-06-03 23:06:43,58374.4,21671.5
2022-06-03 23:06:44,60046.1,20000
2022-06-03 23:06:45,60014.5,20031.4
2022-06-03 23:06:46,59566.5,20479.5
2022-06-03 23:06:47,58468.3,21577.6
2022-06-03 23:06:48,57675.2,22370.8
2022-06-03 23:06:49,57095.2,22950.7
2022-06-03 23:06:50,56620.7,23425.2
2022-06-03 23:06:51,55895,24150.9
2022-06-03 23:06:52,55741.4,24304.6
2022-06-03 23:06:53,55181.5,24864.3
2022-06-03 23:06:54,55113.2,24932.9
2022-06-03 23:06:55,55618,24428
2022-06-03 23:06:56,56911.1,23134.8
2022-06-03 23:06:57,59614.1,20431.8
2022-06-03 23:06:58,58940.2,21105.6
2022-06-03 23:06:59,59510.2,20535.7
2022-06-03 23:07:00,58835.7,21210.2
2022-06-03 23:07:01,58041.1,22004.9
2022-06-03 23:07:02,57586.6,22459.3
2022-06-03 23:07:03,57280.3,22765.7
2022-06-03 23:07:04,56505.3,23540.6
2022-06-03 23:07:05,56301.5,23744.5
2022-06-03 23:07:06,55955.7,24090.3
2022-06-03 23:07:07,56720.8,23325.1
2022-06-03 23:07:08,56922.8,23123
2022-06-03 23:07:09,57520,22526
2022-06-03 23:07:10,57095.2,22950.7
2022-06-03 23:07:11,57596.3,22449.7
2022-06-03 23:07:12,58094.7,21951.3
2022-06-03 23:07:13,58111.8,21934.2
2022-06-03 23:07:14,58703.5,21342.3
2022-06-03 23:07:15,57818.8,22227.1
2022-06-03 23:07:16,57572.6,22473.2
2022-06-03 23:07:17,57105.8,22940.1
2022-06-03 23:07:18,56638.9,23407.2
2022-06-03 23:07:19,56479.5,23566.5
2022-06-03 23:07:20,56928.7,23117.2
2022-06-03 23:07:21,57458.2,22587.7
2022-06-03 23:07:22,57258.8,22787.2
2022-06-03 23:07:23,56573.2,23472.9
2022-06-03 23:07:24,57020.7,23025.2
2022-06-03 23:07:25,56534.8,23511
2022-06-03 23:07:26,56994.9,23051.1
2022-06-03 23:07:27,58305.3,21740.7
2022-06-03 23:07:28,58162.7,21883.3
2022-06-03 23:07:29,58376.2,21669.7
2022-06-03 23:07:30,57815.1,22231
2022-06-03 23:07:31,57556.9,22489
2022-06-03 23:07:32,56518.4,23527.5
2022-06-03 23:07:33,56806.7,23239.2
2022-06-03 23:07:34,57315,22731
2022-06-03 23:07:35,57177,22868.9
2022-06-03 23:07:36,56994.8,23051.1
2022-06-03 23:07:37,57070.7,22975.1
2022-06-03 23:07:38,56950.9,23094.9
2022-06-03 23:07:39,56293.6,23752.3
2022-06-03 23:07:40,56235.5,23810.4
2022-06-03 23:07:41,57293.9,22752
2022-06-03 23:07:42,57468.4,22577.6
2022-06-03 23:07:43,57486.8,22559.2
2022-06-03 23:07:44,57752.6,22293.4
2022-06-03 23:07:45,57761.2,22284.8
2022-06-03 23:07:46,57635.3,22410.7
2022-06-03 23:07:47,57499.4,22546.5
2022-06-03 23:07:48,57244,22801.9
2022-06-03 23:07:49,57655.8,22390.2
2022-06-03 23:07:50,56988.1,23057.8
2022-06-03 23:07:51,57942.7,22103.1
2022-06-03 23:07:52,57139.6,22906.3
2022-06-03 23:07:53,57190.4,22855.6
2022-06-03 23:07:54,56143,23902.9
2022-06-03 23:07:55,56111.9,23934
2022-06-03 23:07:56,56233.5,23812.5
2022-06-03 23:07:57,56591.4,23454.5
2022-06-03 23:07:58,57650.4,22395.6
2022-06-03 23:07:59,58792.4,21253.5
2022-06-03 23:08:00,58350.7,21695.1
2022-06-03 23:08:01,57839,22207.1
2022-06-03 23:08:02,57879.2,22166.8
2022-06-03 23:08:03,57868.7,22177.2
2022-06-03 23:08:04,58196.5,21849.4
2022-06-03 23:08:05,57792.4,22253.5
2022-06-03 23:08:06,57525.1,22520.8
2022-06-03 23:08:07,56255.7,23790.3
2022-06-03 23:08:08,55526.9,24518.9
2022-06-03 23:08:09,55478.9,24567
2022-06-03 23:08:10,55951.6,24094.3
2022-06-03 23:08:11,56030.4,24015.5
2022-06-03 23:08:12,58520.5,21525.4
2022-06-03 23:08:13,58321.7,21724.2
2022-06-03 23:08:14,58105.1,21940.8
2022-06-03 23:08:15,58195.5,21850.5
2022-06-03 23:08:16,58370.2,21675.8
2022-06-03 23:08:17,57946.9,22099
2022-06-03 23:08:18,57353.6,22692.3
2022-06-03 23:08:19,57206,22839.9
2022-06-03 23:08:20,56888.9,23157
2022-06-03 23:08:21,57062.5,22983.4
2022-06-03 23:08:22,56160.6,23885.3
2022-06-03 23:08:23,56159.5,23886.4
2022-06-03 23:08:24,56689.7,23356.2
2022-06-03 23:08:25,56885.7,23160.2
2022-06-03 23:08:26,57803.1,22242.7
2022-06-03 23:08:27,58120.1,21925.9
2022-06-03 23:08:28,58105,21941.1
2022-06-03 23:08:29,58369.2,21676.7
2022-06-03 23:08:30,58241.4,21804.5
2022-06-03 23:08:31,57113.6,22932.4
2022-06-03 23:08:32,57334.5,22711.4
2022-06-03 23:08:33,57002.4,23043.5
2022-06-03 23:08:34,56520.1,23525.8
2022-06-03 23:08:35,56883.6,23162.3
2022-06-03 23:08:36,57572.4,22473.6
2022-06-03 23:08:37,57559.6,22486.3
2022-06-03 23:08:38,57157.3,22888.7
2022-06-03 23:08:39,57654.2,22391.7
2022-06-03 23:08:40,56709.5,23336.4
2022-06-03 23:08:41,56810.3,23235.6
2022-06-03 23:08:42,57501.4,22544.6
2022-06-03 23:08:43,58271.9,21774
2022-06-03 23:08:44,58237.1,21808.8
2022-06-03 23:08:45,57155.9,22890
2022-06-03 23:08:46,56188.3,23857.6
2022-06-03 23:08:47,57227.6,22818.4
2022-06-03 23:08:48,57722.7,22323.2
2022-06-03 23:08:49,57592.6,22453.4
2022-06-03 23:08:50,57069.2,22976.7
2022-06-03 23:08:51,57538,22508
2022-06-03 23:08:52,57130.7,22915.1
2022-06-03 23:08:53,57035.9,23010.1
2022-06-03 23:08:54,56938.2,23107.8
2022-06-03 23:08:55,56282.1,23763.8
2022-06-03 23:08:56,56065.2,23980.7
2022-06-03 23:08:57,56266.2,23779.7
2022-06-03 23:08:58,58060.2,21985.6
2022-06-03 23:08:59,57694,22351.9
2022-06-03 23:09:00,57527.5,22518.6
2022-06-03 23:09:01,57750.3,22295.6
2022-06-03 23:09:02,58370.2,21675.7
2022-06-03 23:09:03,57994.7,22051.3
2022-06-03 23:09:04,57441.3,22604.6
2022-06-03 23:09:05,57721.5,22324.4
2022-06-03 23:09:06,58010.1,22035.9
2022-06-03 23:09:07,57614.6,22431.4
2022-06-03 23:09:08,56628.8,23417
2022-06-03 23:09:09,56054,23991.9
2022-06-03 23:09:10,55824.2,24221.7
2022-06-03 23:09:11,55996.6,24049.3
2022-06-03 23:09:12,56788.4,23257.5
2022-06-03 23:09:13,57392.5,22653.5
2022-06-03 23:09:14,57559.6,22486.5
2022-06-03 23:09:15,58597,21449
2022-06-03 23:09:16,58515.6,21530.3
2022-06-03 23:09:17,58361.7,21684.1
2022-06-03 23:09:18,57461.8,22584.2
2022-06-03 23:09:19,56774.2,23271.7
2022-06-03 23:09:20,56831.5,23214.4
2022-06-03 23:09:21,57734.9,22311.1
2022-06-03 23:09:22,57314.6,22731.2
2022-06-03 23:09:23,56386.5,23659.5
2022-06-03 23:09:24,55045.2,25000.8
2022-06-03 23:09:25,54395.9,25650
2022-06-03 23:09:26,55584,24461.9
2022-06-03 23:09:27,57462.4,22583.5
2022-06-03 23:09:28,58856.5,21189.3
2022-06-03 23:09:29,58775.4,21270.4
2022-06-03 23:09:30,58368.8,21677.1
2022-06-03 23:09:31,58183.5,21862.5
2022-06-03 23:09:32,57781,22264.9
2022-06-03 23:09:33,57488.1,22557.8
2022-06-03 23:09:34,57335.2,22710.8
2022-06-03 23:09:35,56944.5,23101.4
2022-06-03 23:09:36,56557.5,23488.5
2022-06-03 23:09:37,55777.9,24268
2022-06-03 23:09:38,55429.3,24616.6
2022-06-03 23:09:39,54878.4,25167.5
2022-06-03 23:09:40,56606.9,23439.1
2022-06-03 23:09:41,57746.2,22299.7
2022-06-03 23:09:42,58399.2,21646.6
2022-06-03 23:09:43,58402,21644
2022-06-03 23:09:44,59530.7,20515.1
2022-06-03 23:09:45,58793.3,21252.6
2022-06-03 23:09:46,57947.1,22098.9
2022-06-03 23:09:47,57112.8,22933.1
2022-06-03 23:09:48,56189,23856.8
2022-06-03 23:09:49,55769.3,24276.6
2022-06-03 23:09:50,56339.1,23706.9
2022-06-03 23:09:51,56330.3,23715.7
2022-06-03 23:09:52,56645.2,23400.7
2022-06-03 23:09:53,57402.2,22643.7
2022-06-03 23:09:54,56849.4,23196.5
2022-06-03 23:09:55,57117.6,22928.2
2022-06-03 23:09:56,58513.5,21532.5
2022-06-03 23:09:57,58634,21412
2022-06-03 23:09:58,58479.7,21566.2
2022-06-03 23:09:59,58218.2,21827.8
2022-06-03 23:10:00,58017.8,22028.2
2022-06-03 23:10:01,56780,23266
2022-06-03 23:10:02,56643.6,23402.3
2022-06-03 23:10:03,56624.4,23421.7
2022-06-03 23:10:04,56499.3,23546.6
2022-06-03 23:10:05,57064.5,22981.5
2022-06-03 23:10:06,56948.7,23097.2
2022-06-03 23:10:07,57809.6,22236.4
2022-06-03 23:10:08,57031.3,23014.7
2022-06-03 23:10:09,55995.6,24050.3
2022-06-03 23:10:10,56825.9,23220
2022-06-03 23:10:11,56836.9,23209
2022-06-03 23:10:12,57957.9,22087.9
2022-06-03 23:10:13,58768.3,21277.6
2022-06-03 23:10:14,58189.9,21856
2022-06-03 23:10:15,57404.6,22641.3
2022-06-03 23:10:16,56557.2,23488.6
2022-06-03 23:10:17,57568.4,22477.6
2022-06-03 23:10:18,57765.4,22280.5
2022-06-03 23:10:19,57858.6,22187.3
2022-06-03 23:10:20,57382.1,22663.9
2022-06-03 23:10:21,56938,23107.9
2022-06-03 23:10:22,56237.4,23808.6
2022-06-03 23:10:23,55409,24636.8
2022-06-03 23:10:24,55807.5,24238.3
2022-06-03 23:10:25,56704.4,23341.4
2022-06-03 23:10:26,56666.1,23379.7
2022-06-03 23:10:27,58352,21693.8
2022-06-03 23:10:28,58691,21355
2022-06-03 23:10:29,58381.3,21664.7
2022-06-03 23:10:30,58276.1,21769.9
2022-06-03 23:10:31,58830.6,21215.3
2022-06-03 23:10:32,57838.8,22207
2022-06-03 23:10:33,57182.4,22863.4
2022-06-03 23:10:34,56585.7,23460.3
2022-06-03 23:10:35,56216.6,23829.3
2022-06-03 23:10:36,56766.3,23279.7
2022-06-03 23:10:37,56173.4,23872.5
2022-06-03 23:10:38,55590.6,24455.2
2022-06-03 23:10:39,55765.1,24280.8
2022-06-03 23:10:40,57281.9,22764
2022-06-03 23:10:41,58528.7,21517.2
2022-06-03 23:10:42,59610.4,20435.5
2022-06-03 23:10:43,59787,20258.9
2022-06-03 23:10:44,58736.3,21309.7
2022-06-03 23:10:45,58149.2,21896.7
2022-06-03 23:10:46,57199.3,22846.6
2022-06-03 23:10:47,57428.7,22617.3
2022-06-03 23:10:48,56349.9,23696.1
2022-06-03 23:10:49,56241.2,23804.7
2022-06-03 23:10:50,56798,23247.9
2022-06-03 23:10:51,56854.3,23191.8
2022-06-03 23:10:52,56083.4,23962.5
2022-06-03 23:10:53,56492.4,23553.5
2022-06-03 23:10:54,57619.1,22427
2022-06-03 23:10:55,57037.8,23007.9
2022-06-03 23:10:56,57892.8,22153.3
2022-06-03 23:10:57,58589.2,21456.7
2022-06-03 23:10:58,58284.1,21761.8
2022-06-03 23:10:59,58392.4,21653.5
2022-06-03 23:11:00,57945.6,22100.3
2022-06-03 23:11:01,57502.1,22543.8
2022-06-03 23:11:02,56818.8,23227.1
2022-06-03 23:11:03,56972.8,23073.1
2022-06-03 23:11:04,56597.2,23448.7
2022-06-03 23:11:05,56471.1,23574.8
2022-06-03 23:11:06,55851.4,24194.5
2022-06-03 23:11:07,56535.9,23510.1
2022-06-03 23:11:08,55622.1,24423.9
2022-06-03 23:11:09,56542.2,23503.7
2022-06-03 23:11:10,57793.9,22251.9
2022-06-03 23:11:11,58798,21248
2022-06-03 23:11:12,58950.9,21095.1
2022-06-03 23:11:13,58978.5,21067.4
2022-06-03 23:11:14,58096.5,21949.5
2022-06-03 23:11:15,57841.6,22204.3
2022-06-03 23:11:16,56969.9,23076.1
2022-06-03 23:11:17,56917.4,23128.5
2022-06-03 23:11:18,56820.4,23225.6
2022-06-03 23:11:19,56117.5,23928.5
2022-06-03 23:11:20,55488.5,24557.4
2022-06-03 23:11:21,56167.5,23878.5
2022-06-03 23:11:22,56942.3,23103.7
2022-06-03 23:11:23,57381,22665
2022-06-03 23:11:24,57573.1,22472.9
2022-06-03 23:11:25,58864.8,21181.2
2022-06-03 23:11:26,58418.8,21627.2
2022-06-03 23:11:27,58485.8,21560.1
2022-06-03 23:11:28,57712,22334
2022-06-03 23:11:29,57549.2,22496.7
2022-06-03 23:11:30,57430.1,22615.8
2022-06-03 23:11:31,56740.6,23305.2
2022-06-03 23:11:32,56675.6,23370.3
2022-06-03 23:11:33,56047.1,23998.9
2022-06-03 23:11:34,57324.5,22721.3
2022-06-03 23:11:35,56432.5,23613.5
2022-06-03 23:11:36,57498.6,22547.3
2022-06-03 23:11:37,57186.6,22859.3
2022-06-03 23:11:38,56762,23284
2022-06-03 23:11:39,56987.7,23058.2
2022-06-03 23:11:40,57929,22116.9
2022-06-03 23:11:41,58239.4,21806.5
2022-06-03 23:11:42,58672,21373.9
2022-06-03 23:11:43,58309.8,21736.1
2022-06-03 23:11:44,57535.9,22510
2022-06-03 23:11:45,57522.7,22523.2
2022-06-03 23:11:46,57450.6,22595.3
2022-06-03 23:11:47,57158.8,22887.1
2022-06-03 23:11:48,56891.7,23154.2
2022-06-03 23:11:49,56763.6,23282.2
2022-06-03 23:11:50,56108.1,23937.9
2022-06-03 23:11:51,55972.6,24073.3
2022-06-03 23:11:52,56473.8,23572.2
2022-06-03 23:11:53,55865.9,24180.1
2022-06-03 23:11:54,56787.2,23258.8
2022-06-03 23:11:55,58246.1,21799.8
2022-06-03 23:11:56,59210.2,20835.7
2022-06-03 23:11:57,59589.6,20456.2
2022-06-03 23:11:58,59481.2,20564.8
2022-06-03 23:11:59,58921.2,21124.7
2022-06-03 23:12:00,57855.2,22190.7
2022-06-03 23:12:01,56761.7,23284.2
2022-06-03 23:12:02,56032.6,24013.5
2022-06-03 23:12:03,55789.7,24256.3
2022-06-03 23:12:04,55436.1,24609.8
2022-06-03 23:12:05,55396.2,24649.7
2022-06-03 23:12:06,56402.6,23643.2
2022-06-03 23:12:07,56187.1,23858.8
2022-06-03 23:12:08,57473.3,22572.7
2022-06-03 23:12:09,59125.6,20920.2
2022-06-03 23:12:10,60336.7,19709.3
2022-06-03 23:12:11,60120.2,19925.7
2022-06-03 23:12:12,59290.2,20755.8
2022-06-03 23:12:13,58230.6,21815.2
2022-06-03 23:12:14,57207.8,22838.1
2022-06-03 23:12:15,55967.6,24078.2
2022-06-03 23:12:16,54932.9,25113
2022-06-03 23:12:17,54524.1,25521.8
2022-06-03 23:12:18,54913.4,25132.5
2022-06-03 23:12:19,55597.6,24448.2
2022-06-03 23:12:20,57464.1,22581.9
2022-06-03 23:12:21,58805.2,21240.7
2022-06-03 23:12:22,58495.5,21550.5
2022-06-03 23:12:23,58749.5,21296.4
2022-06-03 23:12:24,58042.5,22003.4
2022-06-03 23:12:25,59133.1,20912.8
2022-06-03 23:12:26,58575.4,21470.5
2022-06-03 23:12:27,57534.9,22511.1
2022-06-03 23:12:28,57015.4,23030.5
2022-06-03 23:12:29,55664.4,24381.5
2022-06-03 23:12:30,55481.2,24564.8
2022-06-03 23:12:31,55232.6,24813.3
2022-06-03 23:12:32,56816.3,23229.6
2022-06-03 23:12:33,57777.1,22268.8
2022-06-03 23:12:34,57211.6,22834.3
2022-06-03 23:12:35,57177.2,22868.8
2022-06-03 23:12:36,57489.8,22556.1
2022-06-03 23:12:37,57373.8,22672.1
2022-06-03 23:12:38,57904.6,22141.3
2022-06-03 23:12:39,58293.9,21752.1
2022-06-03 23:12:40,58110.1,21935.9
2022-06-03 23:12:41,57692.7,22353.3
2022-06-03 23:12:42,57382.2,22663.8
2022-06-03 23:12:43,57088.8,22957.2
2022-06-03 23:12:44,57415.6,22630.2
2022-06-03 23:12:45,56725.1,23320.8
2022-06-03 23:12:46,57028.5,23017.4
2022-06-03 23:12:47,57403.3,22642.6
2022-06-03 23:12:48,57119.2,22926.7
2022-06-03 23:12:49,56042.4,24003.5
2022-06-03 23:12:50,55644.8,24401.1
2022-06-03 23:12:51,56011.9,24034
2022-06-03 23:12:52,57429.3,22616.6
2022-06-03 23:12:53,57709.5,22336.5
2022-06-03 23:12:54,58238.6,21807.3
2022-06-03 23:12:55,58361.9,21684.1
2022-06-03 23:12:56,57727.9,22318
2022-06-03 23:12:57,57703.8,22342.2
2022-06-03 23:12:58,57673.1,22372.7
2022-06-03 23:12:59,57367.5,22678.4
2022-06-03 23:13:00,57199.5,22846.3
2022-06-03 23:13:01,57376.2,22669.7
2022-06-03 23:13:02,57173.6,22872.3
2022-06-03 23:13:03,56501.5,23544.5
2022-06-03 23:13:04,55959.5,24086.4
2022-06-03 23:13:05,55745.4,24300.5
2022-06-03 23:13:06,56866.2,23179.8
2022-06-03 23:13:07,57705.1,22340.8
2022-06-03 23:13:08,56986.9,23059.1
2022-06-03 23:13:09,57941.2,22104.7
2022-06-03 23:13:10,58149.1,21896.8
2022-06-03 23:13:11,58676.6,21369.4
2022-06-03 23:13:12,57507.6,22538.2
2022-06-03 23:13:13,57614.2,22431.8
2022-06-03 23:13:14,57636.1,22409.9
2022-06-03 23:13:15,57634.7,22411.2
2022-06-03 23:13:16,57135.2,22910.7
2022-06-03 23:13:17,57073.9,22972.1
2022-06-03 23:13:18,56200.9,23845
2022-06-03 23:13:19,55974,24071.9
2022-06-03 23:13:20,55298.8,24747.2
2022-06-03 23:13:21,55877.8,24168.2
2022-06-03 23:13:22,57385.3,22660.6
2022-06-03 23:13:23,58062.4,21983.5
2022-06-03 23:13:24,58164.1,21881.9
2022-06-03 23:13:25,58400.9,21645.1
2022-06-03 23:13:26,58585.6,21460.3
2022-06-03 23:13:27,58247.2,21798.7
2022-06-03 23:13:28,58100.8,21945.1
2022-06-03 23:13:29,58407.7,21638.3
2022-06-03 23:13:30,57918.8,22127.2
2022-06-03 23:13:31,56964.6,23081.3
2022-06-03 23:13:32,55588.2,24457.7
2022-06-03 23:13:33,55301.3,24744.6
2022-06-03 23:13:34,55021.3,25024.6
2022-06-03 23:13:35,55650.2,24395.7
2022-06-03 23:13:36,57896.2,22149.7
2022-06-03 23:13:37,58505.7,21540.2
2022-06-03 23:13:38,58648.7,21397.2
2022-06-03 23:13:39,58771.6,21274.4
2022-06-03 23:13:40,58652.5,21393.3
2022-06-03 23:13:41,58033.4,22012.5
2022-06-03 23:13:42,58242.5,21803.5
2022-06-03 23:13:43,57644.8,22401.2
2022-06-03 23:13:44,57199.1,22846.8
2022-06-03 23:13:45,56086.1,23959.9
2022-06-03 23:13:46,55946.4,24099.5
2022-06-03 23:13:47,56435.1,23610.8
2022-06-03 23:13:48,56713.3,23332.7
2022-06-03 23:13:49,56508.5,23537.5
2022-06-03 23:13:50,57606.4,22439.5
2022-06-03 23:13:51,57255.1,22790.8
2022-06-03 23:13:52,58372.2,21673.7
2022-06-03 23:13:53,58058.6,21987.3
2022-06-03 23:13:54,57814.3,22231.7
2022-06-03 23:13:55,57188.9,22857
2022-06-03 23:13:56,57058.2,22987.7
2022-06-03 23:13:57,57216.8,22829.1
2022-06-03 23:13:58,58004.4,22041.4
2022-06-03 23:13:59,57465.4,22580.6
2022-06-03 23:14:00,57924.7,22121.1
2022-06-03 23:14:01,57517.1,22528.9
2022-06-03 23:14:02,57427.6,22618.2
2022-06-03 23:14:03,56521.6,23524.3
2022-06-03 23:14:04,56100,23945.8
2022-06-03 23:14:05,56781.1,23264.9
2022-06-03 23:14:06,57288.5,22757.5
2022-06-03 23:14:07,57388.7,22657.2
2022-06-03 23:14:08,57425.1,22620.8
2022-06-03 23:14:09,56751.9,23294
2022-06-03 23:14:10,56998.8,23047.1
2022-06-03 23:14:11,57710.5,22335.4
2022-06-03 23:14:12,59165.2,20880.8
2022-06-03 23:14:13,59300,20745.9
2022-06-03 23:14:14,58198.6,21847.4
2022-06-03 23:14:15,57294.7,22751.4
2022-06-03 23:14:16,56552.1,23493.9
2022-06-03 23:14:17,56641.6,23404.3
2022-06-03 23:14:18,55557.2,24488.6
2022-06-03 23:14:19,55365.2,24680.8
2022-06-03 23:14:20,55509.5,24536.3
2022-06-03 23:14:21,56497.8,23548.1
2022-06-03 23:14:22,57659.5,22386.4
2022-06-03 23:14:23,58083.4,21962.4
2022-06-03 23:14:24,57932.6,22113.3
2022-06-03 23:14:25,58639.8,21406.3
2022-06-03 23:14:26,59572.1,20473.7
2022-06-03 23:14:27,58458.5,21587.3
2022-06-03 23:14:28,58005.2,22040.7
2022-06-03 23:14:29,57081.5,22964.5
2022-06-03 23:14:30,56735.7,23310.2
2022-06-03 23:14:31,56423.6,23622.3
2022-06-03 23:14:32,56095.7,23950.1
2022-06-03 23:14:33,55569.4,24476.4
2022-06-03 23:14:34,56331,23715
2022-06-03 23:14:35,57103.3,22942.6
2022-06-03 23:14:36,57909.8,22136.1
2022-06-03 23:14:37,58179.4,21866.4
2022-06-03 23:14:38,57961.5,22084.4
2022-06-03 23:14:39,58369.6,21676.3
2022-06-03 23:14:40,58512.1,21533.8
2022-06-03 23:14:41,58374.9,21671
2022-06-03 23:14:42,57284.6,22761.4
2022-06-03 23:14:43,57143.8,22902.3
2022-06-03 23:14:44,57246.5,22799.4
2022-06-03 23:14:45,57606.2,22439.7
2022-06-03 23:14:46,57298.6,22747.4
2022-06-03 23:14:47,56318.7,23727.1
2022-06-03 23:14:48,56564.9,23481
2022-06-03 23:14:49,56658.8,23387.1
2022-06-03 23:14:50,57250.4,22795.6
2022-06-03 23:14:51,57519.8,22526.1
2022-06-03 23:14:52,57672.4,22373.6
2022-06-03 23:14:53,57224.5,22821.3
2022-06-03 23:14:54,56670.8,23375
2022-06-03 23:14:55,58619.1,21426.8
2022-06-03 23:14:56,57779.9,22266.1
2022-06-03 23:14:57,58264,21781.9
2022-06-03 23:14:58,57643.2,22402.8
2022-06-03 23:14:59,58122.3,21923.5
2022-06-03 23:15:00,57507.3,22538.7
2022-06-03 23:15:01,57295.6,22750.3
2022-06-03 23:15:02,56754.1,23291.9
2022-06-03 23:15:03,56517.3,23528.7
2022-06-03 23:15:04,56026.5,24019.4
2022-06-03 23:15:05,55993.4,24052.4
2022-06-03 23:15:06,56813.7,23232.3
2022-06-03 23:15:07,56278.7,23767.2
2022-06-03 23:15:08,57962.3,22083.6
2022-06-03 23:15:09,58679.8,21366.1
2022-06-03 23:15:10,58719,21326.9
2022-06-03 23:15:11,58578,21467.9
2022-06-03 23:15:12,58023.7,22022.2
2022-06-03 23:15:13,58513.6,21532.3
2022-06-03 23:15:14,57547.5,22498.3
2022-06-03 23:15:15,56948.5,23097.4
2022-06-03 23:15:16,56354.4,23691.5
2022-06-03 23:15:17,55738.6,24307.3
2022-06-03 23:15:18,55608.8,24437.3
2022-06-03 23:15:19,55308.4,24737.6
2022-06-03 23:15:20,56348.5,23697.5
2022-06-03 23:15:21,57640.3,22405.5
2022-06-03 23:15:22,56723.7,23322.2
2022-06-03 23:15:23,56965,23081
2022-06-03 23:15:24,58120.6,21925.5
2022-06-03 23:15:25,58449.2,21596.6
2022-06-03 23:15:26,58780.2,21265.7
2022-06-03 23:15:27,57688.6,22357.4
2022-06-03 23:15:28,57724.3,22321.6
2022-06-03 23:15:29,56832.8,23213.1
2022-06-03 23:15:30,56654.1,23391.8
2022-06-03 23:15:31,56837.9,23207.9
2022-06-03 23:15:32,56335,23710.9
2022-06-03 23:15:33,56800.1,23245.8
2022-06-03 23:15:34,56456.6,23589.2
2022-06-03 23:15:35,56242.5,23803.5
2022-06-03 23:15:36,56779.3,23266.7
2022-06-03 23:15:37,56195.2,23850.7
2022-06-03 23:15:38,57654.7,22391.3
2022-06-03 23:15:39,58279.8,21766.1
2022-06-03 23:15:40,58367.9,21678
2022-06-03 23:15:41,58719.9,21326.1
2022-06-03 23:15:42,58368.4,21677.5
2022-06-03 23:15:43,58153.2,21892.7
2022-06-03 23:15:44,57157.2,22888.7
2022-06-03 23:15:45,57127.6,22918.4
2022-06-03 23:15:46,56961.9,23084
2022-06-03 23:15:47,56581.9,23463.8
2022-06-03 23:15:48,55463,24583
2022-06-03 23:15:49,55206.4,24839.6
2022-06-03 23:15:50,55716.6,24329.4
2022-06-03 23:15:51,56651.3,23394.6
2022-06-03 23:15:52,57312.6,22733.3
2022-06-03 23:15:53,58833.6,21212.3
2022-06-03 23:15:54,58964,21081.9
2022-06-03 23:15:55,59498.4,20547.6
2022-06-03 23:15:56,58462.6,21583.4
2022-06-03 23:15:57,58002.4,22043.4
2022-06-03 23:15:58,57940.3,22105.6
2022-06-03 23:15:59,56871.7,23174.2
2022-06-03 23:16:00,56369.3,23676.6
2022-06-03 23:16:01,56286.4,23759.5
2022-06-03 23:16:02,55813,24232.9
2022-06-03 23:16:03,55309,24737
2022-06-03 23:16:04,55893.7,24152.2
2022-06-03 23:16:05,56064.2,23981.8
2022-06-03 23:16:06,58100.5,21945.5
2022-06-03 23:16:07,59125.6,20920.3
2022-06-03 23:16:08,59364.6,20681.3
2022-06-03 23:16:09,59068.9,20977.1
2022-06-03 23:16:10,58246.2,21799.7
2022-06-03 23:16:11,57976.6,22069.2
2022-06-03 23:16:12,57607.4,22438.6
2022-06-03 23:16:13,57462.5,22583.4
2022-06-03 23:16:14,56211.2,23834.9
2022-06-03 23:16:15,56780.3,23265.6
2022-06-03 23:16:16,56024.4,24021.6
2022-06-03 23:16:17,55966.2,24079.8
2022-06-03 23:16:18,56049.9,23996
2022-06-03 23:16:19,56698.8,23347.2
2022-06-03 23:16:20,56586,23460
2022-06-03 23:16:21,57542.3,22503.6
2022-06-03 23:16:22,58003.8,22042.1
2022-06-03 23:16:23,58330.8,21715.1
2022-06-03 23:16:24,58986.2,21059.7
2022-06-03 23:16:25,58120.3,21925.6
2022-06-03 23:16:26,58592.1,21453.8
2022-06-03 23:16:27,57943.4,22102.6
2022-06-03 23:16:28,57142.3,22903.6
2022-06-03 23:16:29,57297.5,22748.3
2022-06-03 23:16:30,56706.6,23339.2
2022-06-03 23:16:31,55869,24176.9
2022-06-03 23:16:32,55941.8,24104.1
2022-06-03 23:16:33,55395.1,24650.8
2022-06-03 23:16:34,55589.4,24456.5
2022-06-03 23:16:35,56603.3,23442.5
2022-06-03 23:16:36,57585.1,22460.8
2022-06-03 23:16:37,58259.6,21786.3
2022-06-03 23:16:38,58983.2,21062.8
2022-06-03 23:16:39,59224.4,20821.5
2022-06-03 23:16:40,58926.8,21119.1
2022-06-03 23:16:41,58071.8,21974.1
2022-06-03 23:16:42,57807.5,22238.5
2022-06-03 23:16:43,57676.5,22369.5
2022-06-03 23:16:44,57090.3,22955.6
2022-06-03 23:16:45,56218.5,23827.5
2022-06-03 23:16:46,55393.4,24652.5
2022-06-03 23:16:47,54853.5,25192.4
2022-06-03 23:16:48,54507,25539
2022-06-03 23:16:49,56052.5,23993.5
2022-06-03 23:16:50,58095.7,21950.1
2022-06-03 23:16:51,58699.8,21346.1
2022-06-03 23:16:52,60109.6,19936.2
2022-06-03 23:16:53,59086.9,20959
2022-06-03 23:16:54,58728.2,21317.6
2022-06-03 23:16:55,58269.4,21776.5
2022-06-03 23:16:56,57845.4,22200.5
2022-06-03 23:16:57,57795.1,22250.8
2022-06-03 23:16:58,56614.6,23431.4
2022-06-03 23:16:59,56376.2,23669.7
2022-06-03 23:17:00,55847.1,24198.8
2022-06-03 23:17:01,55904.4,24141.5
2022-06-03 23:17:02,55363.1,24682.8
2022-06-03 23:17:03,55751.5,24294.5
2022-06-03 23:17:04,56827.7,23218.3
2022-06-03 23:17:05,57910.3,22135.6
2022-06-03 23:17:06,58742.1,21303.9
2022-06-03 23:17:07,59808.3,20237.6
2022-06-03 23:17:08,58934.3,21111.6
2022-06-03 23:17:09,57932.5,22113.4
2022-06-03 23:17:10,57507.4,22538.6
2022-06-03 23:17:11,57371.5,22674.5
2022-06-03 23:17:12,57463.2,22582.9
2022-06-03 23:17:13,57262.5,22783.4
2022-06-03 23:17:14,57306.5,22739.4
2022-06-03 23:17:15,55797.1,24248.8
2022-06-03 23:17:16,54898.5,25147.5
2022-06-03 23:17:17,55134.4,24911.5
2022-06-03 23:17:18,56072.6,23973.3
2022-06-03 23:17:19,56637.3,23408.6
2022-06-03 23:17:20,57523.8,22522.2
2022-06-03 23:17:21,58773.7,21272.3
2022-06-03 23:17:22,58529.1,21516.7
2022-06-03 23:17:23,57978.9,22067
2022-06-03 23:17:24,58812.2,21233.7
2022-06-03 23:17:25,58183.2,21862.8
2022-06-03 23:17:26,58436.2,21609.7
2022-06-03 23:17:27,57340.3,22705.6
2022-06-03 23:17:28,56804.3,23241.7
2022-06-03 23:17:29,55976.5,24069.4
2022-06-03 23:17:30,56003,24043
2022-06-03 23:17:31,54928.1,25117.9
2022-06-03 23:17:32,56170.4,23875.5
2022-06-03 23:17:33,56457,23589
2022-06-03 23:17:34,57553.5,22492.4
2022-06-03 23:17:35,58564.8,21481
2022-06-03 23:17:36,59921.9,20124.2
2022-06-03 23:17:37,58952.2,21093.8
2022-06-03 23:17:38,58490.7,21555.2
2022-06-03 23:17:39,58203.2,21842.8
2022-06-03 23:17:40,58080.8,21965.2
2022-06-03 23:17:41,57358.9,22687
2022-06-03 23:17:42,56685.1,23360.8
2022-06-03 23:17:43,56053.3,23992.6
2022-06-03 23:17:44,55804.9,24241
2022-06-03 23:17:45,55537.8,24508.1
2022-06-03 23:17:46,56213.8,23832.1
2022-06-03 23:17:47,57294.4,22751.6
2022-06-03 23:17:48,56959.9,23086
2022-06-03 23:17:49,57044.4,23001.5
2022-06-03 23:17:50,58278.5,21767.4
2022-06-03 23:17:51,59042.8,21003.3
2022-06-03 23:17:52,58786.8,21259.1
2022-06-03 23:17:53,58057,21988.9
2022-06-03 23:17:54,57061.9,22984
2022-06-03 23:17:55,57122,22924
2022-06-03 23:17:56,56403.6,23642.3
2022-06-03 23:17:57,56924.4,23121.5
2022-06-03 23:17:58,56070.1,23975.8
2022-06-03 23:17:59,57006.3,23039.6
2022-06-03 23:18:00,56787.7,23258.4
2022-06-03 23:18:01,57770.6,22275.3
2022-06-03 23:18:02,57804.7,22241.3
2022-06-03 23:18:03,57014,23032
2022-06-03 23:18:04,56876,23169.9
2022-06-03 23:18:05,58378.2,21667.7
2022-06-03 23:18:06,58091.8,21954.2
2022-06-03 23:18:07,57725.8,22320.2
2022-06-03 23:18:08,57307,22739
2022-06-03 23:18:09,57743.1,22302.9
2022-06-03 23:18:10,57928.3,22117.7
2022-06-03 23:18:11,57242.4,22803.6
2022-06-03 23:18:12,56752.5,23293.5
2022-06-03 23:18:13,56657,23389
2022-06-03 23:18:14,57733.2,22312.8
2022-06-03 23:18:15,56670.8,23375.2
2022-06-03 23:18:16,56682.2,23363.7
2022-06-03 23:18:17,55942.1,24103.8
2022-06-03 23:18:18,55508.4,24537.5
2022-06-03 23:18:19,55544.2,24501.7
2022-06-03 23:18:20,57826.9,22219.2
2022-06-03 23:18:21,58725.1,21320.9
2022-06-03 23:18:22,59542.4,20503.5
2022-06-03 23:18:23,58808.1,21237.9
2022-06-03 23:18:24,58079.6,21966.3
2022-06-03 23:18:25,57086,22959.8
2022-06-03 23:18:26,56694.1,23351.9
2022-06-03 23:18:27,56407.3,23638.6
2022-06-03 23:18:28,57260.6,22785.3
2022-06-03 23:18:29,57523.4,22522.5
2022-06-03 23:18:30,56702.6,23343.3
2022-06-03 23:18:31,56107.9,23938.1
2022-06-03 23:18:32,55959.2,24086.8
2022-06-03 23:18:33,56263.1,23783
2022-06-03 23:18:34,57231.4,22814.5
2022-06-03 23:18:35,58923.6,21122.3
2022-06-03 23:18:36,58908.9,21137
2022-06-03 23:18:37,58332.1,21713.9
2022-06-03 23:18:38,57472.2,22573.8
2022-06-03 23:18:39,56992.5,23053.4
2022-06-03 23:18:40,55992.2,24053.8
2022-06-03 23:18:41,56443,23603
2022-06-03 23:18:42,56571.8,23474.1
2022-06-03 23:18:43,57239.8,22806.1
2022-06-03 23:18:44,58004.1,22041.8
2022-06-03 23:18:45,58548.9,21497
2022-06-03 23:18:46,57912.9,22133
2022-06-03 23:18:47,57529.7,22516.2
2022-06-03 23:18:48,56886.1,23159.9
2022-06-03 23:18:49,56539,23506.8
2022-06-03 23:18:50,56857.3,23188.7
2022-06-03 23:18:51,57343.6,22702.2
2022-06-03 23:18:52,57232.9,22813
2022-06-03 23:18:53,56290.2,23755.8
2022-06-03 23:18:54,56130.4,23915.6
2022-06-03 23:18:55,56149.1,23897
2022-06-03 23:18:56,57695.6,22350.3
2022-06-03 23:18:57,58558.6,21487.4
2022-06-03 23:18:58,58585.9,21459.9
2022-06-03 23:18:59,58794.4,21251.5
2022-06-03 23:19:00,58256.5,21789.5
2022-06-03 23:19:01,56990.4,23055.4
2022-06-03 23:19:02,56186.7,23859.3
2022-06-03 23:19:03,56166.4,23879.5
2022-06-03 23:19:04,56082.6,23963.4
2022-06-03 23:19:05,56215.1,23830.9
2022-06-03 23:19:06,57031.7,23014.3
2022-06-03 23:19:07,57958.7,22087.2
2022-06-03 23:19:08,57174.8,22871
2022-06-03 23:19:09,57433.2,22612.6
2022-06-03 23:19:10,58138.7,21907.1
2022-06-03 23:19:11,58419.9,21626.1
2022-06-03 23:19:12,58505.5,21540.4
2022-06-03 23:19:13,57891.9,22154.1
2022-06-03 23:19:14,57062.6,22983.2
2022-06-03 23:19:15,56529.9,23516
2022-06-03 23:19:16,56004.1,24041.8
2022-06-03 23:19:17,55680,24365.9
2022-06-03 23:19:18,57329.5,22716.5
2022-06-03 23:19:19,57012.5,23033.3
2022-06-03 23:19:20,56165.4,23880.6
2022-06-03 23:19:21,56924.4,23121.5
2022-06-03 23:19:22,56822.7,23223.2
2022-06-03 23:19:23,56983.4,23062.6
2022-06-03 23:19:24,58113.1,21932.8
2022-06-03 23:19:25,58475.3,21570.7
2022-06-03 23:19:26,58430.7,21615.3
2022-06-03 23:19:27,57698.2,22347.8
2022-06-03 23:19:28,56929.5,23116.5
2022-06-03 23:19:29,57021.8,23024.1
2022-06-03 23:19:30,57852.5,22193.4
2022-06-03 23:19:31,56859.9,23185.9
2022-06-03 23:19:32,56522.2,23523.8
2022-06-03 23:19:33,55944.3,24101.5
2022-06-03 23:19:34,55221.9,24823.9
2022-06-03 23:19:35,55284.7,24761.2
2022-06-03 23:19:36,56384.6,23661.2
2022-06-03 23:19:37,57683.9,22362
2022-06-03 23:19:38,57819.2,22226.8
2022-06-03 23:19:39,56953.4,23092.5
2022-06-03 23:19:40,58960.6,21085.2
2022-06-03 23:19:41,59189.7,20856.3
2022-06-03 23:19:42,59196,20849.9
2022-06-03 23:19:43,58277.9,21768
2022-06-03 23:19:44,57560.7,22485.2
2022-06-03 23:19:45,56895.9,23150
2022-06-03 23:19:46,56655.5,23390.6
2022-06-03 23:19:47,55747.9,24298
2022-06-03 23:19:48,55912.7,24133.3
2022-06-03 23:19:49,55641.7,24404.2
2022-06-03 23:19:50,55576,24469.9
2022-06-03 23:19:51,57253.1,22792.8
2022-06-03 23:19:52,57993,22052.9
2022-06-03 23:19:53,58817.7,21228.1
2022-06-03 23:19:54,59627.9,20418.1
2022-06-03 23:19:55,58973.9,21072.2
2022-06-03 23:19:56,57904.7,22141.3
2022-06-03 23:19:57,57557.2,22488.8
2022-06-03 23:19:58,57213.4,22832.5
2022-06-03 23:19:59,56551.9,23494.1
2022-06-03 23:20:00,55975.5,24070.4
2022-06-03 23:20:01,56012.5,24033.5
2022-06-03 23:20:02,56408.9,23637
2022-06-03 23:20:03,56064.3,23981.6
2022-06-03 23:20:04,56408.4,23637.5
2022-06-03 23:20:05,58128.5,21917.4
2022-06-03 23:20:06,57628.4,22417.4
2022-06-03 23:20:07,57508,22538
2022-06-03 23:20:08,57779.8,22266.2
2022-06-03 23:20:09,58252.1,21793.7
2022-06-03 23:20:10,57297.7,22748.3
2022-06-03 23:20:11,57376.2,22669.8
2022-06-03 23:20:12,56954.9,23091
2022-06-03 23:20:13,56652.7,23393.2
2022-06-03 23:20:14,56729.3,23316.6
2022-06-03 23:20:15,57382.5,22663.4
2022-06-03 23:20:16,57111.1,22934.8
2022-06-03 23:20:17,56890.3,23155.5
2022-06-03 23:20:18,56648.1,23397.8
2022-06-03 23:20:19,57012.8,23033.1
2022-06-03 23:20:20,57033.7,23012.2
2022-06-03 23:20:21,57318.8,22727.1
2022-06-03 23:20:22,56848.8,23197.2
2022-06-03 23:20:23,57577.2,22468.7
2022-06-03 23:20:24,57926.7,22119.3
2022-06-03 23:20:25,57321.8,22724.1
2022-06-03 23:20:26,57969.4,22076.5
2022-06-03 23:20:27,57745,22300.9
2022-06-03 23:20:28,57700.9,22345
2022-06-03 23:20:29,57726.9,22319.1
2022-06-03 23:20:30,56909,23137
2022-06-03 23:20:31,56797,23249
2022-06-03 23:20:32,56524.3,23521.7
2022-06-03 23:20:33,56020.5,24025.3
2022-06-03 23:20:34,56788.7,23257.2
2022-06-03 23:20:35,56388.4,23657.5
2022-06-03 23:20:36,57008.9,23037
2022-06-03 23:20:37,57317.6,22728.4
2022-06-03 23:20:38,57815.1,22230.8
2022-06-03 23:20:39,58996.3,21049.6
2022-06-03 23:20:40,58270.4,21775.6
2022-06-03 23:20:41,57761.4,22284.5
2022-06-03 23:20:42,57865.3,22180.7
2022-06-03 23:20:43,57849.3,22196.7
2022-06-03 23:20:44,57315.6,22730.4
2022-06-03 23:20:45,56711.1,23334.8
2022-06-03 23:20:46,56276.7,23769.3
2022-06-03 23:20:47,56044.2,24001.7
2022-06-03 23:20:48,55465.1,24580.8
2022-06-03 23:20:49,56379.5,23666.4
2022-06-03 23:20:50,57187.8,22858.1
2022-06-03 23:20:51,58008.7,22037.4
2022-06-03 23:20:52,58555.4,21490.6
2022-06-03 23:20:53,58579.8,21466.2
2022-06-03 23:20:54,58281,21764.9
2022-06-03 23:20:55,57754.3,22291.5
2022-06-03 23:20:56,57573.6,22472.3
2022-06-03 23:20:57,57121.3,22924.7
2022-06-03 23:20:58,56614.4,23431.6
2022-06-03 23:20:59,55771.6,24274.3
2022-06-03 23:21:00,55670.5,24375.4
2022-06-03 23:21:01,57204.1,22841.8
2022-06-03 23:21:02,56282.2,23763.7
2022-06-03 23:21:03,55453.5,24592.5
2022-06-03 23:21:04,56043.6,24002.3
2022-06-03 23:21:05,58874,21171.9
2022-06-03 23:21:06,59051.8,20994.1
2022-06-03 23:21:07,58138.8,21907.2
2022-06-03 23:21:08,58564.1,21481.9
2022-06-03 23:21:09,57750.3,22295.6
2022-06-03 23:21:10,57178,22867.9
2022-06-03 23:21:11,56870.7,23175.2
2022-06-03 23:21:12,56702,23344
2022-06-03 23:21:13,56370.2,23675.7
2022-06-03 23:21:14,56412.7,23633.1
2022-06-03 23:21:15,56922.7,23123.3
2022-06-03 23:21:16,57190.1,22855.8
2022-06-03 23:21:17,56783.3,23262.6
2022-06-03 23:21:18,56564.8,23481.2
2022-06-03 23:21:19,57436.2,22609.7
2022-06-03 23:21:20,58729,21316.9
2022-06-03 23:21:21,58480.9,21565
2022-06-03 23:21:22,57992.8,22053.2
2022-06-03 23:21:23,58465.7,21580.3
2022-06-03 23:21:24,57627.1,22418.8
2022-06-03 23:21:25,56831.1,23214.8
2022-06-03 23:21:26,56758.1,23287.8
2022-06-03 23:21:27,56228.1,23817.8
2022-06-03 23:21:28,55974.7,24071.3
2022-06-03 23:21:29,56280.6,23765.4
2022-06-03 23:21:30,56857.2,23188.8
2022-06-03 23:21:31,56457.7,23588.2
2022-06-03 23:21:32,57309.1,22736.8
2022-06-03 23:21:33,56787.8,23258.2
2022-06-03 23:21:34,57833,22212.9
2022-06-03 23:21:35,58354.3,21691.6
2022-06-03 23:21:36,58929.8,21116.1
2022-06-03 23:21:37,57924.5,22121.4
2022-06-03 23:21:38,57523,22523
2022-06-03 23:21:39,57154,22891.9
2022-06-03 23:21:40,56521.2,23524.7
2022-06-03 23:21:41,56366.8,23679.2
2022-06-03 23:21:42,56407.6,23638.3
2022-06-03 23:21:43,57396.4,22649.5
2022-06-03 23:21:44,56765,23280.9
2022-06-03 23:21:45,57087.1,22958.8
2022-06-03 23:21:46,57327.8,22718.1
2022-06-03 23:21:47,57153.2,22892.7
2022-06-03 23:21:48,56576.3,23469.7
2022-06-03 23:21:49,57502.4,22543.5
2022-06-03 23:21:50,57595.9,22450.1
2022-06-03 23:21:51,57809.1,22236.8
2022-06-03 23:21:52,56958.6,23087.3
2022-06-03 23:21:53,56983.6,23062.3
2022-06-03 23:21:54,57450,22595.9
2022-06-03 23:21:55,57624.8,22421.2
2022-06-03 23:21:56,57910,22135.9
2022-06-03 23:21:57,57416.3,22629.6
2022-06-03 23:21:58,57351.7,22694.2
2022-06-03 23:21:59,56268.8,23777.1
2022-06-03 23:22:00,56409.8,23636.1
2022-06-03 23:22:01,56830.7,23215.2
2022-06-03 23:22:02,56002.5,24043.5
2022-06-03 23:22:03,56158.6,23887.4
2022-06-03 23:22:04,56458.7,23587.1
2022-06-03 23:22:05,57591.3,22454.7
2022-06-03 23:22:06,58027.4,22018.5
2022-06-03 23:22:07,58856.3,21189.7
2022-06-03 23:22:08,58981.3,21064.7
2022-06-03 23:22:09,58701.9,21344
2022-06-03 23:22:10,58007.2,22038.8
2022-06-03 23:22:11,57056.6,22989.2
2022-06-03 23:22:12,56633.8,23412.3
2022-06-03 23:22:13,56272.6,23773.3
2022-06-03 23:22:14,56744.7,23301.2
2022-06-03 23:22:15,57042.9,23003.1
2022-06-03 23:22:16,56649,23396.9
2022-06-03 23:22:17,56775.2,23270.8
2022-06-03 23:22:18,56433.9,23612
2022-06-03 23:22:19,57823.1,22223
2022-06-03 23:22:20,59256,20790
2022-06-03 23:22:21,58591.9,21454.1
2022-06-03 23:22:22,58701.2,21344.6
2022-06-03 23:22:23,58001.3,22044.8
2022-06-03 23:22:24,57536.7,22509.2
2022-06-03 23:22:25,56287,23758.9
2022-06-03 23:22:26,55181,24864.9
2022-06-03 23:22:27,55429.2,24616.8
2022-06-03 23:22:28,56436.3,23609.5
2022-06-03 23:22:29,56622.5,23423.5
2022-06-03 23:22:30,57291.7,22754.1
2022-06-03 23:22:31,57846.5,22199.5
2022-06-03 23:22:32,57628.1,22417.8
2022-06-03 23:22:33,58125.6,21920.4
2022-06-03 23:22:34,57787.9,22258
2022-06-03 23:22:35,57942.2,22103.7
2022-06-03 23:22:36,57426.7,22619.1
2022-06-03 23:22:37,57316.9,22729.2
2022-06-03 23:22:38,56977.8,23068.1
2022-06-03 23:22:39,56455.9,23590
2022-06-03 23:22:40,56296.9,23749
2022-06-03 23:22:41,56420.6,23625.4
2022-06-03 23:22:42,56801.3,23244.7
2022-06-03 23:22:43,57704.1,22341.9
2022-06-03 23:22:44,57402.6,22643.4
2022-06-03 23:22:45,58129.7,21916.3
2022-06-03 23:22:46,57714.1,22331.8
2022-06-03 23:22:47,57633.1,22412.9
2022-06-03 23:22:48,56938.1,23107.9
2022-06-03 23:22:49,57453.9,22591.9
2022-06-03 23:22:50,57611.7,22434.2
2022-06-03 23:22:51,57743.1,22302.8
2022-06-03 23:22:52,57105.6,22940.3
2022-06-03 23:22:53,57460,22585.9
2022-06-03 23:22:54,56824.5,23221.5
2022-06-03 23:22:55,56917.7,23128.2
2022-06-03 23:22:56,57758.5,22287.5
2022-06-03 23:22:57,58529.4,21516.6
2022-06-03 23:22:58,57929.8,22116.1
2022-06-03 23:22:59,57360.4,22685.6
2022-06-03 23:23:00,57314,22731.9
2022-06-03 23:23:01,57498.9,22547.1
2022-06-03 23:23:02,56643.4,23402.4
2022-06-03 23:23:03,56477.5,23568.5
2022-06-03 23:23:04,56808.4,23237.5
2022-06-03 23:23:05,57951.7,22094.3
2022-06-03 23:23:06,57348.4,22697.5
2022-06-03 23:23:07,57545.9,22499.9
2022-06-03 23:23:08,57043.7,23002.2
2022-06-03 23:23:09,57106.3,22939.8
2022-06-03 23:23:10,57568.9,22477
2022-06-03 23:23:11,58146.8,21899.1
2022-06-03 23:23:12,57496.1,22549.7
2022-06-03 23:23:13,57008.7,23037.3
2022-06-03 23:23:14,57344.3,22701.5
2022-06-03 23:23:15,57543.2,22502.8
2022-06-03 23:23:16,57100.1,22945.8
2022-06-03 23:23:17,57700.7,22345.2
2022-06-03 23:23:18,56638.9,23407
2022-06-03 23:23:19,56655.9,23390
2022-06-03 23:23:20,57825.4,22220.5
2022-06-03 23:23:21,57942.4,22103.6
2022-06-03 23:23:22,58397.2,21648.6
2022-06-03 23:23:23,57785.8,22260.2
2022-06-03 23:23:24,57276.8,22769.1
2022-06-03 23:23:25,56847.3,23198.5
2022-06-03 23:23:26,56529.8,23516
2022-06-03 23:23:27,56548.4,23497.5
2022-06-03 23:23:28,56713.6,23332.4
2022-06-03 23:23:29,56833.2,23212.7
2022-06-03 23:23:30,57044.3,23001.7
2022-06-03 23:23:31,57475,22570.9
2022-06-03 23:23:32,57436.4,22609.7
2022-06-03 23:23:33,57374.7,22671.2
2022-06-03 23:23:34,56698.9,23347
2022-06-03 23:23:35,57885.2,22160.7
2022-06-03 23:23:36,57800.7,22245.1
2022-06-03 23:23:37,57336.5,22709.6
2022-06-03 23:23:38,58021.3,22024.6
2022-06-03 23:23:39,57845.5,22200.4
2022-06-03 23:23:40,57736.8,22309.3
2022-06-03 23:23:41,57094.1,22951.8
2022-06-03 23:23:42,56687.8,23358.2
2022-06-03 23:23:43,56855.4,23190.5
2022-06-03 23:23:44,57023,23023
2022-06-03 23:23:45,57050,22996
2022-06-03 23:23:46,56773.4,23272.5
2022-06-03 23:23:47,58094.7,21951.2
2022-06-03 23:23:48,57695.4,22350.5
2022-06-03 23:23:49,57878.4,22167.6
2022-06-03 23:23:50,57896.5,22149.5
2022-06-03 23:23:51,57056.3,22989.6
2022-06-03 23:23:52,57172.3,22873.7
2022-06-03 23:23:53,57508.3,22537.7
2022-06-03 23:23:54,57567.9,22478.1
2022-06-03 23:23:55,57437.2,22608.8
2022-06-03 23:23:56,56793.5,23252.4
2022-06-03 23:23:57,56173.6,23872.3
2022-06-03 23:23:58,56019.9,24026
2022-06-03 23:23:59,56410.1,23635.8
2022-06-03 23:24:00,57430.5,22615.6
2022-06-03 23:24:01,58797.6,21248.4
2022-06-03 23:24:02,57528.3,22517.6
2022-06-03 23:24:03,57336.8,22709.1
2022-06-03 23:24:04,57419,22627
2022-06-03 23:24:05,56909.8,23136.1
2022-06-03 23:24:06,56797.4,23248.5
2022-06-03 23:24:07,57659,22386.9
2022-06-03 23:24:08,57725.8,22320.2
2022-06-03 23:24:09,57676.5,22369.3
2022-06-03 23:24:10,57070.4,22975.5
2022-06-03 23:24:11,56085.2,23960.7
2022-06-03 23:24:12,56857.3,23188.5
2022-06-03 23:24:13,57006.6,23039.4
2022-06-03 23:24:14,56970.2,23075.8
2022-06-03 23:24:15,57522.7,22523.2
2022-06-03 23:24:16,58632.1,21413.8
2022-06-03 23:24:17,57886.7,22159.2
2022-06-03 23:24:18,57499.4,22546.5
2022-06-03 23:24:19,57181.1,22864.7
2022-06-03 23:24:20,56694,23351.9
2022-06-03 23:24:21,57728.8,22317
2022-06-03 23:24:22,57734.1,22311.7
2022-06-03 23:24:23,58401.7,21644.2
2022-06-03 23:24:24,57752.5,22293.4
2022-06-03 23:24:25,57601.6,22444.3
2022-06-03 23:24:26,56744.8,23301.1
2022-06-03 23:24:27,56642.2,23403.6
2022-06-03 23:24:28,57906.9,22139.1
2022-06-03 23:24:29,56948.9,23096.8
2022-06-03 23:24:30,57624.4,22421.5
2022-06-03 23:24:31,57294.7,22751.2
2022-06-03 23:24:32,57182.2,22863.7
2022-06-03 23:24:33,56586.8,23459.1
2022-06-03 23:24:34,56399.8,23646.1
2022-06-03 23:24:35,57241.8,22804.2
2022-06-03 23:24:36,58650.3,21395.6
2022-06-03 23:24:37,58833.1,21212.9
2022-06-03 23:24:38,58653.2,21392.7
2022-06-03 23:24:39,58072.1,21973.8
2022-06-03 23:24:40,57374.9,22671
2022-06-03 23:24:41,56365.1,23680.8
2022-06-03 23:24:42,56421.5,23624.5
2022-06-03 23:24:43,56482.9,23563.1
2022-06-03 23:24:44,56375.7,23670.2
2022-06-03 23:24:45,56898.2,23147.8
2022-06-03 23:24:46,57106.6,22939.3
2022-06-03 23:24:47,57274.7,22771.2
2022-06-03 23:24:48,57479,22566.9
2022-06-03 23:24:49,58016.3,22029.6
2022-06-03 23:24:50,59127.2,20918.7
2022-06-03 23:24:51,59525.3,20520.7
2022-06-03 23:24:52,58332.6,21713.4
2022-06-03 23:24:53,57586.8,22459.1
2022-06-03 23:24:54,56741.5,23304.4
2022-06-03 23:24:55,56151.1,23894.9
2022-06-03 23:24:56,55937,24108.9
2022-06-03 23:24:57,55940.4,24105.6
2022-06-03 23:24:58,57543.7,22502.2
2022-06-03 23:24:59,57655.6,22390.2
2022-06-03 23:25:00,57718.4,22327.6
2022-06-03 23:25:01,57797.3,22248.6
2022-06-03 23:25:02,57312.9,22733
2022-06-03 23:25:03,57757.6,22288.3
2022-06-03 23:25:04,58245.3,21800.6
2022-06-03 23:25:05,58364.3,21681.8
2022-06-03 23:25:06,58055.6,21990.4
2022-06-03 23:25:07,57444.5,22601.3
2022-06-03 23:25:08,56345.8,23700.1
2022-06-03 23:25:09,56369.9,23676.1
2022-06-03 23:25:10,56521.3,23524.7
2022-06-03 23:25:11,56626.2,23419.8
2022-06-03 23:25:12,57059.9,22985.9
2022-06-03 23:25:13,57418.5,22627.6
2022-06-03 23:25:14,56773,23272.9
2022-06-03 23:25:15,57303.6,22742.3
2022-06-03 23:25:16,57473.7,22572.3
2022-06-03 23:25:17,58046.3,21999.5
2022-06-03 23:25:18,57463.5,22582.4
2022-06-03 23:25:19,58079.8,21966.1
2022-06-03 23:25:20,58262.7,21783.3
2022-06-03 23:25:21,57847.3,22198.7
2022-06-03 23:25:22,57704.5,22341.4
2022-06-03 23:25:23,57327.3,22718.5
2022-06-03 23:25:24,56538.7,23507.2
2022-06-03 23:25:25,56498.6,23547.3
2022-06-03 23:25:26,56780.4,23265.5
2022-06-03 23:25:27,56918.9,23127.1
2022-06-03 23:25:28,57489.6,22556.3
2022-06-03 23:25:29,57560.2,22485.7
2022-06-03 23:25:30,57016.6,23029.3
2022-06-03 23:25:31,56753.3,23292.5
2022-06-03 23:25:32,57749.9,22296.1
2022-06-03 23:25:33,58237.3,21808.6
2022-06-03 23:25:34,58295.2,21750.7
2022-06-03 23:25:35,57905.1,22140.9
2022-06-03 23:25:36,57356.7,22689.2
2022-06-03 23:25:37,56370.6,23675.3
2022-06-03 23:25:38,56432.5,23613.3
2022-06-03 23:25:39,57223,22822.9
2022-06-03 23:25:40,57366.2,22679.6
2022-06-03 23:25:41,56423.6,23622.4
2022-06-03 23:25:42,56501.9,23544
2022-06-03 23:25:43,57247.3,22798.7
2022-06-03 23:25:44,57259.8,22786.2
2022-06-03 23:25:45,57413.4,22632.6
2022-06-03 23:25:46,58130.2,21915.8
2022-06-03 23:25:47,57395.9,22650
2022-06-03 23:25:48,57669.8,22376.2
2022-06-03 23:25:49,57396.6,22649.3
2022-06-03 23:25:50,57104.8,22941.1
2022-06-03 23:25:51,57042.4,23003.5
2022-06-03 23:25:52,57483.2,22562.8
2022-06-03 23:25:53,57574.9,22471
2022-06-03 23:25:54,58044.4,22001.7
2022-06-03 23:25:55,57081.2,22964.7
2022-06-03 23:25:56,57149.8,22896.1
2022-06-03 23:25:57,57312.2,22733.8
2022-06-03 23:25:58,57164.8,22881.1
2022-06-03 23:25:59,56740.2,23305.8
2022-06-03 23:26:00,57550.2,22495.7
2022-06-03 23:26:01,56789.7,23256.3
2022-06-03 23:26:02,56471.4,23574.5
2022-06-03 23:26:03,57389.1,22656.8
2022-06-03 23:26:04,56881,23165
2022-06-03 23:26:05,57652.1,22393.8
2022-06-03 23:26:06,57967.6,22078.3
2022-06-03 23:26:07,58548.2,21497.7
2022-06-03 23:26:08,57809.9,22236.1
2022-06-03 23:26:09,57818.5,22227.4
2022-06-03 23:26:10,57013.7,23032.1
2022-06-03 23:26:11,56305.5,23740.5
2022-06-03 23:26:12,55643.6,24402.3
2022-06-03 23:26:13,55441.3,24604.6
2022-06-03 23:26:14,55838.1,24208
2022-06-03 23:26:15,56343.2,23702.7
2022-06-03 23:26:16,56894.1,23151.9
2022-06-03 23:26:17,57967.6,22078.3
2022-06-03 23:26:18,58523.3,21522.6
2022-06-03 23:26:19,59072.5,20973.4
2022-06-03 23:26:20,58592.9,21453
2022-06-03 23:26:21,58828,21218.1
2022-06-03 23:26:22,58408.2,21637.7
2022-06-03 23:26:23,57601.2,22444.7
2022-06-03 23:26:24,57150.3,22895.7
2022-06-03 23:26:25,56059.6,23986.2
2022-06-03 23:26:26,55141.2,24904.7
2022-06-03 23:26:27,54869.3,25176.7
2022-06-03 23:26:28,55797.5,24248.5
2022-06-03 23:26:29,56245.6,23800.4
2022-06-03 23:26:30,57868,22178
2022-06-03 23:26:31,58189.5,21856.5
2022-06-03 23:26:32,58975.9,21070
2022-06-03 23:26:33,58843.7,21202.3
2022-06-03 23:26:34,58744.1,21301.9
2022-06-03 23:26:35,58462.8,21583.2
2022-06-03 23:26:36,58150,21895.9
2022-06-03 23:26:37,57399.4,22646.5
2022-06-03 23:26:38,56263,23782.8
2022-06-03 23:26:39,55406.2,24639.8
2022-06-03 23:26:40,55088.4,24957.5
2022-06-03 23:26:41,55677.2,24368.8
2022-06-03 23:26:42,56371.1,23674.8
2022-06-03 23:26:43,57401.7,22644.3
2022-06-03 23:26:44,58447.2,21598.7
2022-06-03 23:26:45,58428.8,21617.2
2022-06-03 23:26:46,58316.9,21729.1
2022-06-03 23:26:47,57584.6,22461.2
2022-06-03 23:26:48,57673.1,22372.8
2022-06-03 23:26:49,57101.3,22944.7
2022-06-03 23:26:50,57263.1,22782.8
2022-06-03 23:26:51,56583.4,23462.5
2022-06-03 23:26:52,57443.3,22602.6
2022-06-03 23:26:53,57198.2,22847.7
2022-06-03 23:26:54,56991.7,23054.3
2022-06-03 23:26:55,56024.1,24021.9
2022-06-03 23:26:56,56311.5,23734.5
2022-06-03 23:26:57,56563.2,23482.8
2022-06-03 23:26:58,57547.4,22498.6
2022-06-03 23:26:59,57972.3,22073.5
2022-06-03 23:27:00,57721.6,22324.3
2022-06-03 23:27:01,56702.4,23343.5
2022-06-03 23:27:02,56994.6,23051.4
2022-06-03 23:27:03,57076.5,22969.4
2022-06-03 23:27:04,58384.6,21661.3
2022-06-03 23:27:05,58801.2,21244.8
2022-06-03 23:27:06,58205.3,21840.7
2022-06-03 23:27:07,57987.1,22058.8
2022-06-03 23:27:08,56978.9,23067.1
2022-06-03 23:27:09,56441.6,23604.4
2022-06-03 23:27:10,55987.6,24058.3
2022-06-03 23:27:11,54979.2,25066.8
2022-06-03 23:27:12,54383.4,25662.6
2022-06-03 23:27:13,55402.4,24643.5
2022-06-03 23:27:14,56744.9,23300.9
2022-06-03 23:27:15,57696.5,22349.4
2022-06-03 23:27:16,57817.4,22228.6
2022-06-03 23:27:17,58601.5,21444.4
2022-06-03 23:27:18,59003.7,21042.3
2022-06-03 23:27:19,59420.3,20625.6
2022-06-03 23:27:20,58743.4,21302.6
2022-06-03 23:27:21,58385.2,21660.7
2022-06-03 23:27:22,57606.7,22439.3
2022-06-03 23:27:23,56309.4,23736.5
2022-06-03 23:27:24,55388.4,24657.5
2022-06-03 23:27:25,54868.3,25177.7
2022-06-03 23:27:26,55472.3,24573.6
2022-06-03 23:27:27,55450.3,24595.7
2022-06-03 23:27:28,57168.5,22877.4
2022-06-03 23:27:29,58189,21857
2022-06-03 23:27:30,58500.5,21545.4
2022-06-03 23:27:31,58351.4,21694.6
2022-06-03 23:27:32,58440.6,21605.5
2022-06-03 23:27:33,58872.2,21173.8
2022-06-03 23:27:34,58709.5,21336.3
2022-06-03 23:27:35,58133.7,21912.1
2022-06-03 23:27:36,57552.5,22493.4
2022-06-03 23:27:37,56589.2,23456.7
2022-06-03 23:27:38,55691.6,24354.4
2022-06-03 23:27:39,55565.2,24480.6
2022-06-03 23:27:40,55617.7,24428.2
2022-06-03 23:27:41,55316.6,24729.3
2022-06-03 23:27:42,56928.7,23117.2
2022-06-03 23:27:43,58681.2,21364.7
2022-06-03 23:27:44,58678.3,21367.6
2022-06-03 23:27:45,58363.1,21682.8
2022-06-03 23:27:46,57926.7,22119.2
2022-06-03 23:27:47,58091.6,21954.4
2022-06-03 23:27:48,57997.5,22048.4
2022-06-03 23:27:49,58257,21788.8
2022-06-03 23:27:50,58261.5,21784.5
2022-06-03 23:27:51,57694.8,22351.2
2022-06-03 23:27:52,56342.6,23703.3
2022-06-03 23:27:53,55343.9,24701.9
2022-06-03 23:27:54,55300,24745.9
2022-06-03 23:27:55,55962.4,24083.5
2022-06-03 23:27:56,56745.4,23300.6
2022-06-03 23:27:57,57562.6,22483.3
2022-06-03 23:27:58,58683.4,21362.4
2022-06-03 23:27:59,58006.2,22039.8
2022-06-03 23:28:00,58655.1,21391
2022-06-03 23:28:01,58481.9,21564
2022-06-03 23:28:02,58720.5,21325.5
2022-06-03 23:28:03,58248.9,21797.1
2022-06-03 23:28:04,57667.4,22378.6
2022-06-03 23:28:05,56678.5,23367.5
2022-06-03 23:28:06,55716.1,24329.8
2022-06-03 23:28:07,55712.1,24333.9
2022-06-03 23:28:08,55605.6,24440.4
2022-06-03 23:28:09,55776.9,24269
2022-06-03 23:28:10,56503.4,23542.6
2022-06-03 23:28:11,57338.8,22707.1
2022-06-03 23:28:12,57227.6,22818.4
2022-06-03 23:28:13,59249,20797
2022-06-03 23:28:14,58985.4,21060.6
2022-06-03 23:28:15,58225.2,21820.7
2022-06-03 23:28:16,57295.4,22750.5
2022-06-03 23:28:17,57250.8,22795.2
2022-06-03 23:28:18,56685.8,23360.2
2022-06-03 23:28:19,56541.5,23504.5
2022-06-03 23:28:20,57088.6,22957.2
2022-06-03 23:28:21,56901.2,23144.8
2022-06-03 23:28:22,56298.4,23747.4
2022-06-03 23:28:23,55798.7,24247.3
2022-06-03 23:28:24,56950.3,23095.6
2022-06-03 23:28:25,57851.6,22194.2
2022-06-03 23:28:26,57881.5,22164.4
2022-06-03 23:28:27,56782.3,23263.6
2022-06-03 23:28:28,56992,23054
2022-06-03 23:28:29,57057.4,22988.6
2022-06-03 23:28:30,56752.9,23293
2022-06-03 23:28:31,56451.4,23594.5
2022-06-03 23:28:32,58329.8,21716.2
2022-06-03 23:28:33,58505.4,21540.5
2022-06-03 23:28:34,57990.7,22055.2
2022-06-03 23:28:35,57887.4,22158.6
2022-06-03 23:28:36,57013.2,23032.7
2022-06-03 23:28:37,56513.8,23532.2
2022-06-03 23:28:38,56622.3,23423.6
2022-06-03 23:28:39,57466.5,22579.4
2022-06-03 23:28:40,56553.6,23492.3
2022-06-03 23:28:41,55639.6,24406.3
2022-06-03 23:28:42,56087.8,23958.1
2022-06-03 23:28:43,56190.1,23855.8
2022-06-03 23:28:44,57166.5,22879.6
2022-06-03 23:28:45,57905.5,22140.4
2022-06-03 23:28:46,59179.9,20866.1
2022-06-03 23:28:47,58673.5,21372.4
2022-06-03 23:28:48,58098.8,21947.2
2022-06-03 23:28:49,57764.2,22281.7
2022-06-03 23:28:50,56636.7,23409.3
2022-06-03 23:28:51,56253.6,23792.4
2022-06-03 23:28:52,56506.2,23539.7
2022-06-03 23:28:53,56275.1,23770.8
2022-06-03 23:28:54,56642.5,23403.4
2022-06-03 23:28:55,56190.9,23855
2022-06-03 23:28:56,56715.9,23330
2022-06-03 23:28:57,57028.6,23017.3
2022-06-03 23:28:58,58678.5,21367.5
2022-06-03 23:28:59,59169.1,20876.8
2022-06-03 23:29:00,59064.8,20981.2
2022-06-03 23:29:01,58145.6,21900.3
2022-06-03 23:29:02,57526.5,22519.3
2022-06-03 23:29:03,57141.9,22904.1
2022-06-03 23:29:04,56501.4,23544.5
2022-06-03 23:29:05,56094.5,23951.4
2022-06-03 23:29:06,56293.4,23752.6
2022-06-03 23:29:07,56606,23439.9
2022-06-03 23:29:08,57064.2,22981.8
2022-06-03 23:29:09,57592.9,22453.1
2022-06-03 23:29:10,57894.8,22151.1
2022-06-03 23:29:11,58046.8,21999
2022-06-03 23:29:12,57565.1,22480.9
2022-06-03 23:29:13,57414.2,22631.7
2022-06-03 23:29:14,58199.5,21846.3
2022-06-03 23:29:15,57698.4,22347.5
2022-06-03 23:29:16,56654.2,23391.6
2022-06-03 23:29:17,55862.5,24183.4
2022-06-03 23:29:18,55932.8,24113.1
2022-06-03 23:29:19,56306.2,23739.8
2022-06-03 23:29:20,57299.4,22746.5
2022-06-03 23:29:21,57976.1,22069.9
2022-06-03 23:29:22,58061,21984.9
2022-06-03 23:29:23,57437.4,22608.6
2022-06-03 23:29:24,57684.1,22361.7
2022-06-03 23:29:25,57155.2,22890.8
2022-06-03 23:29:26,57056.6,22989.3
2022-06-03 23:29:27,56943.9,23102
2022-06-03 23:29:28,57532.3,22513.8
2022-06-03 23:29:29,56661.4,23384.6
2022-06-03 23:29:30,57342,22704
2022-06-03 23:29:31,57399.9,22646.1
2022-06-03 23:29:32,57558.1,22487.9
2022-06-03 23:29:33,57857.8,22188.2
2022-06-03 23:29:34,57987,22059
2022-06-03 23:29:35,58397.8,21648.1
2022-06-03 23:29:36,58193.4,21852.5
2022-06-03 23:29:37,57198.6,22847.3
2022-06-03 23:29:38,56748,23298
2022-06-03 23:29:39,57238.4,22807.5
2022-06-03 23:29:40,57056.5,22989.4
2022-06-03 23:29:41,57462.5,22583.5
2022-06-03 23:29:42,56873.2,23172.7
2022-06-03 23:29:43,56361.3,23684.5
2022-06-03 23:29:44,56241.5,23804.4
2022-06-03 23:29:45,57187.7,22858.3
2022-06-03 23:29:46,57744.9,22301
2022-06-03 23:29:47,57915.6,22130.4
2022-06-03 23:29:48,58373.9,21672
2022-06-03 23:29:49,58520,21525.9
2022-06-03 23:29:50,57846.3,22199.5
2022-06-03 23:29:51,57501.5,22544.5
2022-06-03 23:29:52,57041.9,23004
2022-06-03 23:29:53,56969.5,23076.4
2022-06-03 23:29:54,56769.6,23276.3
2022-06-03 23:29:55,56249.2,23796.7
2022-06-03 23:29:56,56231.7,23814.1
2022-06-03 23:29:57,56158.7,23887.2
2022-06-03 23:29:58,56329.2,23716.7
2022-06-03 23:29:59,57226,22819.9
2022-06-03 23:30:00,57850.6,22195.4
2022-06-03 23:30:01,57722,22324
2022-06-03 23:30:02,58030.1,22015.8
2022-06-03 23:30:03,57764.3,22281.7
2022-06-03 23:30:04,58684.5,21361.6
2022-06-03 23:30:05,57706.9,22339
2022-06-03 23:30:06,56838.2,23207.7
2022-06-03 23:30:07,56523.3,23522.6
2022-06-03 23:30:08,56632.2,23413.7
2022-06-03 23:30:09,56696.5,23349.4
2022-06-03 23:30:10,57188.2,22857.7
2022-06-03 23:30:11,56464.5,23581.5
2022-06-03 23:30:12,56910.1,23135.8
2022-06-03 23:30:13,56558.6,23487.4
2022-06-03 23:30:14,57170,22875.9
2022-06-03 23:30:15,57760.4,22285.4
2022-06-03 23:30:16,58106.4,21939.5
2022-06-03 23:30:17,57784.4,22261.5
2022-06-03 23:30:18,57881.1,22164.8
2022-06-03 23:30:19,57370.7,22675.2
2022-06-03 23:30:20,57222.4,22823.5
2022-06-03 23:30:21,56409.1,23636.9
2022-06-03 23:30:22,56106.1,23939.8
2022-06-03 23:30:23,56226.6,23819.4
2022-06-03 23:30:24,56426.3,23619.5
2022-06-03 23:30:25,57278,22768
2022-06-03 23:30:26,57196.3,22849.7
2022-06-03 23:30:27,57178,22867.9
2022-06-03 23:30:28,56764.1,23281.8
2022-06-03 23:30:29,57177.3,22868.7
2022-06-03 23:30:30,57192.7,22853.1
2022-06-03 23:30:31,58032.3,22013.6
2022-06-03 23:30:32,57548.3,22497.7
2022-06-03 23:30:33,57570.2,22475.8
2022-06-03 23:30:34,56617,23428.9
2022-06-03 23:30:35,56666.9,23379
2022-06-03 23:30:36,56437,23609
2022-06-03 23:30:37,57497.8,22548.2
2022-06-03 23:30:38,58358.5,21687.3
2022-06-03 23:30:39,58036.6,22009.3
2022-06-03 23:30:40,57208.3,22837.6
2022-06-03 23:30:41,56553.4,23492.5
2022-06-03 23:30:42,56516.3,23529.6
2022-06-03 23:30:43,56709.7,23336.3
2022-06-03 23:30:44,56282,23763.9
2022-06-03 23:30:45,56724.8,23321.2
2022-06-03 23:30:46,57472,22574
2022-06-03 23:30:47,58056.1,21989.9
2022-06-03 23:30:48,58225.7,21820.3
2022-06-03 23:30:49,58975,21071
2022-06-03 23:30:50,58082,21963.9
2022-06-03 23:30:51,57473.9,22572
2022-06-03 23:30:52,56738.8,23307.1
2022-06-03 23:30:53,56835.5,23210.5
2022-06-03 23:30:54,56936.3,23109.6
2022-06-03 23:30:55,56690.6,23355.4
2022-06-03 23:30:56,56834.3,23211.5
2022-06-03 23:30:57,56079.2,23966.7
2022-06-03 23:30:58,56072.5,23973.4
2022-06-03 23:30:59,55971.6,24074.3
2022-06-03 23:31:00,57641.8,22404.1
2022-06-03 23:31:01,59923.1,20122.9
2022-06-03 23:31:02,59386,20659.9
2022-06-03 23:31:03,58466.8,21579.1
2022-06-03 23:31:04,57689.9,22356.1
2022-06-03 23:31:05,56538.4,23507.5
2022-06-03 23:31:06,56293.3,23752.6
2022-06-03 23:31:07,55798.3,24247.6
2022-06-03 23:31:08,56859.9,23186
2022-06-03 23:31:09,57045.2,23000.9
2022-06-03 23:31:10,56559.3,23486.7
2022-06-03 23:31:11,56423,23623
2022-06-03 23:31:12,56650.8,23395
2022-06-03 23:31:13,57083.4,22962.3
2022-06-03 23:31:14,57295.2,22750.7
2022-06-03 23:31:15,58943.4,21102.5
2022-06-03 23:31:16,58840.5,21205.4
2022-06-03 23:31:17,58393.1,21652.7
2022-06-03 23:31:18,57105.8,22940.2
2022-06-03 23:31:19,56244.7,23801.3
2022-06-03 23:31:20,55901.2,24144.7
2022-06-03 23:31:21,55765.7,24280.2
2022-06-03 23:31:22,56166.2,23879.8
2022-06-03 23:31:23,57596.7,22449.2
2022-06-03 23:31:24,57635.7,22410.2
2022-06-03 23:31:25,57095.6,22950.3
2022-06-03 23:31:26,57005.8,23040.2
2022-06-03 23:31:27,56913.2,23132.8
2022-06-03 23:31:28,57365,22680.8
2022-06-03 23:31:29,57565,22481
2022-06-03 23:31:30,57378.5,22667.3
2022-06-03 23:31:31,57820.1,22225.8
2022-06-03 23:31:32,57929.3,22116.7
2022-06-03 23:31:33,57062.7,22983.2
2022-06-03 23:31:34,56855.2,23190.8
2022-06-03 23:31:35,56786.3,23259.6
2022-06-03 23:31:36,56679.5,23366.5
2022-06-03 23:31:37,56815.2,23230.9
2022-06-03 23:31:38,58112.2,21933.7
2022-06-03 23:31:39,57757.9,22288
2022-06-03 23:31:40,57761.1,22285
2022-06-03 23:31:41,56676.8,23369.2
2022-06-03 23:31:42,57070.2,22975.8
2022-06-03 23:31:43,57298,22747.9
2022-06-03 23:31:44,57786.8,22259.1
2022-06-03 23:31:45,57589,22456.9
2022-06-03 23:31:46,58072.5,21973.5
2022-06-03 23:31:47,57444.6,22601.2
2022-06-03 23:31:48,56389.9,23656.2
2022-06-03 23:31:49,56129.6,23916.4
2022-06-03 23:31:50,56837.4,23208.5
2022-06-03 23:31:51,56791.9,23254.1
2022-06-03 23:31:52,57890.8,22155.1
2022-06-03 23:31:53,57514.1,22531.7
2022-06-03 23:31:54,57274.4,22771.6
2022-06-03 23:31:55,56892.2,23153.7
2022-06-03 23:31:56,57091.7,22954.3
2022-06-03 23:31:57,58340.1,21705.8
2022-06-03 23:31:58,57778.8,22267.1
2022-06-03 23:31:59,57212.1,22833.9
2022-06-03 23:32:00,56966.1,23079.8
2022-06-03 23:32:01,56785.5,23260.4
2022-06-03 23:32:02,57405.6,22640.3
2022-06-03 23:32:03,56856.5,23189.5
2022-06-03 23:32:04,56375,23670.9
2022-06-03 23:32:05,57119.6,22926.3
2022-06-03 23:32:06,56947.5,23098.3
2022-06-03 23:32:07,58166.5,21879.4
2022-06-03 23:32:08,58288.2,21757.8
2022-06-03 23:32:09,57144,22901.9
2022-06-03 23:32:10,56820.4,23225.6
2022-06-03 23:32:11,57223.3,22822.5
2022-06-03 23:32:12,57151.1,22894.8
2022-06-03 23:32:13,56866.3,23179.7
2022-06-03 23:32:14,57024.7,23021.1
2022-06-03 23:32:15,57177.7,22868.2
2022-06-03 23:32:16,56615,23431
2022-06-03 23:32:17,57373,22673
2022-06-03 23:32:18,57110.9,22935
2022-06-03 23:32:19,57118.4,22927.5
2022-06-03 23:32:20,56968.1,23077.9
2022-06-03 23:32:21,57510.4,22535.5
2022-06-03 23:32:22,57597.7,22448.2
2022-06-03 23:32:23,57295.4,22750.6
2022-06-03 23:32:24,57057.1,22988.9
2022-06-03 23:32:25,56810.1,23235.8
2022-06-03 23:32:26,56807.5,23238.4
2022-06-03 23:32:27,56575.2,23470.7
2022-06-03 23:32:28,56679.2,23366.7
2022-06-03 23:32:29,57471.9,22574
2022-06-03 23:32:30,57836.3,22209.6
2022-06-03 23:32:31,58041.9,22004.1
2022-06-03 23:32:32,57287.4,22758.5
2022-06-03 23:32:33,57235.6,22810.4
2022-06-03 23:32:34,56981,23065
2022-06-03 23:32:35,56967,23078.9
2022-06-03 23:32:36,57210.5,22835.5
2022-06-03 23:32:37,56714,23331.9
2022-06-03 23:32:38,56618.1,23427.8
2022-06-03 23:32:39,56914.1,23131.8
2022-06-03 23:32:40,57678.2,22367.8
2022-06-03 23:32:41,58494.6,21551.4
2022-06-03 23:32:42,57762.2,22283.6
2022-06-03 23:32:43,57192.5,22853.5
2022-06-03 23:32:44,57085.9,22960.1
2022-06-03 23:32:45,57193.7,22852.3
2022-06-03 23:32:46,57674.3,22371.7
2022-06-03 23:32:47,56762.6,23283.4
2022-06-03 23:32:48,56934,23112.1
2022-06-03 23:32:49,56046.4,23999.4
2022-06-03 23:32:50,57179,22867
2022-06-03 23:32:51,58020.5,22025.4
2022-06-03 23:32:52,57918.7,22127.2
2022-06-03 23:32:53,58290,21755.9
2022-06-03 23:32:54,57996,22049.9
2022-06-03 23:32:55,58119.2,21926.7
2022-06-03 23:32:56,57394,22652
2022-06-03 23:32:57,56711.5,23334.4
2022-06-03 23:32:58,55874.2,24171.8
2022-06-03 23:32:59,55767.5,24278.4
2022-06-03 23:33:00,55835.2,24210.7
2022-06-03 23:33:01,56642.5,23403.3
2022-06-03 23:33:02,57405.5,22640.4
2022-06-03 23:33:03,56792.9,23253.1
2022-06-03 23:33:04,57537,22509
2022-06-03 23:33:05,57725.6,22320.3
2022-06-03 23:33:06,58494,21552
2022-06-03 23:33:07,58252.6,21793.5
2022-06-03 23:33:08,58205.2,21840.8
2022-06-03 23:33:09,57546.5,22499.3
2022-06-03 23:33:10,56722.2,23323.7
2022-06-03 23:33:11,56161.5,23884.4
2022-06-03 23:33:12,55711.7,24334.3
2022-06-03 23:33:13,56499.2,23546.7
2022-06-03 23:33:14,56075.2,23970.7
2022-06-03 23:33:15,56993.6,23052.3
2022-06-03 23:33:16,57141.3,22904.6
2022-06-03 23:33:17,58146.9,21899
2022-06-03 23:33:18,57812.9,22232.9
2022-06-03 23:33:19,57899,22147
2022-06-03 23:33:20,57527.2,22518.7
2022-06-03 23:33:21,58275.1,21770.9
2022-06-03 23:33:22,57921.8,22124.2
2022-06-03 23:33:23,57052.5,22993.5
2022-06-03 23:33:24,56996.2,23049.7
2022-06-03 23:33:25,56415.4,23630.5
2022-06-03 23:33:26,56758.4,23287.7
2022-06-03 23:33:27,57071.6,22974.4
2022-06-03 23:33:28,56782.9,23263
2022-06-03 23:33:29,57275.9,22769.9
2022-06-03 23:33:30,58242.5,21803.5
2022-06-03 23:33:31,57581.8,22464.1
2022-06-03 23:33:32,57104.8,22941.2
2022-06-03 23:33:33,56067.5,23978.4
2022-06-03 23:33:34,56784.3,23261.6
2022-06-03 23:33:35,56598.5,23447.4
2022-06-03 23:33:36,57574.5,22471.3
2022-06-03 23:33:37,57246.3,22799.7
2022-06-03 23:33:38,58248,21798
2022-06-03 23:33:39,57474.3,22571.6
2022-06-03 23:33:40,57881,22165
2022-06-03 23:33:41,57118.5,22927.4
2022-06-03 23:33:42,57004.6,23041.2
2022-06-03 23:33:43,56105.2,23940.7
2022-06-03 23:33:44,56359.7,23686.2
2022-06-03 23:33:45,56955.9,23090
2022-06-03 23:33:46,56316.3,23729.7
2022-06-03 23:33:47,56057.5,23988.5
2022-06-03 23:33:48,56620.6,23425.4
2022-06-03 23:33:49,57503.3,22542.6
2022-06-03 23:33:50,58397.4,21648.5
2022-06-03 23:33:51,58668.7,21377.3
2022-06-03 23:33:52,57856.6,22189.3
2022-06-03 23:33:53,57967,22078.9
2022-06-03 23:33:54,58057.6,21988.3
2022-06-03 23:33:55,56889.2,23156.7
2022-06-03 23:33:56,56596.6,23449.3
2022-06-03 23:33:57,55965.1,24080.9
2022-06-03 23:33:58,55836.6,24209.4
2022-06-03 23:33:59,56427.3,23618.6
2022-06-03 23:34:00,56973.4,23072.6
2022-06-03 23:34:01,56750.7,23295.2
2022-06-03 23:34:02,57363.7,22682.2
2022-06-03 23:34:03,57555.3,22490.6
2022-06-03 23:34:04,57449,22597
2022-06-03 23:34:05,58504.5,21541.4
2022-06-03 23:34:06,57977.5,22068.5
2022-06-03 23:34:07,57600.6,22445.4
2022-06-03 23:34:08,56632.4,23413.5
2022-06-03 23:34:09,57525.4,22520.6
2022-06-03 23:34:10,56612.4,23433.5
2022-06-03 23:34:11,56532.4,23513.6
2022-06-03 23:34:12,56629.2,23416.8
2022-06-03 23:34:13,56957.1,23088.8
2022-06-03 23:34:14,57060.1,22985.7
2022-06-03 23:34:15,57354.3,22691.5
2022-06-03 23:34:16,56599.7,23446.1
2022-06-03 23:34:17,56764.6,23281.3
2022-06-03 23:34:18,57126,22919.9
2022-06-03 23:34:19,57292.3,22753.6
2022-06-03 23:34:20,57855.9,22190
2022-06-03 23:34:21,58011.4,22034.5
2022-06-03 23:34:22,57102.2,22943.8
2022-06-03 23:34:23,57701.6,22344.4
2022-06-03 23:34:24,57316,22729.8
2022-06-03 23:34:25,57338,22707.9
2022-06-03 23:34:26,56808,23237.9
2022-06-03 23:34:27,56573.3,23472.6
2022-06-03 23:34:28,56103.1,23942.9
2022-06-03 23:34:29,55910.9,24135.1
2022-06-03 23:34:30,56323.4,23722.4
2022-06-03 23:34:31,57253,22793
2022-06-03 23:34:32,57406.7,22639.2
2022-06-03 23:34:33,57436.4,22609.5
2022-06-03 23:34:34,57895,22150.8
2022-06-03 23:34:35,58442.5,21603.5
2022-06-03 23:34:36,57799.2,22246.7
2022-06-03 23:34:37,57787.7,22258.3
2022-06-03 23:34:38,57449.8,22596.1
2022-06-03 23:34:39,56420.3,23625.6
2022-06-03 23:34:40,56904.4,23141.6
2022-06-03 23:34:41,56659,23386.9
2022-06-03 23:34:42,56217,23828.9
2022-06-03 23:34:43,56234.4,23811.5
2022-06-03 23:34:44,57217.2,22828.7
2022-06-03 23:34:45,57394.5,22651.3
2022-06-03 23:34:46,57724.7,22321.2
2022-06-03 23:34:47,57829.5,22216.4
2022-06-03 23:34:48,57378.8,22667.1
2022-06-03 23:34:49,57674.3,22371.5
2022-06-03 23:34:50,57554.4,22491.7
2022-06-03 23:34:51,56722.6,23323.2
2022-06-03 23:34:52,57162,22884
2022-06-03 23:34:53,56817.3,23228.6
2022-06-03 23:34:54,56715.3,23330.6
2022-06-03 23:34:55,56635,23411
2022-06-03 23:34:56,56860.6,23185.4
2022-06-03 23:34:57,57537.1,22508.8
2022-06-03 23:34:58,57316.7,22729.2
2022-06-03 23:34:59,57629.7,22416.3
2022-06-03 23:35:00,58079.6,21966.2
2022-06-03 23:35:01,57482.9,22563.1
2022-06-03 23:35:02,56771.7,23274.2
2022-06-03 23:35:03,56984.1,23061.9
2022-06-03 23:35:04,57519.7,22526.3
2022-06-03 23:35:05,56824.2,23221.8
2022-06-03 23:35:06,57074.2,22971.7
2022-06-03 23:35:07,57997.6,22048.3
2022-06-03 23:35:08,57720.9,22325.2
2022-06-03 23:35:09,58150.4,21895.5
2022-06-03 23:35:10,57473.5,22572.4
2022-06-03 23:35:11,57152.8,22893.1
2022-06-03 23:35:12,56981.6,23064.3
2022-06-03 23:35:13,56613,23432.8
2022-06-03 23:35:14,56030.9,24015.1
2022-06-03 23:35:15,56637.9,23408.1
2022-06-03 23:35:16,56275.7,23770.3
2022-06-03 23:35:17,56429.6,23616.3
2022-06-03 23:35:18,57045.9,23000
2022-06-03 23:35:19,58723.4,21322.5
2022-06-03 23:35:20,57694.8,22351.1
2022-06-03 23:35:21,58152.2,21893.8
2022-06-03 23:35:22,58131.1,21914.9
2022-06-03 23:35:23,57417.1,22628.9
2022-06-03 23:35:24,57011,23034.9
2022-06-03 23:35:25,56395.7,23650.3
2022-06-03 23:35:26,56015.1,24030.8
2022-06-03 23:35:27,56531.7,23514.3
2022-06-03 23:35:28,56130.4,23915.6
2022-06-03 23:35:29,55862.1,24183.9
2022-06-03 23:35:30,56322.3,23723.6
2022-06-03 23:35:31,57534.8,22511.1
2022-06-03 23:35:32,57409,22636.9
2022-06-03 23:35:33,58607.2,21438.8
2022-06-03 23:35:34,58560.1,21485.9
2022-06-03 23:35:35,57968.6,22077.3
2022-06-03 23:35:36,57696.7,22349.2
2022-06-03 23:35:37,57379.4,22666.6
2022-06-03 23:35:38,57859.6,22186.4
2022-06-03 23:35:39,56858,23187.9
2022-06-03 23:35:40,56600.3,23445.7
2022-06-03 23:35:41,56576.6,23469.3
2022-06-03 23:35:42,56546.7,23499.2
2022-06-03 23:35:43,56120.5,23925.4
2022-06-03 23:35:44,56989.9,23056.1
2022-06-03 23:35:45,57497.2,22548.6
2022-06-03 23:35:46,58091.8,21954.1
2022-06-03 23:35:47,58257.2,21788.8
2022-06-03 23:35:48,57993.7,22052.2
2022-06-03 23:35:49,58522.6,21523.4
2022-06-03 23:35:50,57920.3,22125.4
2022-06-03 23:35:51,57390.1,22655.8
2022-06-03 23:35:52,58054,21991.8
2022-06-03 23:35:53,57330.8,22715.1
2022-06-03 23:35:54,56423.2,23622.8
2022-06-03 23:35:55,55789.9,24256.1
2022-06-03 23:35:56,55666.2,24379.7
2022-06-03 23:35:57,56439.2,23606.8
2022-06-03 23:35:58,56746,23299.9
2022-06-03 23:35:59,56702.3,23343.7
2022-06-03 23:36:00,57442.5,22603.3
2022-06-03 23:36:01,57818.7,22227.2
2022-06-03 23:36:02,58250.1,21795.9
2022-06-03 23:36:03,58480.2,21565.7
2022-06-03 23:36:04,58833.2,21212.7
2022-06-03 23:36:05,57665.3,22380.7
2022-06-03 23:36:06,56864.3,23181.6
2022-06-03 23:36:07,56573.9,23472.1
2022-06-03 23:36:08,55854.2,24191.7
2022-06-03 23:36:09,55537.2,24508.8
2022-06-03 23:36:10,55903.6,24142.3
2022-06-03 23:36:11,56242.4,23803.5
2022-06-03 23:36:12,55656.7,24389.3
2022-06-03 23:36:13,56450,23595.9
2022-06-03 23:36:14,57510.1,22535.8
2022-06-03 23:36:15,57764.1,22281.8
2022-06-03 23:36:16,59025.8,21020.2
2022-06-03 23:36:17,58929.7,21116.2
2022-06-03 23:36:18,58065.5,21980.4
2022-06-03 23:36:19,57359.3,22686.6
2022-06-03 23:36:20,56187.3,23858.8
2022-06-03 23:36:21,55867.3,24178.7
2022-06-03 23:36:22,56122.1,23923.8
2022-06-03 23:36:23,56339,23706.9
2022-06-03 23:36:24,56153.1,23892.9
2022-06-03 23:36:25,57458.4,22587.5
2022-06-03 23:36:26,57133.2,22912.8
2022-06-03 23:36:27,57265.8,22780.1
2022-06-03 23:36:28,57115.2,22930.8
2022-06-03 23:36:29,57435,22611
2022-06-03 23:36:30,57715.4,22330.5
2022-06-03 23:36:31,57800.1,22245.8
2022-06-03 23:36:32,57254.3,22791.5
2022-06-03 23:36:33,56761.2,23284.7
2022-06-03 23:36:34,56747.7,23298.3
2022-06-03 23:36:35,57708.6,22337.3
2022-06-03 23:36:36,57529.6,22516.3
2022-06-03 23:36:37,58364.3,21681.7
2022-06-03 23:36:38,57897.2,22148.6
2022-06-03 23:36:39,56882.4,23163.6
2022-06-03 23:36:40,56569.7,23476.2
2022-06-03 23:36:41,56407.6,23638.3
2022-06-03 23:36:42,56105,23940.9
2022-06-03 23:36:43,56130.8,23915.2
2022-06-03 23:36:44,55893.8,24152.2
2022-06-03 23:36:45,56394.6,23651.4
2022-06-03 23:36:46,56830.7,23215.2
2022-06-03 23:36:47,57677.3,22368.6
2022-06-03 23:36:48,58195.4,21850.5
2022-06-03 23:36:49,58896,21149.9
2022-06-03 23:36:50,58615.2,21430.7
2022-06-03 23:36:51,57586.5,22459.4
2022-06-03 23:36:52,57326.9,22719
2022-06-03 23:36:53,56447.4,23598.6
2022-06-03 23:36:54,56039.4,24006.5
2022-06-03 23:36:55,56012.1,24033.9
2022-06-03 23:36:56,55744.7,24301.3
2022-06-03 23:36:57,55688.6,24357.3
2022-06-03 23:36:58,55713.6,24332.3
2022-06-03 23:36:59,56099,23946.8
2022-06-03 23:37:00,59336.1,20709.8
2022-06-03 23:37:01,59214.5,20831.3
2022-06-03 23:37:02,58928.3,21117.7
2022-06-03 23:37:03,58599.4,21446.5
2022-06-03 23:37:04,58357.2,21688.6
2022-06-03 23:37:05,57772.7,22273.3
2022-06-03 23:37:06,56649.8,23396.1
2022-06-03 23:37:07,56423,23622.9
2022-06-03 23:37:08,56466.8,23579.1
2022-06-03 23:37:09,55571.2,24474.7
2022-06-03 23:37:10,55057.7,24988.2
2022-06-03 23:37:11,56709.8,23336.2
2022-06-03 23:37:12,56429,23616.8
2022-06-03 23:37:13,57534.3,22511.6
2022-06-03 23:37:14,57876.7,22169.3
2022-06-03 23:37:15,59021,21024.9
2022-06-03 23:37:16,58890,21155.9
2022-06-03 23:37:17,58086.2,21959.8
2022-06-03 23:37:18,58236.1,21809.8
2022-06-03 23:37:19,57634,22412
2022-06-03 23:37:20,57429.1,22617
2022-06-03 23:37:21,56603.4,23442.5
2022-06-03 23:37:22,56776.9,23269.1
2022-06-03 23:37:23,56729.2,23316.7
2022-06-03 23:37:24,56610.3,23435.7
2022-06-03 23:37:25,56549,23496.8
2022-06-03 23:37:26,57080.6,22965.3
2022-06-03 23:37:27,56946.3,23099.6
2022-06-03 23:37:28,56312.7,23733.4
2022-06-03 23:37:29,56702.8,23343.2
2022-06-03 23:37:30,58451.2,21594.7
2022-06-03 23:37:31,58184.1,21861.7
2022-06-03 23:37:32,58238,21808
2022-06-03 23:37:33,58004.7,22041.2
2022-06-03 23:37:34,57654.9,22391.1
2022-06-03 23:37:35,56959.3,23086.5
2022-06-03 23:37:36,56624.5,23421.4
2022-06-03 23:37:37,56645,23400.9
2022-06-03 23:37:38,57215.8,22830.1
2022-06-03 23:37:39,57916.8,22129
2022-06-03 23:37:40,56537.2,23508.8
2022-06-03 23:37:41,55841.7,24204.3
2022-06-03 23:37:42,55175.1,24870.8
2022-06-03 23:37:43,56588.8,23457.1
2022-06-03 23:37:44,57854.2,22191.8
2022-06-03 23:37:45,58916,21130
2022-06-03 23:37:46,58415.2,21630.8
2022-06-03 23:37:47,57944.6,22101.3
2022-06-03 23:37:48,56828.7,23217.2
2022-06-03 23:37:49,57223.5,22822.4
2022-06-03 23:37:50,57638.4,22407.4
2022-06-03 23:37:51,57367.9,22678.1
2022-06-03 23:37:52,57361.3,22684.6
2022-06-03 23:37:53,56224.8,23821.2
2022-06-03 23:37:54,56672.6,23373.4
2022-06-03 23:37:55,56176.6,23869.3
2022-06-03 23:37:56,55839.9,24206.2
2022-06-03 23:37:57,55704.5,24341.5
2022-06-03 23:37:58,56670,23375.8
2022-06-03 23:37:59,57607.4,22438.5
2022-06-03 23:38:00,57888,22157.9
2022-06-03 23:38:01,57670.6,22375.3
2022-06-03 23:38:02,57448.7,22597.3
2022-06-03 23:38:03,57503.6,22542.5
2022-06-03 23:38:04,57839.4,22206.5
2022-06-03 23:38:05,57346.5,22699.4
2022-06-03 23:38:06,57864.5,22181.5
2022-06-03 23:38:07,57915.5,22130.3
2022-06-03 23:38:08,57164.1,22881.8
2022-06-03 23:38:09,56076.7,23969.3
2022-06-03 23:38:10,55027.6,25018.4
2022-06-03 23:38:11,55577.9,24467.9
2022-06-03 23:38:12,55412,24633.9
2022-06-03 23:38:13,56379.9,23666
2022-06-03 23:38:14,57580.9,22465.1
2022-06-03 23:38:15,57729.8,22316.2
2022-06-03 23:38:16,58695,21351
2022-06-03 23:38:17,58447.2,21598.8
2022-06-03 23:38:18,58449.6,21596.2
2022-06-03 23:38:19,58014.9,22031.1
2022-06-03 23:38:20,57475.5,22570.5
2022-06-03 23:38:21,57623.5,22422.4
2022-06-03 23:38:22,56873.7,23172.2
2022-06-03 23:38:23,56363.6,23682.2
2022-06-03 23:38:24,55804,24242
2022-06-03 23:38:25,55137.8,24908.2
2022-06-03 23:38:26,54627.5,25418.3
2022-06-03 23:38:27,56596.6,23449.3
2022-06-03 23:38:28,57588.8,22457.1
2022-06-03 23:38:29,59370.7,20675.3
2022-06-03 23:38:30,59384.7,20661.3
2022-06-03 23:38:31,59049,20997
2022-06-03 23:38:32,58229.2,21816.7
2022-06-03 23:38:33,57892,22154
2022-06-03 23:38:34,57144.2,22901.7
2022-06-03 23:38:35,57570.4,22475.5
2022-06-03 23:38:36,57466.6,22579.3
2022-06-03 23:38:37,56241.8,23804
2022-06-03 23:38:38,55653.3,24392.6
2022-06-03 23:38:39,54902.3,25143.7
2022-06-03 23:38:40,55502.8,24543.2
2022-06-03 23:38:41,56164.6,23881.3
2022-06-03 23:38:42,58233.9,21812.1
2022-06-03 23:38:43,58576.8,21469
2022-06-03 23:38:44,58662.5,21383.4
2022-06-03 23:38:45,58603,21442.9
2022-06-03 23:38:46,57963,22082.9
2022-06-03 23:38:47,57498.5,22547.5
2022-06-03 23:38:48,57420.8,22625.2
2022-06-03 23:38:49,57603.9,22442
2022-06-03 23:38:50,57165.1,22880.7
2022-06-03 23:38:51,56917.7,23128.2
2022-06-03 23:38:52,56522.4,23523.6
2022-06-03 23:38:53,56384.2,23661.8
2022-06-03 23:38:54,56397.6,23648.3
2022-06-03 23:38:55,56253.1,23792.8
2022-06-03 23:38:56,55478.3,24567.6
2022-06-03 23:38:57,57254.8,22791.1
2022-06-03 23:38:58,58028.7,22017.2
2022-06-03 23:38:59,57783.2,22262.7
2022-06-03 23:39:00,58655.4,21390.5
2022-06-03 23:39:01,57605.5,22440.4
2022-06-03 23:39:02,56980.3,23065.6
2022-06-03 23:39:03,56897.4,23148.6
2022-06-03 23:39:04,58100.1,21945.8
2022-06-03 23:39:05,57613.4,22432.6
2022-06-03 23:39:06,57645.7,22400.3
2022-06-03 23:39:07,56889.5,23156.4
2022-06-03 23:39:08,56255.1,23790.9
2022-06-03 23:39:09,55432.1,24613.8
2022-06-03 23:39:10,54917.3,25128.7
2022-06-03 23:39:11,55595.2,24450.8
2022-06-03 23:39:12,57480.7,22565.3
2022-06-03 23:39:13,58442.9,21603
2022-06-03 23:39:14,57901.9,22144
2022-06-03 23:39:15,58183.3,21862.6
2022-06-03 23:39:16,58011.3,22034.5
2022-06-03 23:39:17,58013.3,22032.6
2022-06-03 23:39:18,57807.5,22238.3
2022-06-03 23:39:19,57753.7,22292.2
2022-06-03 23:39:20,57269.8,22776.1
2022-06-03 23:39:21,57550,22495.9
2022-06-03 23:39:22,56890.9,23155
2022-06-03 23:39:23,56187.9,23858
2022-06-03 23:39:24,55485.2,24560.7
2022-06-03 23:39:25,55461.7,24584.3
2022-06-03 23:39:26,56517.8,23528.1
2022-06-03 23:39:27,57243.5,22802.5
2022-06-03 23:39:28,57710.8,22335.2
2022-06-03 23:39:29,58436.5,21609.4
2022-06-03 23:39:30,57836.7,22209.3
2022-06-03 23:39:31,56947.3,23098.6
2022-06-03 23:39:32,57939.3,22106.7
2022-06-03 23:39:33,57711.3,22334.6
2022-06-03 23:39:34,57958.6,22087.3
2022-06-03 23:39:35,57685.1,22360.8
2022-06-03 23:39:36,57827.2,22218.8
2022-06-03 23:39:37,56293.3,23752.7
2022-06-03 23:39:38,56068.3,23977.6
2022-06-03 23:39:39,55289.2,24756.7
2022-06-03 23:39:40,55579.6,24466.3
2022-06-03 23:39:41,55913.2,24132.7
2022-06-03 23:39:42,56294.8,23751.1
2022-06-03 23:39:43,57526,22519.9
2022-06-03 23:39:44,58202.1,21843.8
2022-06-03 23:39:45,58010.4,22035.5
2022-06-03 23:39:46,58775.3,21270.5
2022-06-03 23:39:47,58525,21521.1
2022-06-03 23:39:48,58196.3,21849.6
2022-06-03 23:39:49,58322.4,21723.5
2022-06-03 23:39:50,57457,22588.9
2022-06-03 23:39:51,56708.3,23337.5
2022-06-03 23:39:52,55809.5,24236.4
2022-06-03 23:39:53,54914.5,25131.5
2022-06-03 23:39:54,54967,25078.8
2022-06-03 23:39:55,55481.6,24564.3
2022-06-03 23:39:56,57416.1,22629.8
2022-06-03 23:39:57,57852.6,22193.3
2022-06-03 23:39:58,58758.3,21287.5
2022-06-03 23:39:59,58478.4,21567.5
2022-06-03 23:40:00,58197.5,21848.5
2022-06-03 23:40:01,57855.4,22190.5
2022-06-03 23:40:02,58290.4,21755.4
2022-06-03 23:40:03,57568.8,22477.1
2022-06-03 23:40:04,57285.1,22760.8
2022-06-03 23:40:05,56550.7,23495.2
2022-06-03 23:40:06,55476.5,24569.4
2022-06-03 23:40:07,55860.1,24185.8
2022-06-03 23:40:08,54797.3,25248.4
2022-06-03 23:40:09,56403.2,23642.7
2022-06-03 23:40:10,57723.8,22322.1
2022-06-03 23:40:11,57851.8,22194.1
2022-06-03 23:40:12,57783.8,22262.1
2022-06-03 23:40:13,58284.4,21761.5
2022-06-03 23:40:14,58485.7,21560.3
2022-06-03 23:40:15,57850.8,22195.1
2022-06-03 23:40:16,57553.2,22492.8
2022-06-03 23:40:17,57020,23026
2022-06-03 23:40:18,56936.5,23109.4
2022-06-03 23:40:19,57160.7,22885.2
2022-06-03 23:40:20,56689.8,23356.2
2022-06-03 23:40:21,56822.9,23223
2022-06-03 23:40:22,56630,23415.9
2022-06-03 23:40:23,56250.4,23795.5
2022-06-03 23:40:24,56958.7,23087.3
2022-06-03 23:40:25,57068.1,22977.9
2022-06-03 23:40:26,57297.6,22748.3
2022-06-03 23:40:27,57426.7,22619.2
2022-06-03 23:40:28,57591.5,22454.5
2022-06-03 23:40:29,57219.9,22826.1
2022-06-03 23:40:30,58113.2,21932.8
2022-06-03 23:40:31,58005.5,22040.4
2022-06-03 23:40:32,57994.5,22051.5
2022-06-03 23:40:33,58165.9,21880
2022-06-03 23:40:34,57762.3,22283.6
2022-06-03 23:40:35,57478.4,22567.4
2022-06-03 23:40:36,56500.2,23545.7
2022-06-03 23:40:37,56205,23840.9
2022-06-03 23:40:38,55908.1,24138
2022-06-03 23:40:39,55499.6,24546.4
2022-06-03 23:40:40,55916,24129.9
2022-06-03 23:40:41,56518.3,23527.7
2022-06-03 23:40:42,57298.8,22747.1
2022-06-03 23:40:43,57689.1,22356.8
2022-06-03 23:40:44,58545.4,21500.6
2022-06-03 23:40:45,58656.6,21389.3
2022-06-03 23:40:46,58862.3,21183.6
2022-06-03 23:40:47,58641.1,21404.8
2022-06-03 23:40:48,57745.7,22300.3
2022-06-03 23:40:49,56720,23326
2022-06-03 23:40:50,56237.9,23808.1
2022-06-03 23:40:51,55876.2,24169.7
2022-06-03 23:40:52,55576.6,24469.5
2022-06-03 23:40:53,55795.1,24250.8
2022-06-03 23:40:54,55822,24224
2022-06-03 23:40:55,56446.4,23599.5
2022-06-03 23:40:56,57705.4,22340.5
2022-06-03 23:40:57,57305.5,22740.4
2022-06-03 23:40:58,58848.3,21197.7
2022-06-03 23:40:59,59637.4,20408.5
2022-06-03 23:41:00,58594.4,21451.6
2022-06-03 23:41:01,57976.2,22069.7
2022-06-03 23:41:02,57002.6,23043.3
2022-06-03 23:41:03,56455.8,23590.1
2022-06-03 23:41:04,56469.8,23576.1
2022-06-03 23:41:05,55943.7,24102.4
2022-06-03 23:41:06,56534.6,23511.4
2022-06-03 23:41:07,56476.1,23569.9
2022-06-03 23:41:08,55960.1,24085.8
2022-06-03 23:41:09,56997.2,23048.7
2022-06-03 23:41:10,57400.7,22645.2
2022-06-03 23:41:11,58429.1,21616.7
2022-06-03 23:41:12,58180.4,21865.6
2022-06-03 23:41:13,58045.4,22000.5
2022-06-03 23:41:14,57939.4,22106.6
2022-06-03 23:41:15,57326.2,22719.7
2022-06-03 23:41:16,57058,22987.9
2022-06-03 23:41:17,57921.8,22124.1
2022-06-03 23:41:18,57762.9,22283
2022-06-03 23:41:19,56822.8,23223.1
2022-06-03 23:41:20,56461.5,23584.4
2022-06-03 23:41:21,55941,24105
2022-06-03 23:41:22,55277.6,24768.3
2022-06-03 23:41:23,55297.2,24748.6
2022-06-03 23:41:24,57318,22727.9
2022-06-03 23:41:25,57401.6,22644.2
2022-06-03 23:41:26,57588.5,22457.3
2022-06-03 23:41:27,58502.9,21543.1
2022-06-03 23:41:28,57875.2,22170.8
2022-06-03 23:41:29,58833.6,21212.5
2022-06-03 23:41:30,58464.4,21581.6
2022-06-03 23:41:31,57560.2,22485.7
2022-06-03 23:41:32,56747.3,23298.6
2022-06-03 23:41:33,55647,24398.9
2022-06-03 23:41:34,55976.8,24069.2
2022-06-03 23:41:35,55375.1,24670.9
2022-06-03 23:41:36,54836.9,25209.1
2022-06-03 23:41:37,55756.8,24289.2
2022-06-03 23:41:38,57041.5,23004.4
2022-06-03 23:41:39,58180.2,21865.6
2022-06-03 23:41:40,57725.9,22320
2022-06-03 23:41:41,58261.8,21784.1
2022-06-03 23:41:42,58408.5,21637.5
2022-06-03 23:41:43,57889.9,22156
2022-06-03 23:41:44,57198.5,22847.3
2022-06-03 23:41:45,56951,23095
2022-06-03 23:41:46,56414,23631.8
2022-06-03 23:41:47,56606.9,23439
2022-06-03 23:41:48,55791,24254.8
2022-06-03 23:41:49,56709.2,23336.7
2022-06-03 23:41:50,56313.8,23732.1
2022-06-03 23:41:51,55761.4,24284.5
2022-06-03 23:41:52,57239.2,22806.8
2022-06-03 23:41:53,58916,21129.9
2022-06-03 23:41:54,58999.9,21046.1
2022-06-03 23:41:55,57755.5,22290.4
2022-06-03 23:41:56,56971.6,23074.2
2022-06-03 23:41:57,56801.4,23244.5
2022-06-03 23:41:58,56925.9,23120.2
2022-06-03 23:41:59,56697.2,23348.8
2022-06-03 23:42:00,57502.4,22543.6
2022-06-03 23:42:01,57157.9,22888.1
2022-06-03 23:42:02,57038.8,23007.1
2022-06-03 23:42:03,57188.7,22857.3
2022-06-03 23:42:04,57041.7,23004.2
2022-06-03 23:42:05,56474.9,23571
2022-06-03 23:42:06,56252.9,23793
2022-06-03 23:42:07,56877.2,23168.7
2022-06-03 23:42:08,57446.7,22599.3
2022-06-03 23:42:09,57632.1,22413.7
2022-06-03 23:42:10,56785.3,23260.7
2022-06-03 23:42:11,56312.1,23733.8
2022-06-03 23:42:12,57034.7,23011.3
2022-06-03 23:42:13,57343,22702.9
2022-06-03 23:42:14,57865.1,22180.9
2022-06-03 23:42:15,58633,21412.9
2022-06-03 23:42:16,58338,21707.8
2022-06-03 23:42:17,57313.5,22732.4
2022-06-03 23:42:18,56402,23644
2022-06-03 23:42:19,55837,24209
2022-06-03 23:42:20,56152.2,23893.6
2022-06-03 23:42:21,56834.8,23211.2
2022-06-03 23:42:22,56804.4,23241.5
2022-06-03 23:42:23,57243.1,22802.9
2022-06-03 23:42:24,56465.5,23580.4
2022-06-03 23:42:25,56349.2,23696.6
2022-06-03 23:42:26,56358.5,23687.4
2022-06-03 23:42:27,58047.2,21998.8
2022-06-03 23:42:28,58806.1,21239.9
2022-06-03 23:42:29,58852.3,21193.6
2022-06-03 23:42:30,57804.8,22241.1
2022-06-03 23:42:31,57147.9,22898.1
2022-06-03 23:42:32,56742.7,23303.2
2022-06-03 23:42:33,56459.1,23586.9
2022-06-03 23:42:34,56117.7,23928.4
2022-06-03 23:42:35,56224.4,23821.5
2022-06-03 23:42:36,56022.9,24023
2022-06-03 23:42:37,57860.8,22185.1
2022-06-03 23:42:38,57176.1,22869.8
2022-06-03 23:42:39,57186.4,22859.5
2022-06-03 23:42:40,57232.8,22813.1
2022-06-03 23:42:41,57374.6,22671.3
2022-06-03 23:42:42,57755.2,22290.6
2022-06-03 23:42:43,58780,21265.9
2022-06-03 23:42:44,58064.5,21981.3
2022-06-03 23:42:45,57054.1,22991.7
2022-06-03 23:42:46,56882.7,23163.2
2022-06-03 23:42:47,56534.9,23511.1
2022-06-03 23:42:48,55696.9,24349
2022-06-03 23:42:49,56135.3,23910.6
2022-06-03 23:42:50,56966.7,23079.3
2022-06-03 23:42:51,56601.3,23444.5
2022-06-03 23:42:52,57437.7,22608.1
2022-06-03 23:42:53,57493,22552.9
2022-06-03 23:42:54,57261.5,22784.4
2022-06-03 23:42:55,57055.9,22990
2022-06-03 23:42:56,57613.5,22432.3
2022-06-03 23:42:57,58148.5,21897.5
2022-06-03 23:42:58,58251.8,21794.2
2022-06-03 23:42:59,57901.3,22144.7
2022-06-03 23:43:00,57373.5,22672.3
2022-06-03 23:43:01,56767.5,23278.4
2022-06-03 23:43:02,55990.3,24055.6
2022-06-03 23:43:03,55731.5,24314.4
2022-06-03 23:43:04,55639.2,24406.7
2022-06-03 23:43:05,56443.6,23602.2
2022-06-03 23:43:06,58120.1,21926
2022-06-03 23:43:07,58516.4,21529.5
2022-06-03 23:43:08,57745.7,22300.3
2022-06-03 23:43:09,57111,22934.9
2022-06-03 23:43:10,57024.2,23021.7
2022-06-03 23:43:11,57517.1,22528.8
2022-06-03 23:43:12,58258.4,21787.4
2022-06-03 23:43:13,57396.9,22649
2022-06-03 23:43:14,57377.8,22668.2
2022-06-03 23:43:15,56454.6,23591.2
2022-06-03 23:43:16,55450.2,24595.7
2022-06-03 23:43:17,55602.5,24443.4
2022-06-03 23:43:18,57108,22938
2022-06-03 23:43:19,57790.6,22255.4
2022-06-03 23:43:20,57142.9,22903
2022-06-03 23:43:21,57926.8,22119.1
2022-06-03 23:43:22,58281.6,21764.2
2022-06-03 23:43:23,57208.7,22837.3
2022-06-03 23:43:24,56389.4,23656.6
2022-06-03 23:43:25,56552.9,23493.1
2022-06-03 23:43:26,56980.4,23065.6
2022-06-03 23:43:27,57530.9,22515
2022-06-03 23:43:28,57620.1,22425.8
2022-06-03 23:43:29,56712.4,23333.5
2022-06-03 23:43:30,56658.8,23387.1
2022-06-03 23:43:31,57550.4,22495.5
2022-06-03 23:43:32,57034.8,23011.1
2022-06-03 23:43:33,57508.4,22537.5
2022-06-03 23:43:34,57314.1,22731.8
2022-06-03 23:43:35,56980,23066
2022-06-03 23:43:36,57242.8,22803.1
2022-06-03 23:43:37,57230.4,22815.5
2022-06-03 23:43:38,56535.6,23510.3
2022-06-03 23:43:39,55423.9,24621.9
2022-06-03 23:43:40,55883.8,24162.1
2022-06-03 23:43:41,56447.6,23598.3
2022-06-03 23:43:42,58388.4,21657.5
2022-06-03 23:43:43,59010.5,21035.5
2022-06-03 23:43:44,58689,21357
2022-06-03 23:43:45,58173,21872.9
2022-06-03 23:43:46,57656.4,22389.5
2022-06-03 23:43:47,56628.9,23417
2022-06-03 23:43:48,57061.9,22984.1
2022-06-03 23:43:49,56954.8,23091.2
2022-06-03 23:43:50,56889.3,23156.5
2022-06-03 23:43:51,57104.2,22941.9
2022-06-03 23:43:52,56440.9,23605.1
2022-06-03 23:43:53,55823.9,24222
2022-06-03 23:43:54,55438.1,24607.9
2022-06-03 23:43:55,57074.2,22971.7
2022-06-03 23:43:56,59102.6,20943.3
2022-06-03 23:43:57,58959.9,21086
2022-06-03 23:43:58,58121.9,21924
2022-06-03 23:43:59,57663,22383
2022-06-03 23:44:00,57168.6,22877.2
2022-06-03 23:44:01,57120.6,22925.2
2022-06-03 23:44:02,57456.8,22589.2
2022-06-03 23:44:03,56778.5,23267.4
2022-06-03 23:44:04,55982.8,24063.2
2022-06-03 23:44:05,55832.1,24213.9
2022-06-03 23:44:06,57179.1,22867
2022-06-03 23:44:07,57208.9,22837
2022-06-03 23:44:08,57636.6,22409.3
2022-06-03 23:44:09,56933.5,23112.4
2022-06-03 23:44:10,56627.8,23418
2022-06-03 23:44:11,57891.1,22154.8
2022-06-03 23:44:12,57341.6,22704.4
2022-06-03 23:44:13,57575.8,22470.1
2022-06-03 23:44:14,57533,22513
2022-06-03 23:44:15,57328.4,22717.5
2022-06-03 23:44:16,56261.5,23784.4
2022-06-03 23:44:17,56385.7,23660.3
2022-06-03 23:44:18,55984.6,24061.3
2022-06-03 23:44:19,56259.4,23786.5
2022-06-03 23:44:20,57049.2,22996.8
2022-06-03 23:44:21,58024.6,22021.2
2022-06-03 23:44:22,57009.7,23036.2
2022-06-03 23:44:23,56446.7,23599.2
2022-06-03 23:44:24,57070.1,22975.7
2022-06-03 23:44:25,57122,22924
2022-06-03 23:44:26,56689.2,23356.9
2022-06-03 23:44:27,57710.9,22335
2022-06-03 23:44:28,57572.5,22473.3
2022-06-03 23:44:29,57820.1,22225.9
2022-06-03 23:44:30,57089.1,22956.8
2022-06-03 23:44:31,56640.1,23405.7
2022-06-03 23:44:32,55996,24050
2022-06-03 23:44:33,55716.7,24329.2
2022-06-03 23:44:34,56922.6,23123.3
2022-06-03 23:44:35,57590.9,22455
2022-06-03 23:44:36,57447.2,22598.6
2022-06-03 23:44:37,57055.1,22990.8
2022-06-03 23:44:38,56599.6,23446.3
2022-06-03 23:44:39,56926.9,23118.9
2022-06-03 23:44:40,57084.3,22961.6
2022-06-03 23:44:41,57296.1,22749.9
2022-06-03 23:44:42,58030.4,22015.5
2022-06-03 23:44:43,57188.8,22857.1
2022-06-03 23:44:44,57240.2,22805.7
2022-06-03 23:44:45,56448.9,23597
2022-06-03 23:44:46,55818.7,24227.1
2022-06-03 23:44:47,57430.3,22615.6
2022-06-03 23:44:48,57311.6,22734.4
2022-06-03 23:44:49,57252.6,22793.2
2022-06-03 23:44:50,57137.3,22908.6
2022-06-03 23:44:51,57418.6,22627.3
2022-06-03 23:44:52,57494.3,22551.7
2022-06-03 23:44:53,57320.7,22725.2
2022-06-03 23:44:54,56585.2,23460.7
2022-06-03 23:44:55,56545.1,23500.8
2022-06-03 23:44:56,56294.8,23751.2
2022-06-03 23:44:57,56587.1,23458.8
2022-06-03 23:44:58,57360.3,22685.6
2022-06-03 23:44:59,57405.9,22640
2022-06-03 23:45:00,57831.9,22214
2022-06-03 23:45:01,57298.4,22747.4
2022-06-03 23:45:02,57123.6,22922.3
2022-06-03 23:45:03,57165.2,22880.8
2022-06-03 23:45:04,57728.9,22317
2022-06-03 23:45:05,56561.3,23484.7
2022-06-03 23:45:06,56070.3,23975.6
2022-06-03 23:45:07,56419.1,23626.9
2022-06-03 23:45:08,56172.9,23873
2022-06-03 23:45:09,56079.2,23966.8
2022-06-03 23:45:10,56908,23137.9
2022-06-03 23:45:11,57833.5,22212.4
2022-06-03 23:45:12,58375.6,21670.3
2022-06-03 23:45:13,59025,21020.9
2022-06-03 23:45:14,58366.6,21679.4
2022-06-03 23:45:15,57384.4,22661.5
2022-06-03 23:45:16,56850.5,23195.5
2022-06-03 23:45:17,55806.3,24239.7
2022-06-03 23:45:18,56495.2,23550.7
2022-06-03 23:45:19,56213.9,23832
2022-06-03 23:45:20,56457.1,23588.8
2022-06-03 23:45:21,56075.7,23970.3
2022-06-03 23:45:22,55536,24510
2022-06-03 23:45:23,56305.5,23740.3
2022-06-03 23:45:24,57874.7,22171.2
2022-06-03 23:45:25,58777.1,21268.8
2022-06-03 23:45:26,59215.1,20830.9
2022-06-03 23:45:27,58897.4,21148.6
2022-06-03 23:45:28,57801.1,22244.8
2022-06-03 23:45:29,56763.6,23282.3
2022-06-03 23:45:30,56449.8,23596.2
2022-06-03 23:45:31,56397.3,23648.6
2022-06-03 23:45:32,55868.1,24177.7
2022-06-03 23:45:33,55905.1,24140.9
2022-06-03 23:45:34,56338,23708
2022-06-03 23:45:35,56785.9,23260
2022-06-03 23:45:36,57064.1,22981.8
2022-06-03 23:45:37,57468.4,22577.5
2022-06-03 23:45:38,57276.5,22769.4
2022-06-03 23:45:39,57542.1,22503.7
2022-06-03 23:45:40,58494.5,21551.3
2022-06-03 23:45:41,58385.1,21660.9
2022-06-03 23:45:42,57998.6,22047.2
2022-06-03 23:45:43,57322.8,22723.1
2022-06-03 23:45:44,56443.8,23602.1
2022-06-03 23:45:45,56352.3,23693.5
2022-06-03 23:45:46,55543.5,24502.4
2022-06-03 23:45:47,55977.2,24068.6
2022-06-03 23:45:48,57103.2,22942.7
2022-06-03 23:45:49,57427.3,22618.7
2022-06-03 23:45:50,57685.1,22360.8
2022-06-03 23:45:51,57274.2,22771.8
2022-06-03 23:45:52,56540.1,23505.8
2022-06-03 23:45:53,56879.3,23166.5
2022-06-03 23:45:54,58024.6,22021.2
2022-06-03 23:45:55,58517.9,21528
2022-06-03 23:45:56,58178.8,21867.1
2022-06-03 23:45:57,57352,22693.8
2022-06-03 23:45:58,56707.4,23338.6
2022-06-03 23:45:59,56819.8,23226.2
2022-06-03 23:46:00,56525.8,23520.1
2022-06-03 23:46:01,56360.9,23685
2022-06-03 23:46:02,56582.4,23463.5
2022-06-03 23:46:03,56677.3,23368.6
2022-06-03 23:46:04,56966.9,23078.9
2022-06-03 23:46:05,57013.8,23032.1
2022-06-03 23:46:06,57154.9,22891
2022-06-03 23:46:07,56475.1,23570.8
2022-06-03 23:46:08,57317.9,22728.1
2022-06-03 23:46:09,57877.7,22168.3
2022-06-03 23:46:10,58047.7,21998.1
2022-06-03 23:46:11,58126.2,21919.8
2022-06-03 23:46:12,57313.4,22732.5
2022-06-03 23:46:13,56462.4,23583.5
2022-06-03 23:46:14,56325.3,23720.6
2022-06-03 23:46:15,57450.4,22595.5
2022-06-03 23:46:16,56826.4,23219.5
2022-06-03 23:46:17,57142.4,22903.6
2022-06-03 23:46:18,56784.8,23261.1
2022-06-03 23:46:19,57398.8,22647.1
2022-06-03 23:46:20,57391.7,22654.2
2022-06-03 23:46:21,57153.1,22892.8
2022-06-03 23:46:22,56631.4,23414.4
2022-06-03 23:46:23,57654.8,22391.1
2022-06-03 23:46:24,56651.1,23394.8
2022-06-03 23:46:25,57468.2,22577.6
2022-06-03 23:46:26,57636.5,22409.4
2022-06-03 23:46:27,56948.1,23097.9
2022-06-03 23:46:28,57774.5,22271.4
2022-06-03 23:46:29,57412.8,22633.1
2022-06-03 23:46:30,57063.3,22982.7
2022-06-03 23:46:31,56801.8,23244.2
2022-06-03 23:46:32,57342.5,22703.3
2022-06-03 23:46:33,57325.5,22720.5
2022-06-03 23:46:34,57327.5,22718.4
2022-06-03 23:46:35,56580.9,23465
2022-06-03 23:46:36,56144,23901.8
2022-06-03 23:46:37,57259.9,22786.1
2022-06-03 23:46:38,57554.9,22491
2022-06-03 23:46:39,57831.4,22214.6
2022-06-03 23:46:40,57683.5,22362.4
2022-06-03 23:46:41,57613.6,22432.3
2022-06-03 23:46:42,57865.9,22180.1
2022-06-03 23:46:43,58033.4,22012.5
2022-06-03 23:46:44,57214.4,22831.5
2022-06-03 23:46:45,56353.6,23692.2
2022-06-03 23:46:46,56180.8,23865.1
2022-06-03 23:46:47,55698.7,24347.2
2022-06-03 23:46:48,56120.3,23925.5
2022-06-03 23:46:49,57109.4,22936.5
2022-06-03 23:46:50,57277.8,22768.2
2022-06-03 23:46:51,57128.5,22917.4
2022-06-03 23:46:52,57581.7,22464.2
2022-06-03 23:46:53,57594.7,22451.2
2022-06-03 23:46:54,58300.1,21745.9
2022-06-03 23:46:55,58961.3,21084.6
2022-06-03 23:46:56,57994.3,22051.7
2022-06-03 23:46:57,57276.8,22769.2
2022-06-03 23:46:58,56500.3,23545.7
2022-06-03 23:46:59,55723.6,24322.3
2022-06-03 23:47:00,55828.7,24217.2
2022-06-03 23:47:01,55192.8,24853.1
2022-06-03 23:47:02,56235.7,23810.2
2022-06-03 23:47:03,57021,23025
2022-06-03 23:47:04,57988.4,22057.5
2022-06-03 23:47:05,57888,22157.9
2022-06-03 23:47:06,58677.2,21368.8
2022-06-03 23:47:07,58132.6,21913.3
2022-06-03 23:47:08,57681.8,22364.2
2022-06-03 23:47:09,57402.3,22643.6
2022-06-03 23:47:10,57136.8,22909.1
2022-06-03 23:47:11,56363.6,23682.4
2022-06-03 23:47:12,56541.6,23504.2
2022-06-03 23:47:13,57200.4,22845.4
2022-06-03 23:47:14,56173.3,23872.7
2022-06-03 23:47:15,56638.5,23407.4
2022-06-03 23:47:16,56290.1,23755.9
2022-06-03 23:47:17,57362.7,22683.3
2022-06-03 23:47:18,57871.9,22174.1
2022-06-03 23:47:19,58540.9,21505.1
2022-06-03 23:47:20,57591.4,22454.6
2022-06-03 23:47:21,57060.7,22985.2
2022-06-03 23:47:22,56572.8,23473.1
2022-06-03 23:47:23,56221.1,23824.8
2022-06-03 23:47:24,56433.3,23612.6
2022-06-03 23:47:25,57159.8,22886.1
2022-06-03 23:47:26,57026.3,23019.6
2022-06-03 23:47:27,58222.7,21823.2
2022-06-03 23:47:28,58223.5,21822.4
2022-06-03 23:47:29,57731.9,22314.1
2022-06-03 23:47:30,56932.3,23113.7
2022-06-03 23:47:31,57030.2,23015.8
2022-06-03 23:47:32,57264.8,22781.2
2022-06-03 23:47:33,57176.2,22869.8
2022-06-03 23:47:34,57944.6,22101.3
2022-06-03 23:47:35,57146.1,22899.8
2022-06-03 23:47:36,56911.3,23134.6
2022-06-03 23:47:37,56405.3,23640.6
2022-06-03 23:47:38,56887.8,23158.1
2022-06-03 23:47:39,57078.4,22967.6
2022-06-03 23:47:40,58425.1,21620.8
2022-06-03 23:47:41,58419.8,21626.2
2022-06-03 23:47:42,58412,21633.9
2022-06-03 23:47:43,57240,22805.8
2022-06-03 23:47:44,56280.4,23765.5
2022-06-03 23:47:45,56186.9,23859.1
2022-06-03 23:47:46,56373.4,23672.5
2022-06-03 23:47:47,56581.4,23464.4
2022-06-03 23:47:48,57135.7,22910.2
2022-06-03 23:47:49,56782.9,23263
2022-06-03 23:47:50,57428.2,22617.7
2022-06-03 23:47:51,56676.9,23369
2022-06-03 23:47:52,56940.4,23105.6
2022-06-03 23:47:53,56983.4,23062.6
2022-06-03 23:47:54,57667.6,22378.3
2022-06-03 23:47:55,57933.1,22112.8
2022-06-03 23:47:56,58074.4,21971.5
2022-06-03 23:47:57,58125.5,21920.4
2022-06-03 23:47:58,56625.9,23420
2022-06-03 23:47:59,55844,24202
2022-06-03 23:48:00,56237.7,23808.3
2022-06-03 23:48:01,55913.8,24132.2
2022-06-03 23:48:02,56944.6,23101.4
2022-06-03 23:48:03,57919,22127
2022-06-03 23:48:04,57472.4,22573.6
2022-06-03 23:48:05,56740.5,23305.4
2022-06-03 23:48:06,56856.7,23189.2
2022-06-03 23:48:07,57682.5,22363.4
2022-06-03 23:48:08,57974.6,22071.5
2022-06-03 23:48:09,58197.2,21848.8
2022-06-03 23:48:10,57523.5,22522.5
2022-06-03 23:48:11,57274.5,22771.5
2022-06-03 23:48:12,56965.8,23080.1
2022-06-03 23:48:13,57500.9,22545.1
2022-06-03 23:48:14,56843.1,23202.7
2022-06-03 23:48:15,56075.7,23970.2
2022-06-03 23:48:16,56496.8,23549.1
2022-06-03 23:48:17,56661.4,23384.5
2022-06-03 23:48:18,57115.4,22930.5
2022-06-03 23:48:19,57382.2,22663.7
2022-06-03 23:48:20,57031.3,23014.7
2022-06-03 23:48:21,56718.4,23327.5
2022-06-03 23:48:22,56688.1,23357.7
2022-06-03 23:48:23,57506.8,22539.1
2022-06-03 23:48:24,58057,21988.9
2022-06-03 23:48:25,57554.5,22491.4
2022-06-03 23:48:26,57158.1,22887.9
2022-06-03 23:48:27,56892.5,23153.5
2022-06-03 23:48:28,56471.2,23574.7
2022-06-03 23:48:29,55973.3,24072.5
2022-06-03 23:48:30,57769.4,22276.6
2022-06-03 23:48:31,57574.4,22471.6
2022-06-03 23:48:32,57960,22085.9
2022-06-03 23:48:33,57623.6,22422.2
2022-06-03 23:48:34,57060.7,22985.2
2022-06-03 23:48:35,56815.3,23230.7
2022-06-03 23:48:36,56536.5,23509.3
2022-06-03 23:48:37,56409.8,23636.2
2022-06-03 23:48:38,56244,23801.9
2022-06-03 23:48:39,56261.7,23784.2
2022-06-03 23:48:40,57048.9,22997
2022-06-03 23:48:41,57764.6,22281.3
2022-06-03 23:48:42,57605.3,22440.6
2022-06-03 23:48:43,57067.2,22978.7
2022-06-03 23:48:44,57152.6,22893.2
2022-06-03 23:48:45,57645.4,22400.4
2022-06-03 23:48:46,57847.2,22198.8
2022-06-03 23:48:47,58204,21841.8
2022-06-03 23:48:48,57320.8,22725.2
2022-06-03 23:48:49,56069.2,23976.8
2022-06-03 23:48:50,55567.2,24478.8
2022-06-03 23:48:51,55260.6,24785.3
2022-06-03 23:48:52,56060.7,23985.3
2022-06-03 23:48:53,56635.7,23410.2
2022-06-03 23:48:54,56615.3,23430.6
2022-06-03 23:48:55,57797.8,22248.1
2022-06-03 23:48:56,57608.6,22437.4
2022-06-03 23:48:57,57385.5,22660.4
2022-06-03 23:48:58,58287.9,21758
2022-06-03 23:48:59,57586.1,22459.8
2022-06-03 23:49:00,57977.5,22068.5
2022-06-03 23:49:01,57364.6,22681.3
2022-06-03 23:49:02,57163.4,22882.6
2022-06-03 23:49:03,57367.4,22678.5
2022-06-03 23:49:04,56226.7,23819.3
2022-06-03 23:49:05,56025.8,24020.2
2022-06-03 23:49:06,55567.3,24478.6
2022-06-03 23:49:07,54872.8,25173.2
2022-06-03 23:49:08,56168,23878
2022-06-03 23:49:09,57115.8,22930.1
2022-06-03 23:49:10,57698.7,22347.2
2022-06-03 23:49:11,57787.5,22258.5
2022-06-03 23:49:12,57947.3,22098.6
2022-06-03 23:49:13,57205.3,22840.7
2022-06-03 23:49:14,57074.6,22971.3
2022-06-03 23:49:15,57519,22527
2022-06-03 23:49:16,57840.4,22205.5
2022-06-03 23:49:17,57081.3,22964.5
2022-06-03 23:49:18,56519.2,23526.8
2022-06-03 23:49:19,57205.2,22840.6
2022-06-03 23:49:20,57151.4,22894.4
2022-06-03 23:49:21,56063.2,23982.9
2022-06-03 23:49:22,56654.4,23391.6
2022-06-03 23:49:23,56684.4,23361.6
2022-06-03 23:49:24,57010.1,23035.8
2022-06-03 23:49:25,56954.3,23091.6
2022-06-03 23:49:26,57701.7,22344.3
2022-06-03 23:49:27,57558,22487.9
2022-06-03 23:49:28,57084,22961.9
2022-06-03 23:49:29,57366.9,22679
2022-06-03 23:49:30,57302.6,22743.3
2022-06-03 23:49:31,57805.6,22240.4
2022-06-03 23:49:32,57457,22589
2022-06-03 23:49:33,57269.3,22776.7
2022-06-03 23:49:34,57084.9,22961
2022-06-03 23:49:35,56514.3,23531.7
2022-06-03 23:49:36,57140.7,22905.2
2022-06-03 23:49:37,56861.6,23184.3
2022-06-03 23:49:38,56625.1,23420.8
2022-06-03 23:49:39,55874.9,24171
2022-06-03 23:49:40,56466.1,23579.9
2022-06-03 23:49:41,57819.7,22226.2
2022-06-03 23:49:42,57366.6,22679.3
2022-06-03 23:49:43,58085.7,21960.2
2022-06-03 23:49:44,57457.9,22588
2022-06-03 23:49:45,57478.4,22567.5
2022-06-03 23:49:46,56952.9,23093
2022-06-03 23:49:47,57091.5,22954.4
2022-06-03 23:49:48,57108.1,22937.8
2022-06-03 23:49:49,56943.9,23101.9
2022-06-03 23:49:50,56505.7,23540.2
2022-06-03 23:49:51,55747.3,24298.8
2022-06-03 23:49:52,56815.4,23230.5
2022-06-03 23:49:53,56387.7,23658.2
2022-06-03 23:49:54,57001.5,23044.5
2022-06-03 23:49:55,58425.8,21620
2022-06-03 23:49:56,58413.7,21632.2
2022-06-03 23:49:57,57784.9,22261
2022-06-03 23:49:58,56850.6,23195.2
2022-06-03 23:49:59,56752.9,23293
2022-06-03 23:50:00,56947.2,23098.8
2022-06-03 23:50:01,57060.2,22985.7
2022-06-03 23:50:02,56673.5,23372.4
2022-06-03 23:50:03,56003.7,24042.1
2022-06-03 23:50:04,56063.8,23982.2
2022-06-03 23:50:05,56454.2,23591.6
2022-06-03 23:50:06,57994.1,22051.7
2022-06-03 23:50:07,57587.4,22458.6
2022-06-03 23:50:08,58108.2,21937.7
2022-06-03 23:50:09,57542.6,22503.2
2022-06-03 23:50:10,57129.1,22916.8
2022-06-03 23:50:11,56767.9,23278
2022-06-03 23:50:12,57136.3,22909.7
2022-06-03 23:50:13,57115.4,22930.4
2022-06-03 23:50:14,56861.3,23184.7
2022-06-03 23:50:15,56721.4,23324.4
2022-06-03 23:50:16,56777,23269
2022-06-03 23:50:17,57083.6,22962.3
2022-06-03 23:50:18,56873,23172.8
2022-06-03 23:50:19,57204.6,22841.4
2022-06-03 23:50:20,58051.5,21994.4
2022-06-03 23:50:21,58032.7,22013.2
2022-06-03 23:50:22,57009.2,23036.7
2022-06-03 23:50:23,57095.4,22950.5
2022-06-03 23:50:24,56563,23482.9
2022-06-03 23:50:25,56172,23874
2022-06-03 23:50:26,56491.7,23554.2
2022-06-03 23:50:27,57059.1,22986.8
2022-06-03 23:50:28,56805.5,23240.5
2022-06-03 23:50:29,57062.7,22983.2
2022-06-03 23:50:30,57749.9,22295.9
2022-06-03 23:50:31,57212.8,22833.2
2022-06-03 23:50:32,56626.6,23419.4
2022-06-03 23:50:33,57023.8,23022
2022-06-03 23:50:34,57261.9,22784
2022-06-03 23:50:35,56787.1,23258.8
2022-06-03 23:50:36,57757.4,22288.5
2022-06-03 23:50:37,57432.6,22613.3
2022-06-03 23:50:38,56632.3,23413.6
2022-06-03 23:50:39,56908.4,23137.4
2022-06-03 23:50:40,56723.3,23322.5
2022-06-03 23:50:41,56908.7,23137.2
2022-06-03 23:50:42,57081,22964.9
2022-06-03 23:50:43,56639.8,23406.2
2022-06-03 23:50:44,57148.5,22897.5
2022-06-03 23:50:45,56559,23487
2022-06-03 23:50:46,56358.2,23687.8
2022-06-03 23:50:47,57194.9,22851
2022-06-03 23:50:48,56952.3,23093.6
2022-06-03 23:50:49,57089.5,22956.4
2022-06-03 23:50:50,58399.6,21646.4
2022-06-03 23:50:51,57897,22148.8
2022-06-03 23:50:52,58122.6,21923.4
2022-06-03 23:50:53,57517.4,22528.5
2022-06-03 23:50:54,56692,23353.8
2022-06-03 23:50:55,55756.8,24289.1
2022-06-03 23:50:56,56466.4,23579.4
2022-06-03 23:50:57,56505.9,23539.9
2022-06-03 23:50:58,56154,23891.9
2022-06-03 23:50:59,56455.4,23590.5
2022-06-03 23:51:00,56124.1,23921.9
2022-06-03 23:51:01,56952.2,23093.6
2022-06-03 23:51:02,57842.6,22203.3
2022-06-03 23:51:03,58610.1,21435.7
2022-06-03 23:51:04,58950.9,21095.1
2022-06-03 23:51:05,58639,21406.8
2022-06-03 23:51:06,57834.1,22211.8
2022-06-03 23:51:07,57244.5,22801.4
2022-06-03 23:51:08,56691.4,23354.5
2022-06-03 23:51:09,56039.7,24006.2
2022-06-03 23:51:10,55780.1,24265.8
2022-06-03 23:51:11,55692.1,24353.8
2022-06-03 23:51:12,56663,23383
2022-06-03 23:51:13,56334.4,23711.5
2022-06-03 23:51:14,57306,22739.9
2022-06-03 23:51:15,57063.2,22982.8
2022-06-03 23:51:16,57569.1,22476.8
2022-06-03 23:51:17,58037,22008.9
2022-06-03 23:51:18,58458.7,21587.2
2022-06-03 23:51:19,58431.9,21614
2022-06-03 23:51:20,57661.6,22384.3
2022-06-03 23:51:21,56955.1,23090.8
2022-06-03 23:51:22,56153.6,23892.3
2022-06-03 23:51:23,55714.1,24331.8
2022-06-03 23:51:24,55910.7,24135.2
2022-06-03 23:51:25,56620.8,23425.1
2022-06-03 23:51:26,56729.5,23316.4
2022-06-03 23:51:27,56757.9,23288
2022-06-03 23:51:28,57006.6,23039.4
2022-06-03 23:51:29,56888.5,23157.4
2022-06-03 23:51:30,57513.6,22532.4
2022-06-03 23:51:31,56939.1,23106.8
2022-06-03 23:51:32,57871,22175
2022-06-03 23:51:33,57858.4,22187.6
2022-06-03 23:51:34,57829.2,22216.8
2022-06-03 23:51:35,57499.5,22546.4
2022-06-03 23:51:36,57043.8,23002.2
2022-06-03 23:51:37,56444,23601.9
2022-06-03 23:51:38,56756,23289.9
2022-06-03 23:51:39,56358,23687.8
2022-06-03 23:51:40,56039.1,24007
2022-06-03 23:51:41,56400.8,23645.1
2022-06-03 23:51:42,57049.5,22996.4
2022-06-03 23:51:43,56855.6,23190.4
2022-06-03 23:51:44,56284.5,23761.5
2022-06-03 23:51:45,57201.9,22844
2022-06-03 23:51:46,57093.2,22952.7
2022-06-03 23:51:47,57790.1,22256
2022-06-03 23:51:48,58330.8,21715.1
2022-06-03 23:51:49,58174.3,21871.6
2022-06-03 23:51:50,57931.6,22114.3
2022-06-03 23:51:51,56996.3,23049.6
2022-06-03 23:51:52,56464.7,23581.3
2022-06-03 23:51:53,56047.9,23998.1
2022-06-03 23:51:54,55506.5,24539.5
2022-06-03 23:51:55,55660.6,24385.3
2022-06-03 23:51:56,55707.7,24338.3
2022-06-03 23:51:57,56901.3,23144.6
2022-06-03 23:51:58,57364.8,22681.1
2022-06-03 23:51:59,57219.7,22826.2
2022-06-03 23:52:00,57347.4,22698.5
2022-06-03 23:52:01,58917.5,21128.5
2022-06-03 23:52:02,58478.3,21567.7
2022-06-03 23:52:03,58703.6,21342.4
2022-06-03 23:52:04,58128.6,21917.4
2022-06-03 23:52:05,57432.2,22613.8
2022-06-03 23:52:06,56448.8,23597.2
2022-06-03 23:52:07,56221.2,23824.7
2022-06-03 23:52:08,56186.4,23859.5
2022-06-03 23:52:09,55763.4,24282.4
2022-06-03 23:52:10,56088.6,23957.2
2022-06-03 23:52:11,56378.9,23667
2022-06-03 23:52:12,57020.2,23025.7
2022-06-03 23:52:13,56878.7,23167.2
2022-06-03 23:52:14,57366,22679.9
2022-06-03 23:52:15,58093.3,21952.7
2022-06-03 23:52:16,59007,21039
2022-06-03 23:52:17,58408,21637.9
2022-06-03 23:52:18,58261.5,21784.4
2022-06-03 23:52:19,57755.9,22290
2022-06-03 23:52:20,56941.8,23104.2
2022-06-03 23:52:21,56280.7,23765.3
2022-06-03 23:52:22,56474.5,23571.3
2022-06-03 23:52:23,55848.4,24197.6
2022-06-03 23:52:24,56129.1,23916.8
2022-06-03 23:52:25,56036.8,24009.1
2022-06-03 23:52:26,55802.4,24243.6
2022-06-03 23:52:27,56270.5,23775.4
2022-06-03 23:52:28,57993.4,22052.5
2022-06-03 23:52:29,58648.8,21397.1
2022-06-03 23:52:30,58709.7,21336.2
2022-06-03 23:52:31,58494.8,21551.1
2022-06-03 23:52:32,58058.5,21987.5
2022-06-03 23:52:33,57979,22066.8
2022-06-03 23:52:34,57363,22682.9
2022-06-03 23:52:35,56523.4,23522.6
2022-06-03 23:52:36,56492.4,23553.5
2022-06-03 23:52:37,55347.3,24698.7
2022-06-03 23:52:38,55126.2,24919.8
2022-06-03 23:52:39,55566.8,24479.1
2022-06-03 23:52:40,56235.5,23810.5
2022-06-03 23:52:41,57317.5,22728.3
2022-06-03 23:52:42,58582.3,21463.5
2022-06-03 23:52:43,58134.4,21911.6
2022-06-03 23:52:44,58645.3,21400.7
2022-06-03 23:52:45,58521,21524.8
2022-06-03 23:52:46,58501.9,21544.1
2022-06-03 23:52:47,58077.6,21968.2
2022-06-03 23:52:48,57319.4,22726.6
2022-06-03 23:52:49,56866.8,23179.1
2022-06-03 23:52:50,55691.6,24354.3
2022-06-03 23:52:51,55097.2,24948.7
2022-06-03 23:52:52,54367.7,25678.2
2022-06-03 23:52:53,55402.3,24643.6
2022-06-03 23:52:54,56777.6,23268.5
2022-06-03 23:52:55,57940.7,22105.1
2022-06-03 23:52:56,57686.4,22359.5
2022-06-03 23:52:57,58385.5,21660.4
2022-06-03 23:52:58,58493.1,21552.8
2022-06-03 23:52:59,58337.2,21708.8
2022-06-03 23:53:00,57958.1,22087.7
2022-06-03 23:53:01,57435.5,22610.3
2022-06-03 23:53:02,56566.9,23479.1
2022-06-03 23:53:03,56424,23621.9
2022-06-03 23:53:04,56999.8,23046
2022-06-03 23:53:05,56192.9,23853.1
2022-06-03 23:53:06,55960.9,24085.1
2022-06-03 23:53:07,56473.5,23572.5
2022-06-03 23:53:08,57263.9,22782
2022-06-03 23:53:09,58197.2,21848.7
2022-06-03 23:53:10,57565.8,22480.2
2022-06-03 23:53:11,57600.4,22445.6
2022-06-03 23:53:12,57483.1,22562.9
2022-06-03 23:53:13,57662.8,22383.1
2022-06-03 23:53:14,57346.2,22699.8
2022-06-03 23:53:15,57569.3,22476.6
2022-06-03 23:53:16,57749.9,22296.1
2022-06-03 23:53:17,57901,22144.9
2022-06-03 23:53:18,57361.4,22684.5
2022-06-03 23:53:19,56553.7,23492.2
2022-06-03 23:53:20,56319.7,23726.4
2022-06-03 23:53:21,55943,24102.9
2022-06-03 23:53:22,56689.9,23356
2022-06-03 23:53:23,57228.4,22817.6
2022-06-03 23:53:24,56609.2,23436.7
2022-06-03 23:53:25,56742.6,23303.2
2022-06-03 23:53:26,56574.8,23471.2
2022-06-03 23:53:27,57216.9,22829.1
2022-06-03 23:53:28,58228.7,21817.2
2022-06-03 23:53:29,58699,21346.8
2022-06-03 23:53:30,59207.2,20838.8
2022-06-03 23:53:31,58478.1,21567.8
2022-06-03 23:53:32,57183.9,22862
2022-06-03 23:53:33,56728.3,23317.6
2022-06-03 23:53:34,55839.6,24206.4
2022-06-03 23:53:35,54897.6,25148.2
2022-06-03 23:53:36,54959,25087
2022-06-03 23:53:37,56567.9,23478
2022-06-03 23:53:38,56828.5,23217.4
2022-06-03 23:53:39,56337.5,23708.5
2022-06-03 23:53:40,57415.4,22630.5
2022-06-03 23:53:41,57847,22198.9
2022-06-03 23:53:42,58458.6,21587.3
2022-06-03 23:53:43,57969.7,22076.3
2022-06-03 23:53:44,57910.3,22135.5
2022-06-03 23:53:45,57446,22600
2022-06-03 23:53:46,57384.9,22661.1
2022-06-03 23:53:47,56327.3,23718.7
2022-06-03 23:53:48,55656.8,24389.2
2022-06-03 23:53:49,55150.2,24895.7
2022-06-03 23:53:50,55692.1,24353.9
2022-06-03 23:53:51,56871.7,23174.3
2022-06-03 23:53:52,58088.3,21957.5
2022-06-03 23:53:53,57597.6,22448.3
2022-06-03 23:53:54,57390.3,22655.7
2022-06-03 23:53:55,57130.7,22915.3
2022-06-03 23:53:56,57690.3,22355.8
2022-06-03 23:53:57,57518.8,22527.2
2022-06-03 23:53:58,57199.9,22846
2022-06-03 23:53:59,56766.3,23279.6
2022-06-03 23:54:00,55994.8,24051.2
2022-06-03 23:54:01,56339.7,23706.3
2022-06-03 23:54:02,56407.3,23638.7
2022-06-03 23:54:03,56656.8,23389.1
2022-06-03 23:54:04,57373.7,22672.2
2022-06-03 23:54:05,57545.7,22500.3
2022-06-03 23:54:06,57288,22757.9
2022-06-03 23:54:07,57604.6,22441.3
2022-06-03 23:54:08,56546.1,23499.8
2022-06-03 23:54:09,57564.8,22481.2
2022-06-03 23:54:10,57019.9,23026.1
2022-06-03 23:54:11,57957.2,22088.7
2022-06-03 23:54:12,57207.2,22838.7
2022-06-03 23:54:13,57375.6,22670.4
2022-06-03 23:54:14,57398.3,22647.6
2022-06-03 23:54:15,57733.8,22312.1
2022-06-03 23:54:16,57443.8,22602.1
2022-06-03 23:54:17,56520.8,23525.2
2022-06-03 23:54:18,56124.2,23921.8
2022-06-03 23:54:19,56848.7,23197.2
2022-06-03 23:54:20,56969.7,23076.2
2022-06-03 23:54:21,56938.7,23107.2
2022-06-03 23:54:22,57156.8,22889.1
2022-06-03 23:54:23,56536.9,23509
2022-06-03 23:54:24,56912.7,23133.2
2022-06-03 23:54:25,58002.1,22043.8
2022-06-03 23:54:26,58051,21995
2022-06-03 23:54:27,58133.2,21912.7
2022-06-03 23:54:28,57016.5,23029.4
2022-06-03 23:54:29,56813.3,23232.6
2022-06-03 23:54:30,56074.9,23971.1
2022-06-03 23:54:31,56609.1,23436.8
2022-06-03 23:54:32,56357,23688.9
2022-06-03 23:54:33,56820.7,23225.2
2022-06-03 23:54:34,57680.2,22365.7
2022-06-03 23:54:35,57205.5,22840.5
2022-06-03 23:54:36,57326.8,22719.2
2022-06-03 23:54:37,57885.9,22160
2022-06-03 23:54:38,57413.3,22632.7
2022-06-03 23:54:39,56866.8,23179
2022-06-03 23:54:40,57104.2,22941.7
2022-06-03 23:54:41,57210.8,22835.1
2022-06-03 23:54:42,57064.4,22981.5
2022-06-03 23:54:43,56644.3,23401.6
2022-06-03 23:54:44,56577.5,23468.4
2022-06-03 23:54:45,56868.8,23177.2
2022-06-03 23:54:46,56827.4,23218.5
2022-06-03 23:54:47,56693.2,23352.8
2022-06-03 23:54:48,58430.6,21615.3
2022-06-03 23:54:49,58453.8,21592.1
2022-06-03 23:54:50,57694.5,22351.4
2022-06-03 23:54:51,56896.4,23149.6
2022-06-03 23:54:52,56372.4,23673.5
2022-06-03 23:54:53,55486.8,24559.1
2022-06-03 23:54:54,55895.9,24150.1
2022-06-03 23:54:55,56707.4,23338.5
2022-06-03 23:54:56,57883.3,22162.8
2022-06-03 23:54:57,57162.8,22883.2
2022-06-03 23:54:58,57502.8,22543.2
2022-06-03 23:54:59,57709.5,22336.4
2022-06-03 23:55:00,57335.8,22710.2
2022-06-03 23:55:01,57523.3,22522.6
2022-06-03 23:55:02,57873.8,22172.2
2022-06-03 23:55:03,58278.1,21767.7
2022-06-03 23:55:04,57073.5,22972.5
2022-06-03 23:55:05,56478.8,23567.2
2022-06-03 23:55:06,55617.9,24428.2
2022-06-03 23:55:07,55486.3,24559.7
2022-06-03 23:55:08,54896.5,25149.5
2022-06-03 23:55:09,56687.7,23358.1
2022-06-03 23:55:10,58557.3,21488.6
2022-06-03 23:55:11,58110.8,21935.1
2022-06-03 23:55:12,57745.1,22300.9
2022-06-03 23:55:13,57422.7,22623.3
2022-06-03 23:55:14,56983.8,23062
2022-06-03 23:55:15,56957.9,23087.9
2022-06-03 23:55:16,57227.3,22818.6
2022-06-03 23:55:17,57039.2,23006.6
2022-06-03 23:55:18,56619.9,23426
2022-06-03 23:55:19,56310,23736
2022-06-03 23:55:20,57013.9,23032
2022-06-03 23:55:21,56749.1,23296.7
2022-06-03 23:55:22,57400.7,22645.1
2022-06-03 23:55:23,56395.8,23650.1
2022-06-03 23:55:24,56923.8,23122.1
2022-06-03 23:55:25,57169.1,22876.9
2022-06-03 23:55:26,57675.9,22370.1
2022-06-03 23:55:27,57045.2,23000.8
2022-06-03 23:55:28,57154.1,22891.9
2022-06-03 23:55:29,56705.2,23340.7
2022-06-03 23:55:30,56750.3,23295.7
2022-06-03 23:55:31,56147.5,23898.5
2022-06-03 23:55:32,56803,23242.9
2022-06-03 23:55:33,58034.4,22011.5
2022-06-03 23:55:34,58377,21668.8
2022-06-03 23:55:35,57358,22687.9
2022-06-03 23:55:36,57615.7,22430.3
2022-06-03 23:55:37,57192.9,22853
2022-06-03 23:55:38,56355.6,23690.4
2022-06-03 23:55:39,56939.6,23106.4
2022-06-03 23:55:40,56970.7,23075.1
2022-06-03 23:55:41,56833.2,23212.8
2022-06-03 23:55:42,56203.3,23842.5
2022-06-03 23:55:43,56281.1,23764.9
2022-06-03 23:55:44,56115.6,23930.4
2022-06-03 23:55:45,56422,23624
2022-06-03 23:55:46,58761.1,21284.7
2022-06-03 23:55:47,58244.1,21801.8
2022-06-03 23:55:48,58422.9,21622.9
2022-06-03 23:55:49,57653.1,22392.8
2022-06-03 23:55:50,57457.7,22588.1
2022-06-03 23:55:51,56895.3,23150.7
2022-06-03 23:55:52,56466,23579.9
2022-06-03 23:55:53,55651.2,24394.7
2022-06-03 23:55:54,55509.1,24536.9
2022-06-03 23:55:55,55706.7,24339.2
2022-06-03 23:55:56,55954.3,24091.7
2022-06-03 23:55:57,56366.3,23679.5
2022-06-03 23:55:58,57352.8,22693.1
2022-06-03 23:55:59,58727.2,21318.7
2022-06-03 23:56:00,58812.8,21233.1
2022-06-03 23:56:01,59012.9,21033.1
2022-06-03 23:56:02,58296.5,21749.4
2022-06-03 23:56:03,57798.8,22247.2
2022-06-03 23:56:04,56893.9,23152
2022-06-03 23:56:05,55984,24061.8
2022-06-03 23:56:06,55987.8,24058.1
2022-06-03 23:56:07,55358.6,24687.3
2022-06-03 23:56:08,54950.4,25095.5
2022-06-03 23:56:09,54973.7,25072.3
2022-06-03 23:56:10,56455.5,23590.5
2022-06-03 23:56:11,57217.3,22828.5
2022-06-03 23:56:12,58520.1,21525.9
2022-06-03 23:56:13,59534.9,20511
2022-06-03 23:56:14,58600.6,21445.3
2022-06-03 23:56:15,58659,21387
2022-06-03 23:56:16,57785.2,22260.8
2022-06-03 23:56:17,57018,23028
2022-06-03 23:56:18,56336,23709.9
2022-06-03 23:56:19,56005.8,24040
2022-06-03 23:56:20,55059,24986.8
2022-06-03 23:56:21,54937,25109
2022-06-03 23:56:22,55318,24727.9
2022-06-03 23:56:23,56625.6,23420.3
2022-06-03 23:56:24,58481.8,21564.2
2022-06-03 23:56:25,57535.7,22510.2
2022-06-03 23:56:26,57537.2,22508.9
2022-06-03 23:56:27,58044.8,22001.1
2022-06-03 23:56:28,58461.8,21584.1
2022-06-03 23:56:29,58384,21661.8
2022-06-03 23:56:30,57759.8,22286.1
2022-06-03 23:56:31,57031.2,23014.8
2022-06-03 23:56:32,56034.5,24011.5
2022-06-03 23:56:33,55394.2,24651.7
2022-06-03 23:56:34,55329.7,24716.2
2022-06-03 23:56:35,55967.4,24078.5
2022-06-03 23:56:36,57256.7,22789.2
2022-06-03 23:56:37,57629.5,22416.4
2022-06-03 23:56:38,57535.8,22510.2
2022-06-03 23:56:39,57418.6,22627.3
2022-06-03 23:56:40,56722.3,23323.7
2022-06-03 23:56:41,56889.2,23156.7
2022-06-03 23:56:42,57582.3,22463.6
2022-06-03 23:56:43,58773.2,21272.8
2022-06-03 23:56:44,57665.1,22380.9
2022-06-03 23:56:45,57031,23014.9
2022-06-03 23:56:46,57225.1,22820.7
2022-06-03 23:56:47,56272.8,23773
2022-06-03 23:56:48,56104.6,23941.3
2022-06-03 23:56:49,56194.9,23851.1
2022-06-03 23:56:50,56239.6,23806.5
2022-06-03 23:56:51,56535.5,23510.4
2022-06-03 23:56:52,57470.5,22575.4
2022-06-03 23:56:53,57294.6,22751.4
2022-06-03 23:56:54,57206,22839.8
2022-06-03 23:56:55,57060.7,22985.2
2022-06-03 23:56:56,57511.4,22534.4
2022-06-03 23:56:57,58161.9,21884.1
2022-06-03 23:56:58,57986.9,22059.1
2022-06-03 23:56:59,57478.1,22567.9
2022-06-03 23:57:00,57112.8,22933.2
2022-06-03 23:57:01,57374.1,22671.9
2022-06-03 23:57:02,57034.3,23011.6
2022-06-03 23:57:03,56230.5,23815.4
2022-06-03 23:57:04,55628,24417.9
2022-06-03 23:57:05,56402,23643.8
2022-06-03 23:57:06,56728.5,23317.3
2022-06-03 23:57:07,57578.6,22467.3
2022-06-03 23:57:08,57705.2,22340.7
2022-06-03 23:57:09,56863,23183
2022-06-03 23:57:10,56983.6,23062.4
2022-06-03 23:57:11,57196.6,22849.3
2022-06-03 23:57:12,57715,22330.9
2022-06-03 23:57:13,58038.6,22007.3
2022-06-03 23:57:14,58404.6,21641.4
2022-06-03 23:57:15,57870.8,22175.1
2022-06-03 23:57:16,57358.2,22687.7
2022-06-03 23:57:17,56174,23871.9
2022-06-03 23:57:18,55289.9,24756
2022-06-03 23:57:19,55001.9,25044
2022-06-03 23:57:20,55415.9,24630
2022-06-03 23:57:21,56535.2,23510.7
2022-06-03 23:57:22,57127.6,22918.5
2022-06-03 23:57:23,56850.3,23195.6
2022-06-03 23:57:24,57010.4,23035.5
2022-06-03 23:57:25,57835.1,22210.9
2022-06-03 23:57:26,58150.8,21895.2
2022-06-03 23:57:27,59331.5,20714.5
2022-06-03 23:57:28,59075,20971.1
2022-06-03 23:57:29,58146.7,21899.2
2022-06-03 23:57:30,57039.2,23006.6
2022-06-03 23:57:31,56370.1,23675.8
2022-06-03 23:57:32,55315.1,24730.8
2022-06-03 23:57:33,54311.6,25734.4
2022-06-03 23:57:34,54554.8,25491.2
2022-06-03 23:57:35,54560.9,25484.9
2022-06-03 23:57:36,57273,22772.9
2022-06-03 23:57:37,57788.2,22257.7
2022-06-03 23:57:38,59291.6,20754.4
2022-06-03 23:57:39,58997.9,21048.1
2022-06-03 23:57:40,58516,21529.9
2022-06-03 23:57:41,58513.4,21532.5
2022-06-03 23:57:42,59100.7,20945.2
2022-06-03 23:57:43,58353.1,21692.8
2022-06-03 23:57:44,57371.6,22674.3
2022-06-03 23:57:45,56177,23869
2022-06-03 23:57:46,54758,25287.9
2022-06-03 23:57:47,54252.6,25793.3
2022-06-03 23:57:48,53728.2,26317.8
2022-06-03 23:57:49,55076,24969.8
2022-06-03 23:57:50,57359.5,22686.4
2022-06-03 23:57:51,59273.8,20772.1
2022-06-03 23:57:52,58997.1,21048.9
2022-06-03 23:57:53,58474.6,21571.3
2022-06-03 23:57:54,57978.9,22067.1
2022-06-03 23:57:55,58222.8,21823.1
2022-06-03 23:57:56,57651.9,22394.1
2022-06-03 23:57:57,57811.2,22234.8
2022-06-03 23:57:58,57008.4,23037.5
2022-06-03 23:57:59,56293.1,23752.8
2022-06-03 23:58:00,54997.3,25048.6
2022-06-03 23:58:01,55203.5,24842.5
2022-06-03 23:58:02,54980.1,25065.7
2022-06-03 23:58:03,56831.1,23214.9
2022-06-03 23:58:04,57123.9,22922
2022-06-03 23:58:05,58141.7,21904.3
2022-06-03 23:58:06,58804.5,21241.5
2022-06-03 23:58:07,58322.6,21723.4
2022-06-03 23:58:08,58248.4,21797.6
2022-06-03 23:58:09,57354.1,22691.8
2022-06-03 23:58:10,57854.1,22191.8
2022-06-03 23:58:11,56651,23394.9
2022-06-03 23:58:12,57034.6,23011.4
2022-06-03 23:58:13,56883.7,23162.2
2022-06-03 23:58:14,56514.2,23531.8
2022-06-03 23:58:15,55738.1,24307.9
2022-06-03 23:58:16,56452,23594
2022-06-03 23:58:17,56647.1,23398.9
2022-06-03 23:58:18,57159.1,22886.8
2022-06-03 23:58:19,57364.2,22681.6
2022-06-03 23:58:20,57497.8,22548.1
2022-06-03 23:58:21,58141.6,21904.4
2022-06-03 23:58:22,57842.2,22203.7
2022-06-03 23:58:23,57626.4,22419.6
2022-06-03 23:58:24,56867,23179
2022-06-03 23:58:25,57592.6,22453.4
2022-06-03 23:58:26,57182.8,22863.2
2022-06-03 23:58:27,56645,23400.9
2022-06-03 23:58:28,58032.2,22013.7
2022-06-03 23:58:29,57292.2,22753.7
2022-06-03 23:58:30,56284.5,23761.4
2022-06-03 23:58:31,55931.7,24114.3
2022-06-03 23:58:32,56349.6,23696.4
2022-06-03 23:58:33,57063.1,22982.8
2022-06-03 23:58:34,56629.4,23416.4
2022-06-03 23:58:35,57891.6,22154.4
2022-06-03 23:58:36,58797.8,21248.2
2022-06-03 23:58:37,58093.1,21952.9
2022-06-03 23:58:38,57296.6,22749.2
2022-06-03 23:58:39,57407.1,22638.8
2022-06-03 23:58:40,56913.1,23132.8
2022-06-03 23:58:41,57405.5,22640.6
2022-06-03 23:58:42,57602.2,22443.7
2022-06-03 23:58:43,57115.5,22930.4
2022-06-03 23:58:44,56242.9,23803
2022-06-03 23:58:45,56236.6,23809.4
2022-06-03 23:58:46,56119.4,23926.7
2022-06-03 23:58:47,56956.3,23089.5
2022-06-03 23:58:48,57695.6,22350.3
2022-06-03 23:58:49,57112.2,22933.7
2022-06-03 23:58:50,57815,22230.8
2022-06-03 23:58:51,57741.8,22304.1
2022-06-03 23:58:52,57353.4,22692.5
2022-06-03 23:58:53,56832.3,23213.7
2022-06-03 23:58:54,57396.3,22649.7
2022-06-03 23:58:55,57085.4,22960.5
2022-06-03 23:58:56,56629,23416.9
2022-06-03 23:58:57,56563.6,23482.3
2022-06-03 23:58:58,56903.7,23142.3
2022-06-03 23:58:59,56450.1,23595.7
2022-06-03 23:59:00,55911.7,24134.3
2022-06-03 23:59:01,57812.8,22233.2
2022-06-03 23:59:02,57477.7,22568.3
2022-06-03 23:59:03,56772.5,23273.4
2022-06-03 23:59:04,56824.7,23221.1
2022-06-03 23:59:05,57558.6,22487.3
2022-06-03 23:59:06,58719.3,21326.7
2022-06-03 23:59:07,58354.4,21691.7
2022-06-03 23:59:08,57408.9,22637
2022-06-03 23:59:09,57016.2,23029.8
2022-06-03 23:59:10,56417.6,23628.4
2022-06-03 23:59:11,55920.6,24125.4
2022-06-03 23:59:12,55822.4,24223.5
2022-06-03 23:59:13,57180.8,22865
2022-06-03 23:59:14,56983.6,23062.4
2022-06-03 23:59:15,57279,22766.8
2022-06-03 23:59:16,57229.6,22816.3
2022-06-03 23:59:17,57752.9,22293.1
2022-06-03 23:59:18,57808.8,22237.1
2022-06-03 23:59:19,58053,21992.8
2022-06-03 23:59:20,58465.9,21580
2022-06-03 23:59:21,58578.9,21467
2022-06-03 23:59:22,57559.8,22486.1
2022-06-03 23:59:23,56754.8,23291.1
2022-06-03 23:59:24,56371.4,23674.6
2022-06-03 23:59:25,55527.8,24518.2
2022-06-03 23:59:26,55871.4,24174.5
2022-06-03 23:59:27,55315.4,24730.6
2022-06-03 23:59:28,56183.6,23862.2
2022-06-03 23:59:29,57257.9,22788
2022-06-03 23:59:30,58253.3,21792.6
2022-06-03 23:59:31,58332.3,21713.7
2022-06-03 23:59:32,57751.3,22294.6
2022-06-03 23:59:33,57658.1,22387.9
2022-06-03 23:59:34,57951.6,22094.3
2022-06-03 23:59:35,58225.9,21820
2022-06-03 23:59:36,57355.3,22690.6
2022-06-03 23:59:37,56438,23607.8
2022-06-03 23:59:38,56013.8,24032.1
2022-06-03 23:59:39,55707.7,24338.1
2022-06-03 23:59:40,56409.5,23636.5
2022-06-03 23:59:41,55836.2,24209.7
2022-06-03 23:59:42,56445.3,23600.6
2022-06-03 23:59:43,57218.8,22827.2
2022-06-03 23:59:44,58585.3,21460.6
2022-06-03 23:59:45,58624.5,21421.5
2022-06-03 23:59:46,57981.7,22064.3
2022-06-03 23:59:47,56876.1,23169.7
2022-06-03 23:59:48,56624.5,23421.3
2022-06-03 23:59:49,56661.9,23384.1
2022-06-03 23:59:50,57196.1,22849.9
2022-06-03 23:59:51,57546.4,22499.6
2022-06-03 23:59:52,57945.3,22100.5
2022-06-03 23:59:53,57183.6,22862.3
2022-06-03 23:59:54,57271.1,22774.9
2022-06-03 23:59:55,56703.1,23342.9
2022-06-03 23:59:56,57132.8,22913.2
2022-06-03 23:59:57,57192.7,22853.3
2022-06-03 23:59:58,57523.4,22522.5
2022-06-03 23:59:59,57375.2,22670.7
2022-06-04 00:00:00,56570.6,23475.3
2022-06-04 00:00:01,55496.6,24549.3
2022-06-04 00:00:02,54996.2,25049.7
2022-06-04 00:00:03,56171.9,23874
2022-06-04 00:00:04,57586.1,22459.9
2022-06-04 00:00:05,58934,21112
2022-06-04 00:00:06,59267.3,20778.7
2022-06-04 00:00:07,58663.9,21382
2022-06-04 00:00:08,57611,22434.9
2022-06-04 00:00:09,56695.1,23350.9
2022-06-04 00:00:10,56055.7,23990.2
2022-06-04 00:00:11,55873.7,24172.3
2022-06-04 00:00:12,56368.3,23677.6
2022-06-04 00:00:13,55955.8,24090.2
2022-06-04 00:00:14,55579.3,24466.7
2022-06-04 00:00:15,56596.7,23449.2
2022-06-04 00:00:16,57101.7,22944.3
2022-06-04 00:00:17,58476.7,21569.2
2022-06-04 00:00:18,58441.2,21604.6
2022-06-04 00:00:19,59189.1,20856.8
2022-06-04 00:00:20,58969.7,21076.2
2022-06-04 00:00:21,58135.3,21910.6
2022-06-04 00:00:22,56868.5,23177.4
2022-06-04 00:00:23,55690.8,24355.2
2022-06-04 00:00:24,54711.2,25334.7
2022-06-04 00:00:25,54565.4,25480.6
2022-06-04 00:00:26,56231.7,23814.4
2022-06-04 00:00:27,56689.2,23356.7
2022-06-04 00:00:28,56663,23382.9
2022-06-04 00:00:29,57234.2,22811.7
2022-06-04 00:00:30,58214.2,21831.8
2022-06-04 00:00:31,58461,21584.8
2022-06-04 00:00:32,58564.1,21481.8
2022-06-04 00:00:33,59017.4,21028.6
2022-06-04 00:00:34,58507.9,21538.1
2022-06-04 00:00:35,57631.8,22414.2
2022-06-04 00:00:36,56553,23493
2022-06-04 00:00:37,56049.1,23996.8
2022-06-04 00:00:38,56150.6,23895.5
2022-06-04 00:00:39,56261.6,23784.3
2022-06-04 00:00:40,55831,24214.9
2022-06-04 00:00:41,57124.9,22921
2022-06-04 00:00:42,56832.5,23213.3
2022-06-04 00:00:43,57469,22577.1
2022-06-04 00:00:44,57523.3,22522.5
2022-06-04 00:00:45,57523.6,22522.4
2022-06-04 00:00:46,56935.1,23110.8
2022-06-04 00:00:47,58382.4,21663.5
2022-06-04 00:00:48,58636.2,21409.8
2022-06-04 00:00:49,58402.5,21643.4
2022-06-04 00:00:50,57821.5,22224.5
2022-06-04 00:00:51,56782.4,23263.5
2022-06-04 00:00:52,55737.9,24308.1
2022-06-04 00:00:53,55495.6,24550.2
2022-06-04 00:00:54,56243.9,23802
2022-06-04 00:00:55,56874.9,23171.1
2022-06-04 00:00:56,57238.2,22807.6
2022-06-04 00:00:57,56364.5,23681.4
2022-06-04 00:00:58,56434.5,23611.4
2022-06-04 00:00:59,56825.2,23220.7
2022-06-04 00:01:00,57196.2,22849.8
2022-06-04 00:01:01,57914.9,22131.1
2022-06-04 00:01:02,58189.4,21856.5
2022-06-04 00:01:03,57876.9,22169.1
2022-06-04 00:01:04,57230.1,22816
2022-06-04 00:01:05,56078.2,23967.7
2022-06-04 00:01:06,56548.7,23497.2
2022-06-04 00:01:07,56618.5,23427.4
2022-06-04 00:01:08,57200.7,22845.2
2022-06-04 00:01:09,56984.3,23061.6
2022-06-04 00:01:10,57598.2,22447.8
2022-06-04 00:01:11,57078.1,22967.8
2022-06-04 00:01:12,57297.8,22748.2
2022-06-04 00:01:13,57069,22977
2022-06-04 00:01:14,56944.7,23101.3
2022-06-04 00:01:15,56905,23140.9
2022-06-04 00:01:16,57031.5,23014.4
2022-06-04 00:01:17,56512.5,23533.6
2022-06-04 00:01:18,57157.1,22888.9
2022-06-04 00:01:19,56603.1,23442.9
2022-06-04 00:01:20,57136.7,22909.2
2022-06-04 00:01:21,57708.4,22337.5
2022-06-04 00:01:22,57551.8,22494.1
2022-06-04 00:01:23,58213.4,21832.5
2022-06-04 00:01:24,58614.1,21431.8
2022-06-04 00:01:25,57961.7,22084.2
2022-06-04 00:01:26,56751.5,23294.5
2022-06-04 00:01:27,56101.1,23944.8
2022-06-04 00:01:28,55304.6,24741.2
2022-06-04 00:01:29,55429.1,24616.7
2022-06-04 00:01:30,55514.7,24531.3
2022-06-04 00:01:31,56549.2,23496.7
2022-06-04 00:01:32,57058.4,22987.4
2022-06-04 00:01:33,58205.4,21840.5
2022-06-04 00:01:34,57765.8,22280.2
2022-06-04 00:01:35,58580,21465.8
2022-06-04 00:01:36,57844.3,22201.7
2022-06-04 00:01:37,58488.2,21557.6
2022-06-04 00:01:38,57890.4,22155.5
2022-06-04 00:01:39,57462.9,22583
2022-06-04 00:01:40,56345.3,23700.7
2022-06-04 00:01:41,55065.9,24980
2022-06-04 00:01:42,54042.3,26003.6
2022-06-04 00:01:43,55417.2,24628.7
2022-06-04 00:01:44,56300.7,23745.3
2022-06-04 00:01:45,57365.3,22680.5
2022-06-04 00:01:46,59077.7,20968.3
2022-06-04 00:01:47,59010.3,21035.6
2022-06-04 00:01:48,58502.6,21543.4
2022-06-04 00:01:49,58299.9,21746
2022-06-04 00:01:50,57875.7,22170.2
2022-06-04 00:01:51,57460.3,22585.7
2022-06-04 00:01:52,57329.1,22716.8
2022-06-04 00:01:53,56933.4,23112.5
2022-06-04 00:01:54,56019.2,24026.7
2022-06-04 00:01:55,56157.2,23888.7
2022-06-04 00:01:56,56199.1,23846.8
2022-06-04 00:01:57,56985.7,23060.3
2022-06-04 00:01:58,57396.1,22649.7
2022-06-04 00:01:59,57364.7,22681.2
2022-06-04 00:02:00,57215.4,22830.5
2022-06-04 00:02:01,57758.3,22287.7
2022-06-04 00:02:02,57608.6,22437.2
2022-06-04 00:02:03,57022.2,23023.8
2022-06-04 00:02:04,56747.1,23298.8
2022-06-04 00:02:05,56795.6,23250.2
2022-06-04 00:02:06,57547.4,22498.6
2022-06-04 00:02:07,58026.2,22019.7
2022-06-04 00:02:08,57522.5,22523.5
2022-06-04 00:02:09,58597.4,21448.6
2022-06-04 00:02:10,57841.7,22204.2
2022-06-04 00:02:11,56718.6,23327.3
2022-06-04 00:02:12,55977.4,24068.5
2022-06-04 00:02:13,55590.2,24455.7
2022-06-04 00:02:14,55851.5,24194.5
2022-06-04 00:02:15,56791,23254.8
2022-06-04 00:02:16,57255.3,22790.7
2022-06-04 00:02:17,57056.5,22989.3
2022-06-04 00:02:18,56839.8,23206.1
2022-06-04 00:02:19,57077.3,22968.7
2022-06-04 00:02:20,58537.4,21508.6
2022-06-04 00:02:21,58856.7,21189.4
2022-06-04 00:02:22,59434.1,20611.8
2022-06-04 00:02:23,58541.4,21504.7
2022-06-04 00:02:24,57579.9,22466
2022-06-04 00:02:25,56410.6,23635.2
2022-06-04 00:02:26,55222.7,24823.2
2022-06-04 00:02:27,54231.2,25814.6
2022-06-04 00:02:28,55010.8,25035.1
2022-06-04 00:02:29,55063.6,24982.3
2022-06-04 00:02:30,56624.3,23421.6
2022-06-04 00:02:31,57757.3,22288.7
2022-06-04 00:02:32,57761.9,22284
2022-06-04 00:02:33,57765.4,22280.4
2022-06-04 00:02:34,59183.7,20862.2
2022-06-04 00:02:35,59229.9,20816
2022-06-04 00:02:36,58687.9,21358
2022-06-04 00:02:37,57683.8,22362
2022-06-04 00:02:38,56499.6,23546.3
2022-06-04 00:02:39,55723,24322.8
2022-06-04 00:02:40,55485.4,24560.5
2022-06-04 00:02:41,55309.4,24736.6
2022-06-04 00:02:42,54550.2,25495.8
2022-06-04 00:02:43,55856.2,24189.7
2022-06-04 00:02:44,55665.6,24380.3
2022-06-04 00:02:45,57009.1,23036.7
2022-06-04 00:02:46,58143.6,21902.3
2022-06-04 00:02:47,59499.8,20546
2022-06-04 00:02:48,59527.6,20518.4
2022-06-04 00:02:49,58606.7,21439.4
2022-06-04 00:02:50,58132.6,21913.4
2022-06-04 00:02:51,57547,22498.9
2022-06-04 00:02:52,57497.8,22548.2
2022-06-04 00:02:53,57296.7,22749.2
2022-06-04 00:02:54,56671.1,23374.8
2022-06-04 00:02:55,56132.8,23913.2
2022-06-04 00:02:56,55579.3,24466.6
2022-06-04 00:02:57,54810.9,25235.1
2022-06-04 00:02:58,54900.6,25145.4
2022-06-04 00:02:59,55136.3,24909.6
2022-06-04 00:03:00,57061.9,22984
2022-06-04 00:03:01,58329.8,21716.1
2022-06-04 00:03:02,58809.6,21236.3
2022-06-04 00:03:03,58953.1,21092.9
2022-06-04 00:03:04,59129.3,20916.6
2022-06-04 00:03:05,58714.2,21331.7
2022-06-04 00:03:06,58355.6,21690.4
2022-06-04 00:03:07,57380.1,22665.8
2022-06-04 00:03:08,56472.8,23573.2
2022-06-04 00:03:09,56164.6,23881.4
2022-06-04 00:03:10,55133.7,24912.2
2022-06-04 00:03:11,54797.8,25248.2
2022-06-04 00:03:12,54043.3,26002.6
2022-06-04 00:03:13,55059.1,24986.9
2022-06-04 00:03:14,56495.4,23550.5
2022-06-04 00:03:15,58487.9,21558.1
2022-06-04 00:03:16,60382.7,19663.1
2022-06-04 00:03:17,60070.2,19975.9
2022-06-04 00:03:18,59529.9,20516.1
2022-06-04 00:03:19,58757.5,21288.4
2022-06-04 00:03:20,57714.7,22331.2
2022-06-04 00:03:21,56363,23683
2022-06-04 00:03:22,55956.4,24089.5
2022-06-04 00:03:23,54966,25079.8
2022-06-04 00:03:24,54783.7,25262.2
2022-06-04 00:03:25,54747.4,25298.4
2022-06-04 00:03:26,56376.7,23669.2
2022-06-04 00:03:27,56207.6,23838.3
2022-06-04 00:03:28,56874.7,23171.2
2022-06-04 00:03:29,57322.3,22723.7
2022-06-04 00:03:30,58297.6,21748.3
2022-06-04 00:03:31,59160.9,20885
2022-06-04 00:03:32,59168.2,20877.7
2022-06-04 00:03:33,58752.4,21293.5
2022-06-04 00:03:34,57220.1,22825.8
2022-06-04 00:03:35,56731.3,23314.5
2022-06-04 00:03:36,55686,24359.9
2022-06-04 00:03:37,55669.1,24376.9
2022-06-04 00:03:38,56278.6,23767.3
2022-06-04 00:03:39,56323.1,23722.8
2022-06-04 00:03:40,56820.6,23225.3
2022-06-04 00:03:41,56421.7,23624.2
2022-06-04 00:03:42,56732.7,23313.2
2022-06-04 00:03:43,57437.7,22608.2
2022-06-04 00:03:44,57624.6,22421.4
2022-06-04 00:03:45,57939.9,22106.1
2022-06-04 00:03:46,58408.2,21637.7
2022-06-04 00:03:47,58215.1,21830.8
2022-06-04 00:03:48,57274.9,22771.1
2022-06-04 00:03:49,57187.2,22858.6
2022-06-04 00:03:50,57446.5,22599.4
2022-06-04 00:03:51,56754.6,23291.2
2022-06-04 00:03:52,56094.3,23951.7
2022-06-04 00:03:53,56493,23553
2022-06-04 00:03:54,55865.7,24180.3
2022-06-04 00:03:55,55706.9,24339
2022-06-04 00:03:56,56493.4,23552.6
2022-06-04 00:03:57,56903.1,23142.8
2022-06-04 00:03:58,57345.8,22700.2
2022-06-04 00:03:59,57461.6,22584.4
2022-06-04 00:04:00,57187.4,22858.6
2022-06-04 00:04:01,57439.8,22606.2
2022-06-04 00:04:02,58407.4,21638.6
2022-06-04 00:04:03,58058.5,21987.5
2022-06-04 00:04:04,57898.9,22147
2022-06-04 00:04:05,57790.8,22255
2022-06-04 00:04:06,56676.4,23369.6
2022-06-04 00:04:07,55878.5,24167.4
2022-06-04 00:04:08,55161.6,24884.3
2022-06-04 00:04:09,54488.2,25557.7
2022-06-04 00:04:10,55006.2,25039.7
2022-06-04 00:04:11,55890.2,24155.6
2022-06-04 00:04:12,57652.9,22393.1
2022-06-04 00:04:13,58141.7,21904.2
2022-06-04 00:04:14,58891.3,21154.6
2022-06-04 00:04:15,58310.6,21735.3
2022-06-04 00:04:16,58804.6,21241.4
2022-06-04 00:04:17,58979.3,21066.6
2022-06-04 00:04:18,58050.7,21995.3
2022-06-04 00:04:19,57607.1,22439
2022-06-04 00:04:20,56415.3,23630.7
2022-06-04 00:04:21,55778.7,24267.2
2022-06-04 00:04:22,55435.2,24610.8
2022-06-04 00:04:23,54652.2,25393.8
2022-06-04 00:04:24,55067.9,24978
2022-06-04 00:04:25,55862.4,24183.5
2022-06-04 00:04:26,58311.9,21734
2022-06-04 00:04:27,58313.7,21732.2
2022-06-04 00:04:28,57824.4,22221.5
2022-06-04 00:04:29,57885.5,22160.4
2022-06-04 00:04:30,58496.4,21549.5
2022-06-04 00:04:31,58331.8,21714.3
2022-06-04 00:04:32,58507.3,21538.6
2022-06-04 00:04:33,57716.6,22329.4
2022-06-04 00:04:34,56776.1,23269.9
2022-06-04 00:04:35,56985,23061
2022-06-04 00:04:36,55808.9,24237.1
2022-06-04 00:04:37,55627.9,24418.1
2022-06-04 00:04:38,54730.8,25315.1
2022-06-04 00:04:39,54538,25507.8
2022-06-04 00:04:40,56027.4,24018.4
2022-06-04 00:04:41,57603.7,22442.1
2022-06-04 00:04:42,58731.9,21314.1
2022-06-04 00:04:43,58027.5,22018.3
2022-06-04 00:04:44,57338.8,22707.2
2022-06-04 00:04:45,58447,21599
2022-06-04 00:04:46,59104.3,20941.8
2022-06-04 00:04:47,58423.5,21622.4
2022-06-04 00:04:48,57602.9,22443
2022-06-04 00:04:49,56257.8,23788.2
2022-06-04 00:04:50,55943.1,24102.8
2022-06-04 00:04:51,55262.3,24783.6
2022-06-04 00:04:52,54935.8,25110
2022-06-04 00:04:53,55891.2,24154.7
2022-06-04 00:04:54,56985.6,23060.2
2022-06-04 00:04:55,57696.5,22349.5
2022-06-04 00:04:56,58336.1,21709.8
2022-06-04 00:04:57,58421,21625
2022-06-04 00:04:58,57837.2,22208.6
2022-06-04 00:04:59,57907.7,22138.3
2022-06-04 00:05:00,57362.4,22683.5
2022-06-04 00:05:01,57750,22295.9
2022-06-04 00:05:02,56665.1,23380.8
2022-06-04 00:05:03,56473.9,23572.1
2022-06-04 00:05:04,55718.3,24327.7
2022-06-04 00:05:05,55562.1,24483.8
2022-06-04 00:05:06,55266.1,24779.8
2022-06-04 00:05:07,56683.6,23362.5
2022-06-04 00:05:08,57569,22477
2022-06-04 00:05:09,58351.6,21694.3
2022-06-04 00:05:10,58889.5,21156.5
2022-06-04 00:05:11,58722.2,21323.8
2022-06-04 00:05:12,57711,22334.9
2022-06-04 00:05:13,56948.6,23097.4
2022-06-04 00:05:14,56500,23545.9
2022-06-04 00:05:15,56418.5,23627.5
2022-06-04 00:05:16,56463.6,23582.4
2022-06-04 00:05:17,56424.7,23621.2
2022-06-04 00:05:18,56218.1,23827.9
2022-06-04 00:05:19,56716.2,23329.7
2022-06-04 00:05:20,57646.6,22399.2
2022-06-04 00:05:21,57735.2,22310.7
2022-06-04 00:05:22,57579.3,22466.6
2022-06-04 00:05:23,57719.5,22326.3
2022-06-04 00:05:24,57503.1,22542.9
2022-06-04 00:05:25,57890.1,22155.8
2022-06-04 00:05:26,57583.8,22462.2
2022-06-04 00:05:27,56774.7,23271.1
2022-06-04 00:05:28,55688.7,24357.3
2022-06-04 00:05:29,55222.5,24823.4
2022-06-04 00:05:30,56352.7,23693.2
2022-06-04 00:05:31,57312.9,22733
2022-06-04 00:05:32,58099,21946.9
2022-06-04 00:05:33,57800.3,22245.6
2022-06-04 00:05:34,56892.4,23153.5
2022-06-04 00:05:35,57027.5,23018.4
2022-06-04 00:05:36,56338.2,23707.8
2022-06-04 00:05:37,56921.2,23124.6
2022-06-04 00:05:38,57062.5,22983.5
2022-06-04 00:05:39,57051.8,22994.2
2022-06-04 00:05:40,57566.8,22479.2
2022-06-04 00:05:41,57134.2,22911.7
2022-06-04 00:05:42,56658.8,23387.2
2022-06-04 00:05:43,56852.3,23193.6
2022-06-04 00:05:44,57508.9,22537
2022-06-04 00:05:45,57875.6,22170.4
2022-06-04 00:05:46,57500.5,22545.4
2022-06-04 00:05:47,57034.9,23011
2022-06-04 00:05:48,56617.2,23428.7
2022-06-04 00:05:49,57058.9,22987.1
2022-06-04 00:05:50,56489.9,23556
2022-06-04 00:05:51,56531.5,23514.4
2022-06-04 00:05:52,56863.6,23182.3
2022-06-04 00:05:53,56861.8,23184.2
2022-06-04 00:05:54,57918.7,22127.3
2022-06-04 00:05:55,58093,21952.9
2022-06-04 00:05:56,57182.3,22863.7
2022-06-04 00:05:57,56798,23247.9
2022-06-04 00:05:58,56690.2,23355.8
2022-06-04 00:05:59,57546.9,22499
2022-06-04 00:06:00,56654.1,23391.8
2022-06-04 00:06:01,56504.9,23540.9
2022-06-04 00:06:02,56932.5,23113.5
2022-06-04 00:06:03,56545.6,23500.3
2022-06-04 00:06:04,56905.1,23140.8
2022-06-04 00:06:05,57771,22274.9
2022-06-04 00:06:06,57951.6,22094.4
2022-06-04 00:06:07,57547.8,22498.1
2022-06-04 00:06:08,58110.9,21935
2022-06-04 00:06:09,57417.9,22627.9
2022-06-04 00:06:10,57965.1,22080.8
2022-06-04 00:06:11,57489.5,22556.6
2022-06-04 00:06:12,56582.3,23463.6
2022-06-04 00:06:13,56248.4,23797.6
2022-06-04 00:06:14,55717.6,24328.4
2022-06-04 00:06:15,55821.3,24224.8
2022-06-04 00:06:16,56657.3,23388.6
2022-06-04 00:06:17,57777.8,22268.1
2022-06-04 00:06:18,57599.1,22446.8
2022-06-04 00:06:19,57622.7,22423.3
2022-06-04 00:06:20,57292.3,22753.6
2022-06-04 00:06:21,56672,23374
2022-06-04 00:06:22,57075.9,22970
2022-06-04 00:06:23,58178,21867.8
2022-06-04 00:06:24,58219.7,21826.2
2022-06-04 00:06:25,57355.9,22690
2022-06-04 00:06:26,56646.7,23399.2
2022-06-04 00:06:27,56116.5,23929.5
2022-06-04 00:06:28,56137.4,23908.5
2022-06-04 00:06:29,56733.9,23312
2022-06-04 00:06:30,56964.6,23081.2
2022-06-04 00:06:31,57565.5,22480.4
2022-06-04 00:06:32,57403.7,22642.1
2022-06-04 00:06:33,56856.8,23189.2
2022-06-04 00:06:34,57142.7,22903.2
2022-06-04 00:06:35,57570.9,22475.1
2022-06-04 00:06:36,58112.3,21933.7
2022-06-04 00:06:37,57983.7,22062.2
2022-06-04 00:06:38,57647.8,22398.2
2022-06-04 00:06:39,57630.9,22415.1
2022-06-04 00:06:40,57091.9,22954
2022-06-04 00:06:41,56746.7,23299.2
2022-06-04 00:06:42,56296.8,23749.1
2022-06-04 00:06:43,56160.2,23885.9
2022-06-04 00:06:44,55617.7,24428.2
2022-06-04 00:06:45,55743.8,24302.2
2022-06-04 00:06:46,56238.7,23807.3
2022-06-04 00:06:47,58338.3,21707.6
2022-06-04 00:06:48,58391,21655
2022-06-04 00:06:49,57910.1,22135.9
2022-06-04 00:06:50,57202.2,22843.7
2022-06-04 00:06:51,57645,22401
2022-06-04 00:06:52,57751.7,22294.3
2022-06-04 00:06:53,58278.6,21767.4
2022-06-04 00:06:54,57191.8,22854.1
2022-06-04 00:06:55,57024.4,23021.5
2022-06-04 00:06:56,56646.3,23399.5
2022-06-04 00:06:57,55405.4,24640.5
2022-06-04 00:06:58,55510.7,24535.2
2022-06-04 00:06:59,55876.8,24169.1
2022-06-04 00:07:00,56914.4,23131.5
2022-06-04 00:07:01,57732.4,22313.4
2022-06-04 00:07:02,58152,21893.9
2022-06-04 00:07:03,57984.1,22061.9
2022-06-04 00:07:04,57064.5,22981.3
2022-06-04 00:07:05,56913.6,23132.2
2022-06-04 00:07:06,56785.1,23260.8
2022-06-04 00:07:07,57484.8,22561.1
2022-06-04 00:07:08,57828.2,22217.8
2022-06-04 00:07:09,57519.2,22526.8
2022-06-04 00:07:10,56839.5,23206.4
2022-06-04 00:07:11,55777.9,24268.1
2022-06-04 00:07:12,56171.2,23874.7
2022-06-04 00:07:13,56276.8,23769.1
2022-06-04 00:07:14,56959.7,23086.1
2022-06-04 00:07:15,57685.6,22360.3
2022-06-04 00:07:16,58286.2,21759.8
2022-06-04 00:07:17,57776,22270
2022-06-04 00:07:18,56805.1,23240.9
2022-06-04 00:07:19,56144.2,23901.8
2022-06-04 00:07:20,55934.2,24111.7
2022-06-04 00:07:21,57383.1,22662.9
2022-06-04 00:07:22,58272.7,21773.2
2022-06-04 00:07:23,58024,22021.9
2022-06-04 00:07:24,57270.9,22775
2022-06-04 00:07:25,57409.5,22636.5
2022-06-04 00:07:26,56693.9,23352
2022-06-04 00:07:27,56456.4,23589.6
2022-06-04 00:07:28,56139.9,23906
2022-06-04 00:07:29,56819.3,23226.7
2022-06-04 00:07:30,57674.9,22371.1
2022-06-04 00:07:31,57327.7,22718.3
2022-06-04 00:07:32,56786,23259.9
2022-06-04 00:07:33,57117.5,22928.4
2022-06-04 00:07:34,56925.1,23121
2022-06-04 00:07:35,56832.4,23213.5
2022-06-04 00:07:36,58125.7,21920.2
2022-06-04 00:07:37,58888.2,21157.7
2022-06-04 00:07:38,58617.2,21428.7
2022-06-04 00:07:39,57791.8,22254.1
2022-06-04 00:07:40,56771.4,23274.5
2022-06-04 00:07:41,56161,23885
2022-06-04 00:07:42,55429.2,24616.7
2022-06-04 00:07:43,54931.4,25114.5
2022-06-04 00:07:44,55744,24302
2022-06-04 00:07:45,57564.6,22481.5
2022-06-04 00:07:46,58062.5,21983.4
2022-06-04 00:07:47,57287.3,22758.5
2022-06-04 00:07:48,57985.4,22060.6
2022-06-04 00:07:49,57558.8,22487.1
2022-06-04 00:07:50,58513.4,21532.5
2022-06-04 00:07:51,58349.4,21696.6
2022-06-04 00:07:52,57848,22198
2022-06-04 00:07:53,56718.7,23327.3
2022-06-04 00:07:54,55836.8,24209.1
2022-06-04 00:07:55,56131.1,23914.9
2022-06-04 00:07:56,55526.3,24519.5
2022-06-04 00:07:57,55884,24161.9
2022-06-04 00:07:58,57115.7,22930.2
2022-06-04 00:07:59,57980.5,22065.5
2022-06-04 00:08:00,57589.2,22456.8
2022-06-04 00:08:01,57947.7,22098.2
2022-06-04 00:08:02,57538.1,22507.8
2022-06-04 00:08:03,57904.5,22141.3
2022-06-04 00:08:04,57776,22270.1
2022-06-04 00:08:05,56985,23061
2022-06-04 00:08:06,56981.4,23064.4
2022-06-04 00:08:07,56636.2,23409.7
2022-06-04 00:08:08,55460.3,24585.6
2022-06-04 00:08:09,56396.8,23649.1
2022-06-04 00:08:10,55804.1,24241.8
2022-06-04 00:08:11,56877.5,23168.4
2022-06-04 00:08:12,56589.4,23456.5
2022-06-04 00:08:13,57224.3,22821.6
2022-06-04 00:08:14,57105.6,22940.2
2022-06-04 00:08:15,58299.9,21746
2022-06-04 00:08:16,57603.6,22442.3
2022-06-04 00:08:17,57422.3,22623.7
2022-06-04 00:08:18,57049.9,22996
2022-06-04 00:08:19,57069.7,22976.4
2022-06-04 00:08:20,57438.9,22607.1
2022-06-04 00:08:21,57530.1,22515.8
2022-06-04 00:08:22,56791.8,23254.1
2022-06-04 00:08:23,56392.2,23653.6
2022-06-04 00:08:24,56618.9,23427.1
2022-06-04 00:08:25,56855.3,23190.8
2022-06-04 00:08:26,56740.5,23305.4
2022-06-04 00:08:27,56866.9,23178.9
2022-06-04 00:08:28,57320,22726
2022-06-04 00:08:29,57373.7,22672.2
2022-06-04 00:08:30,57442.7,22603.2
2022-06-04 00:08:31,56736.2,23309.6
2022-06-04 00:08:32,57764.7,22281.2
2022-06-04 00:08:33,57126.6,22919.5
2022-06-04 00:08:34,56875.5,23170.4
2022-06-04 00:08:35,56543.8,23502.1
2022-06-04 00:08:36,56474.8,23571.2
2022-06-04 00:08:37,56528.6,23517.4
2022-06-04 00:08:38,57346.8,22699.2
2022-06-04 00:08:39,57412.5,22633.4
2022-06-04 00:08:40,56856.8,23189.1
2022-06-04 00:08:41,56710.5,23335.5
2022-06-04 00:08:42,57565.8,22480.1
2022-06-04 00:08:43,58414.9,21631
2022-06-04 00:08:44,58438.8,21607.3
2022-06-04 00:08:45,57316.7,22729.2
2022-06-04 00:08:46,56117.8,23928.1
2022-06-04 00:08:47,56360.9,23685
2022-06-04 00:08:48,56070.4,23975.5
2022-06-04 00:08:49,56210.9,23834.9
2022-06-04 00:08:50,57699.4,22346.6
2022-06-04 00:08:51,57721.6,22324.4
2022-06-04 00:08:52,57142.8,22903
2022-06-04 00:08:53,56914.2,23131.7
2022-06-04 00:08:54,56923,23122.9
2022-06-04 00:08:55,57494.9,22551.1
2022-06-04 00:08:56,58011.8,22034
2022-06-04 00:08:57,57693.3,22352.7
2022-06-04 00:08:58,57337.1,22708.8
2022-06-04 00:08:59,56676.6,23369.4
2022-06-04 00:09:00,56369,23676.8
2022-06-04 00:09:01,56189.9,23856
2022-06-04 00:09:02,56730.3,23315.6
2022-06-04 00:09:03,57447.2,22598.7
2022-06-04 00:09:04,57905.8,22140.1
2022-06-04 00:09:05,57419.6,22626.3
2022-06-04 00:09:06,58189.6,21856.2
2022-06-04 00:09:07,57854.4,22191.5
2022-06-04 00:09:08,57430.4,22615.6
2022-06-04 00:09:09,56728.7,23317.3
2022-06-04 00:09:10,56696.9,23348.9
2022-06-04 00:09:11,56358.3,23687.5
2022-06-04 00:09:12,55704.9,24341.1
2022-06-04 00:09:13,56233.9,23812
2022-06-04 00:09:14,56357.5,23688.4
2022-06-04 00:09:15,57865.9,22180.1
2022-06-04 00:09:16,57521,22524.8
2022-06-04 00:09:17,57865.4,22180.5
2022-06-04 00:09:18,57551.3,22494.7
2022-06-04 00:09:19,57943.1,22102.9
2022-06-04 00:09:20,57444.6,22601.4
2022-06-04 00:09:21,56881.6,23164.4
2022-06-04 00:09:22,56595.9,23450
2022-06-04 00:09:23,55913.5,24132.5
2022-06-04 00:09:24,57642.1,22403.8
2022-06-04 00:09:25,56735.2,23310.8
2022-06-04 00:09:26,56793.7,23252.3
2022-06-04 00:09:27,55739.7,24306.2
2022-06-04 00:09:28,56437.8,23608.2
2022-06-04 00:09:29,58153.3,21892.6
2022-06-04 00:09:30,58322.2,21723.8
2022-06-04 00:09:31,57042.6,23003.3
2022-06-04 00:09:32,56559.5,23486.5
2022-06-04 00:09:33,55974.3,24071.6
2022-06-04 00:09:34,55886.9,24159
2022-06-04 00:09:35,56934.7,23111.2
2022-06-04 00:09:36,57393.5,22652.4
2022-06-04 00:09:37,58215.6,21830.3
2022-06-04 00:09:38,57879.9,22166.1
2022-06-04 00:09:39,57539.8,22506.1
2022-06-04 00:09:40,58173.7,21872.3
2022-06-04 00:09:41,57919,22126.9
2022-06-04 00:09:42,56881.6,23164.3
2022-06-04 00:09:43,56280.6,23765.3
2022-06-04 00:09:44,56621.8,23424.1
2022-06-04 00:09:45,56650,23395.9
2022-06-04 00:09:46,55619.5,24426.4
2022-06-04 00:09:47,55877.1,24168.8
2022-06-04 00:09:48,55551.6,24494.2
2022-06-04 00:09:49,57273.6,22772.3
2022-06-04 00:09:50,58176,21869.9
2022-06-04 00:09:51,58384.6,21661.2
2022-06-04 00:09:52,59094.4,20951.5
2022-06-04 00:09:53,59036.8,21009.2
2022-06-04 00:09:54,58271,21774.9
2022-06-04 00:09:55,57345,22700.8
2022-06-04 00:09:56,56607.4,23438.7
2022-06-04 00:09:57,55906.5,24139.4
2022-06-04 00:09:58,55294.4,24751.5
2022-06-04 00:09:59,55487.7,24558.2
2022-06-04 00:10:00,56343.5,23702.4
2022-06-04 00:10:01,56064.6,23981.3
2022-06-04 00:10:02,56209.7,23836.3
2022-06-04 00:10:03,57143.2,22902.7
2022-06-04 00:10:04,57499.1,22546.9
2022-06-04 00:10:05,59469.3,20576.6
2022-06-04 00:10:06,59117.7,20928.2
2022-06-04 00:10:07,58243.7,21802.3
2022-06-04 00:10:08,57388.1,22657.8
2022-06-04 00:10:09,57094.9,22951.1
2022-06-04 00:10:10,56189.8,23856.1
2022-06-04 00:10:11,56305.7,23740.2
2022-06-04 00:10:12,56088.6,23957.3
2022-06-04 00:10:13,55418.1,24627.7
2022-06-04 00:10:14,56761.9,23284.1
2022-06-04 00:10:15,56797.4,23248.5
2022-06-04 00:10:16,56136.3,23909.6
2022-06-04 00:10:17,56681.2,23364.8
2022-06-04 00:10:18,57592.3,22453.7
2022-06-04 00:10:19,58318.7,21727.3
2022-06-04 00:10:20,58190.9,21854.9
2022-06-04 00:10:21,58080.2,21965.7
2022-06-04 00:10:22,57661.6,22384.4
2022-06-04 00:10:23,57497.7,22548.2
2022-06-04 00:10:24,57627.5,22418.5
2022-06-04 00:10:25,57418.6,22627.4
2022-06-04 00:10:26,56793,23253
2022-06-04 00:10:27,55715.6,24330.2
2022-06-04 00:10:28,54664,25381.9
2022-06-04 00:10:29,55472,24574
2022-06-04 00:10:30,56041.9,24004.1
2022-06-04 00:10:31,57024.3,23021.5
2022-06-04 00:10:32,57169.9,22876
2022-06-04 00:10:33,57914.6,22131.2
2022-06-04 00:10:34,58649.4,21396.6
2022-06-04 00:10:35,58852.9,21193
2022-06-04 00:10:36,58194.7,21851.3
2022-06-04 00:10:37,57932.1,22113.8
2022-06-04 00:10:38,57714.7,22331.2
2022-06-04 00:10:39,56855.7,23190.3
2022-06-04 00:10:40,56324.9,23721.1
2022-06-04 00:10:41,55054.3,24991.8
2022-06-04 00:10:42,54587.9,25458
2022-06-04 00:10:43,54192.4,25853.6
2022-06-04 00:10:44,55901.2,24144.6
2022-06-04 00:10:45,56441.3,23604.6
2022-06-04 00:10:46,57879.4,22166.5
2022-06-04 00:10:47,58269.8,21776.1
2022-06-04 00:10:48,58579,21467
2022-06-04 00:10:49,58871.1,21174.8
2022-06-04 00:10:50,58635.7,21410.2
2022-06-04 00:10:51,57981.1,22064.8
2022-06-04 00:10:52,57117.8,22928.1
2022-06-04 00:10:53,56579.1,23466.8
2022-06-04 00:10:54,56664.9,23381
2022-06-04 00:10:55,55684.3,24361.6
2022-06-04 00:10:56,56595.6,23450.4
2022-06-04 00:10:57,55998,24047.9
2022-06-04 00:10:58,55723.6,24322.4
2022-06-04 00:10:59,56236.6,23809.4
2022-06-04 00:11:00,56786.5,23259.4
2022-06-04 00:11:01,58143.9,21902.1
2022-06-04 00:11:02,58266.7,21779.1
2022-06-04 00:11:03,57694.3,22351.6
2022-06-04 00:11:04,58324.9,21721.1
2022-06-04 00:11:05,57454.2,22591.7
2022-06-04 00:11:06,56604.1,23441.9
2022-06-04 00:11:07,57286.3,22759.7
2022-06-04 00:11:08,58897.4,21148.5
2022-06-04 00:11:09,57772.7,22273.3
2022-06-04 00:11:10,56995.4,23050.4
2022-06-04 00:11:11,56262.1,23783.8
2022-06-04 00:11:12,55282.5,24763.3
2022-06-04 00:11:13,55657.1,24388.8
2022-06-04 00:11:14,55934.4,24111.5
2022-06-04 00:11:15,56599.9,23445.9
2022-06-04 00:11:16,57380.2,22665.8
2022-06-04 00:11:17,56738.1,23307.8
2022-06-04 00:11:18,56908.3,23137.6
2022-06-04 00:11:19,58637.8,21408.1
2022-06-04 00:11:20,58777.9,21268
2022-06-04 00:11:21,58790.9,21255.1
2022-06-04 00:11:22,58219.4,21826.5
2022-06-04 00:11:23,57121.1,22924.9
2022-06-04 00:11:24,56444.1,23601.9
2022-06-04 00:11:25,55828.6,24217.2
2022-06-04 00:11:26,55342.3,24703.7
2022-06-04 00:11:27,54692.8,25353.2
2022-06-04 00:11:28,55327.5,24718.4
2022-06-04 00:11:29,56089.2,23956.8
2022-06-04 00:11:30,58293.6,21752.4
2022-06-04 00:11:31,57936.7,22109.2
2022-06-04 00:11:32,58230.3,21815.7
2022-06-04 00:11:33,58600.2,21445.7
2022-06-04 00:11:34,58424.4,21621.6
2022-06-04 00:11:35,57669.6,22376.3
2022-06-04 00:11:36,57872.4,22173.5
2022-06-04 00:11:37,57621.8,22424.1
2022-06-04 00:11:38,56855.7,23190.2
2022-06-04 00:11:39,56180.2,23865.8
2022-06-04 00:11:40,55417.6,24628.3
2022-06-04 00:11:41,55128.2,24917.8
2022-06-04 00:11:42,56320.7,23725.2
2022-06-04 00:11:43,56699.1,23346.8
2022-06-04 00:11:44,57101.5,22944.5
2022-06-04 00:11:45,57813.1,22232.8
2022-06-04 00:11:46,57647.6,22398.3
2022-06-04 00:11:47,57973.7,22072.2
2022-06-04 00:11:48,57891.7,22154.1
2022-06-04 00:11:49,57945.6,22100.4
2022-06-04 00:11:50,57924.2,22121.7
2022-06-04 00:11:51,57383.8,22662.2
2022-06-04 00:11:52,57078,22967.9
2022-06-04 00:11:53,56859,23186.9
2022-06-04 00:11:54,55801.4,24244.5
2022-06-04 00:11:55,55107.4,24938.4
2022-06-04 00:11:56,54691.2,25354.7
2022-06-04 00:11:57,55640.3,24405.6
2022-06-04 00:11:58,56600.4,23445.7
2022-06-04 00:11:59,57695.5,22350.5
2022-06-04 00:12:00,57415.7,22630.1
2022-06-04 00:12:01,57716.3,22329.6
2022-06-04 00:12:02,58100.8,21945.1
2022-06-04 00:12:03,58264.2,21781.7
2022-06-04 00:12:04,59126.3,20919.6
2022-06-04 00:12:05,58365.7,21680.2
2022-06-04 00:12:06,57569.3,22476.7
2022-06-04 00:12:07,56825,23220.9
2022-06-04 00:12:08,55789.6,24256.5
2022-06-04 00:12:09,54943.1,25102.8
2022-06-04 00:12:10,54742.3,25303.6
2022-06-04 00:12:11,56212.3,23833.6
2022-06-04 00:12:12,56573,23472.9
2022-06-04 00:12:13,57056.5,22989.5
2022-06-04 00:12:14,57378.1,22667.8
2022-06-04 00:12:15,57980.5,22065.4
2022-06-04 00:12:16,57831.6,22214.2
2022-06-04 00:12:17,58586.4,21459.5
2022-06-04 00:12:18,58195.7,21850.3
2022-06-04 00:12:19,57456.2,22589.7
2022-06-04 00:12:20,57193.8,22852.1
2022-06-04 00:12:21,56335.8,23710.2
2022-06-04 00:12:22,56691.7,23354.2
2022-06-04 00:12:23,56181.4,23864.6
2022-06-04 00:12:24,55513.7,24532.2
2022-06-04 00:12:25,55023,25022.9
2022-06-04 00:12:26,56186.3,23859.6
2022-06-04 00:12:27,57240.8,22805.2
2022-06-04 00:12:28,57297.1,22748.8
2022-06-04 00:12:29,57746.9,22299
2022-06-04 00:12:30,57759.6,22286.3
2022-06-04 00:12:31,57886.3,22159.7
2022-06-04 00:12:32,58098.4,21947.6
2022-06-04 00:12:33,58061.4,21984.6
2022-06-04 00:12:34,57793.1,22252.8
2022-06-04 00:12:35,57164.9,22880.9
2022-06-04 00:12:36,56498.3,23547.6
2022-06-04 00:12:37,55817.4,24228.6
2022-06-04 00:12:38,55582.2,24463.7
2022-06-04 00:12:39,55463.5,24582.4
2022-06-04 00:12:40,56592.9,23453
2022-06-04 00:12:41,57444,22602
2022-06-04 00:12:42,56769,23277
2022-06-04 00:12:43,57211.1,22834.8
2022-06-04 00:12:44,57890.8,22155
2022-06-04 00:12:45,57821.1,22224.9
2022-06-04 00:12:46,58725.4,21320.5
2022-06-04 00:12:47,58258.2,21787.6
2022-06-04 00:12:48,57429.2,22616.8
2022-06-04 00:12:49,57116.9,22929
2022-06-04 00:12:50,56608.7,23437.2
2022-06-04 00:12:51,56975.6,23070.5
2022-06-04 00:12:52,56166.1,23879.8
2022-06-04 00:12:53,55441,24604.9
2022-06-04 00:12:54,55255.4,24790.6
2022-06-04 00:12:55,55927.5,24118.4
2022-06-04 00:12:56,56849.5,23196.3
2022-06-04 00:12:57,56485.6,23560.4
2022-06-04 00:12:58,57234.7,22811.3
2022-06-04 00:12:59,56710.7,23335.3
2022-06-04 00:13:00,58496.2,21549.7
2022-06-04 00:13:01,58174.9,21871.1
2022-06-04 00:13:02,57846.4,22199.5
2022-06-04 00:13:03,58176.1,21869.9
2022-06-04 00:13:04,57638.4,22407.5
2022-06-04 00:13:05,57534.8,22511.2
2022-06-04 00:13:06,56513.4,23532.5
2022-06-04 00:13:07,55870.5,24175.3
2022-06-04 00:13:08,56190.1,23855.9
2022-06-04 00:13:09,55966.1,24079.8
2022-06-04 00:13:10,55980.9,24065
2022-06-04 00:13:11,56486.7,23559.3
2022-06-04 00:13:12,56260.8,23785.1
2022-06-04 00:13:13,57085.8,22960.2
2022-06-04 00:13:14,57765.1,22280.8
2022-06-04 00:13:15,58666.5,21379.4
2022-06-04 00:13:16,58391.6,21654.2
2022-06-04 00:13:17,58757.4,21288.6
2022-06-04 00:13:18,58404.8,21641.1
2022-06-04 00:13:19,57458.6,22587.4
2022-06-04 00:13:20,56827.5,23218.4
2022-06-04 00:13:21,55962.6,24083.3
2022-06-04 00:13:22,55977.6,24068.3
2022-06-04 00:13:23,56212.3,23833.7
2022-06-04 00:13:24,56466.8,23579.2
2022-06-04 00:13:25,56746.7,23299.3
2022-06-04 00:13:26,56540.4,23505.5
2022-06-04 00:13:27,56005.2,24040.8
2022-06-04 00:13:28,57386.8,22659.2
2022-06-04 00:13:29,57615.7,22430.2
2022-06-04 00:13:30,58045.1,22000.8
2022-06-04 00:13:31,58914.8,21131.1
2022-06-04 00:13:32,57898.6,22147.3
2022-06-04 00:13:33,57307.2,22738.7
2022-06-04 00:13:34,56756.9,23289.1
2022-06-04 00:13:35,56229.5,23816.4
2022-06-04 00:13:36,56079.7,23966.3
2022-06-04 00:13:37,56755.5,23290.5
2022-06-04 00:13:38,56413.4,23632.7
2022-06-04 00:13:39,57932,22114
2022-06-04 00:13:40,57448.4,22597.5
2022-06-04 00:13:41,56572.9,23473.1
2022-06-04 00:13:42,56212.3,23833.7
2022-06-04 00:13:43,56704.9,23341
2022-06-04 00:13:44,57524.7,22521.2
2022-06-04 00:13:45,57605.7,22440.2
2022-06-04 00:13:46,58191.2,21854.7
2022-06-04 00:13:47,57192.2,22853.7
2022-06-04 00:13:48,56167.9,23878
2022-06-04 00:13:49,56424.8,23621.2
2022-06-04 00:13:50,56863.4,23182.6
2022-06-04 00:13:51,57769.1,22276.9
2022-06-04 00:13:52,57713.5,22332.4
2022-06-04 00:13:53,58379.5,21666.4
2022-06-04 00:13:54,57766.7,22279.1
2022-06-04 00:13:55,56755.8,23290.2
2022-06-04 00:13:56,56300.3,23745.7
2022-06-04 00:13:57,55392.5,24653.3
2022-06-04 00:13:58,55928,24117.8
2022-06-04 00:13:59,56255.8,23790.1
2022-06-04 00:14:00,57199.5,22846.4
2022-06-04 00:14:01,57937.4,22108.6
2022-06-04 00:14:02,57856.9,22189
2022-06-04 00:14:03,57182.1,22863.8
2022-06-04 00:14:04,57291.6,22754.3
2022-06-04 00:14:05,57665.8,22380.3
2022-06-04 00:14:06,57996.3,22049.6
2022-06-04 00:14:07,58695.5,21350.4
2022-06-04 00:14:08,58104.5,21941.5
2022-06-04 00:14:09,57023.4,23022.5
2022-06-04 00:14:10,55701.2,24344.7
2022-06-04 00:14:11,55130.2,24915.7
2022-06-04 00:14:12,54870.9,25175.1
2022-06-04 00:14:13,55797.3,24248.5
2022-06-04 00:14:14,56755.7,23290.2
2022-06-04 00:14:15,58360.9,21685
2022-06-04 00:14:16,57767.8,22278.1
2022-06-04 00:14:17,57699.8,22346.1
2022-06-04 00:14:18,57155.3,22890.6
2022-06-04 00:14:19,58189,21856.9
2022-06-04 00:14:20,57645.5,22400.4
2022-06-04 00:14:21,58387.6,21658.3
2022-06-04 00:14:22,57884.9,22161
2022-06-04 00:14:23,57554.4,22491.5
2022-06-04 00:14:24,56650,23396
2022-06-04 00:14:25,56004.7,24041.1
2022-06-04 00:14:26,55034,25012
2022-06-04 00:14:27,55231.3,24814.7
2022-06-04 00:14:28,55842.7,24203.4
2022-06-04 00:14:29,57381.5,22664.4
2022-06-04 00:14:30,57373.3,22672.5
2022-06-04 00:14:31,57761.5,22284.4
2022-06-04 00:14:32,57177.2,22868.6
2022-06-04 00:14:33,57236.7,22809.2
2022-06-04 00:14:34,57673.3,22372.7
2022-06-04 00:14:35,58316.8,21729.2
2022-06-04 00:14:36,58630.2,21415.7
2022-06-04 00:14:37,57588,22458
2022-06-04 00:14:38,56907.7,23138.2
2022-06-04 00:14:39,56632.3,23413.6
2022-06-04 00:14:40,56456.3,23589.7
2022-06-04 00:14:41,56539.4,23506.6
2022-06-04 00:14:42,55725.8,24320.2
2022-06-04 00:14:43,55419.9,24626.1
2022-06-04 00:14:44,56251.1,23794.8
2022-06-04 00:14:45,57161.8,22884.1
2022-06-04 00:14:46,57821.5,22224.5
2022-06-04 00:14:47,58084.7,21961.2
2022-06-04 00:14:48,58542.5,21503.4
2022-06-04 00:14:49,57533.8,22512.1
2022-06-04 00:14:50,57422.2,22623.7
2022-06-04 00:14:51,57431.4,22614.6
2022-06-04 00:14:52,57990.4,22055.6
2022-06-04 00:14:53,57942.6,22103.3
2022-06-04 00:14:54,56455.5,23590.3
2022-06-04 00:14:55,55461.2,24584.8
2022-06-04 00:14:56,54960.8,25085.2
2022-06-04 00:14:57,55532.1,24514
2022-06-04 00:14:58,55893.5,24152.5
2022-06-04 00:14:59,56274.9,23771
2022-06-04 00:15:00,57827.9,22218.1
2022-06-04 00:15:01,57249.2,22796.8
2022-06-04 00:15:02,56488.8,23557.1
2022-06-04 00:15:03,56995.3,23050.7
2022-06-04 00:15:04,57933.2,22112.6
2022-06-04 00:15:05,58311.5,21734.4
2022-06-04 00:15:06,58250.4,21795.5
2022-06-04 00:15:07,57222.5,22823.4
2022-06-04 00:15:08,57614.4,22431.5
2022-06-04 00:15:09,56363.4,23682.5
2022-06-04 00:15:10,55356.1,24689.9
2022-06-04 00:15:11,54738.7,25307.2
2022-06-04 00:15:12,54830.4,25215.5
2022-06-04 00:15:13,55045.7,25000.2
2022-06-04 00:15:14,56876.3,23169.6
2022-06-04 00:15:15,58176.4,21869.5
2022-06-04 00:15:16,57588.7,22457.2
2022-06-04 00:15:17,57793,22253
2022-06-04 00:15:18,58998.8,21047.2
2022-06-04 00:15:19,58873.8,21172.1
2022-06-04 00:15:20,58430.5,21615.5
2022-06-04 00:15:21,58110.6,21935.4
2022-06-04 00:15:22,57091.7,22954.1
2022-06-04 00:15:23,55838.3,24207.5
2022-06-04 00:15:24,55507.8,24538
2022-06-04 00:15:25,54878.8,25167.2
2022-06-04 00:15:26,54581.4,25464.7
2022-06-04 00:15:27,54801.3,25244.7
2022-06-04 00:15:28,54774.1,25271.9
2022-06-04 00:15:29,57014.4,23031.6
2022-06-04 00:15:30,59226.9,20819
2022-06-04 00:15:31,59177.3,20868.7
2022-06-04 00:15:32,59517.2,20528.6
2022-06-04 00:15:33,58822.9,21223.1
2022-06-04 00:15:34,58036.9,22009.1
2022-06-04 00:15:35,57840.9,22205
2022-06-04 00:15:36,56896.6,23149.3
2022-06-04 00:15:37,56636.4,23409.5
2022-06-04 00:15:38,55751.3,24294.6
2022-06-04 00:15:39,54883.3,25162.6
2022-06-04 00:15:40,55176.5,24869.3
2022-06-04 00:15:41,54933,25112.9
2022-06-04 00:15:42,56159,23887
2022-06-04 00:15:43,57638.4,22407.6
2022-06-04 00:15:44,57522.2,22523.7
2022-06-04 00:15:45,57775.6,22270.3
2022-06-04 00:15:46,58548.8,21497.2
2022-06-04 00:15:47,58334.3,21711.6
2022-06-04 00:15:48,58608.6,21437.3
2022-06-04 00:15:49,57740.7,22305.2
2022-06-04 00:15:50,56624.2,23421.7
2022-06-04 00:15:51,56135.8,23910.1
2022-06-04 00:15:52,55795.6,24250.4
2022-06-04 00:15:53,56463.3,23582.6
2022-06-04 00:15:54,56136,23910
2022-06-04 00:15:55,57486.8,22559.3
2022-06-04 00:15:56,56816.9,23229.1
2022-06-04 00:15:57,56950.9,23095
2022-06-04 00:15:58,57194,22851.9
2022-06-04 00:15:59,56855.4,23190.5
2022-06-04 00:16:00,57651.7,22394.2
2022-06-04 00:16:01,58338.2,21707.9
2022-06-04 00:16:02,57881.7,22164.3
2022-06-04 00:16:03,57643.4,22402.5
2022-06-04 00:16:04,56831.2,23214.7
2022-06-04 00:16:05,56684.3,23361.5
2022-06-04 00:16:06,55788.4,24257.5
2022-06-04 00:16:07,55741.5,24304.5
2022-06-04 00:16:08,56344,23701.9
2022-06-04 00:16:09,57409,22637
2022-06-04 00:16:10,57391.7,22654.3
2022-06-04 00:16:11,57414,22631.8
2022-06-04 00:16:12,56887.8,23158.1
2022-06-04 00:16:13,56610.9,23434.9
2022-06-04 00:16:14,57274.8,22771.2
2022-06-04 00:16:15,57676,22370.1
2022-06-04 00:16:16,58670,21375.9
2022-06-04 00:16:17,58152.8,21893.1
2022-06-04 00:16:18,57287.1,22758.7
2022-06-04 00:16:19,56705.8,23340.1
2022-06-04 00:16:20,56803.6,23242.2
2022-06-04 00:16:21,57042.7,23003.2
2022-06-04 00:16:22,56459.1,23586.9
2022-06-04 00:16:23,56994.6,23051.3
2022-06-04 00:16:24,56509.6,23536.3
2022-06-04 00:16:25,56935.2,23110.8
2022-06-04 00:16:26,56522.2,23523.8
2022-06-04 00:16:27,56660.6,23385.3
2022-06-04 00:16:28,57306.7,22739.2
2022-06-04 00:16:29,57850.9,22195
2022-06-04 00:16:30,57771.6,22274.5
2022-06-04 00:16:31,57780.7,22265.3
2022-06-04 00:16:32,57857.7,22188.2
2022-06-04 00:16:33,57053.2,22992.7
2022-06-04 00:16:34,56764.4,23281.6
2022-06-04 00:16:35,56667.2,23378.8
2022-06-04 00:16:36,56482,23563.9
2022-06-04 00:16:37,56807.2,23238.9
2022-06-04 00:16:38,56124.8,23921.1
2022-06-04 00:16:39,56791,23255.1
2022-06-04 00:16:40,56487.2,23558.7
2022-06-04 00:16:41,56255.4,23790.5
2022-06-04 00:16:42,56432.1,23613.9
2022-06-04 00:16:43,57588.8,22457.2
2022-06-04 00:16:44,58209.6,21836.4
2022-06-04 00:16:45,58283.6,21762.4
2022-06-04 00:16:46,58247.5,21798.4
2022-06-04 00:16:47,57363.4,22682.6
2022-06-04 00:16:48,56906.5,23139.5
2022-06-04 00:16:49,56424.4,23621.4
2022-06-04 00:16:50,56316.1,23729.9
2022-06-04 00:16:51,56030.5,24015.5
2022-06-04 00:16:52,57035.6,23010.3
2022-06-04 00:16:53,56470.9,23575
2022-06-04 00:16:54,56270,23775.9
2022-06-04 00:16:55,56842.9,23203.2
2022-06-04 00:16:56,56469.7,23576.3
2022-06-04 00:16:57,57536,22509.9
2022-06-04 00:16:58,57819.9,22225.9
2022-06-04 00:16:59,58729.5,21316.4
2022-06-04 00:17:00,58643.3,21402.7
2022-06-04 00:17:01,58161.5,21884.4
2022-06-04 00:17:02,56987,23058.9
2022-06-04 00:17:03,56265.3,23780.6
2022-06-04 00:17:04,56132.8,23913.1
2022-06-04 00:17:05,56044.9,24000.9
2022-06-04 00:17:06,56634.5,23411.4
2022-06-04 00:17:07,56904.2,23141.7
2022-06-04 00:17:08,56202.4,23843.6
2022-06-04 00:17:09,55909.3,24136.6
2022-06-04 00:17:10,56531,23515
2022-06-04 00:17:11,58269.3,21776.5
2022-06-04 00:17:12,58383.3,21662.7
2022-06-04 00:17:13,57800.4,22245.6
2022-06-04 00:17:14,57211.3,22834.6
2022-06-04 00:17:15,57644.3,22401.6
2022-06-04 00:17:16,57022.4,23023.5
2022-06-04 00:17:17,57253.1,22792.8
2022-06-04 00:17:18,56959.1,23086.7
2022-06-04 00:17:19,55952.4,24093.5
2022-06-04 00:17:20,55732.6,24313.3
2022-06-04 00:17:21,55888.8,24157.1
2022-06-04 00:17:22,56507.7,23538.2
2022-06-04 00:17:23,57595,22450.9
2022-06-04 00:17:24,58591.3,21454.7
2022-06-04 00:17:25,57852.3,22193.7
2022-06-04 00:17:26,57389.4,22656.6
2022-06-04 00:17:27,57610.7,22435.3
2022-06-04 00:17:28,57337.3,22708.6
2022-06-04 00:17:29,56836.5,23209.4
2022-06-04 00:17:30,57004,23042
2022-06-04 00:17:31,57310.2,22735.8
2022-06-04 00:17:32,56973.4,23072.5
2022-06-04 00:17:33,56245.6,23800.3
2022-06-04 00:17:34,55827,24218.9
2022-06-04 00:17:35,55711.5,24334.5
2022-06-04 00:17:36,56593.6,23452.5
2022-06-04 00:17:37,57127.2,22918.7
2022-06-04 00:17:38,57819.6,22226.3
2022-06-04 00:17:39,57718.8,22327.1
2022-06-04 00:17:40,57025.2,23020.7
2022-06-04 00:17:41,57099.9,22945.9
2022-06-04 00:17:42,56733.6,23312.4
2022-06-04 00:17:43,57641,22404.9
2022-06-04 00:17:44,57552.4,22493.5
2022-06-04 00:17:45,57980.2,22065.7
2022-06-04 00:17:46,57126.6,22919.2
2022-06-04 00:17:47,56724.6,23321.3
2022-06-04 00:17:48,56531.9,23514
2022-06-04 00:17:49,57036.5,23009.5
2022-06-04 00:17:50,56379.5,23666.5
2022-06-04 00:17:51,56576.7,23469.2
2022-06-04 00:17:52,56284.9,23761
2022-06-04 00:17:53,56491.6,23554.3
2022-06-04 00:17:54,57584.8,22461.1
2022-06-04 00:17:55,57526.5,22519.4
2022-06-04 00:17:56,58186,21859.8
2022-06-04 00:17:57,57525,22520.9
2022-06-04 00:17:58,57048.6,22997.3
2022-06-04 00:17:59,57064,22981.9
2022-06-04 00:18:00,57535,22510.9
2022-06-04 00:18:01,57651.7,22394.3
2022-06-04 00:18:02,56924.3,23121.5
2022-06-04 00:18:03,56405.5,23640.4
2022-06-04 00:18:04,55725.1,24320.9
2022-06-04 00:18:05,55644.2,24401.7
2022-06-04 00:18:06,55987.1,24058.8
2022-06-04 00:18:07,57050.6,22995.4
2022-06-04 00:18:08,58477.2,21568.8
2022-06-04 00:18:09,58189.5,21856.4
2022-06-04 00:18:10,57766.7,22279.2
2022-06-04 00:18:11,57570,22475.9
2022-06-04 00:18:12,57518.2,22527.6
2022-06-04 00:18:13,56875.2,23170.7
2022-06-04 00:18:14,57715.2,22330.9
2022-06-04 00:18:15,56842,23203.8
2022-06-04 00:18:16,56844.7,23201.3
2022-06-04 00:18:17,56690.3,23355.7
2022-06-04 00:18:18,55810.3,24235.6
2022-06-04 00:18:19,55738.7,24307.2
2022-06-04 00:18:20,56251.7,23794.2
2022-06-04 00:18:21,57052.5,22993.4
2022-06-04 00:18:22,57742,22303.9
2022-06-04 00:18:23,58840.7,21205.2
2022-06-04 00:18:24,58268.6,21777.3
2022-06-04 00:18:25,57214.5,22831.3
2022-06-04 00:18:26,56637.8,23408.2
2022-06-04 00:18:27,56354.5,23691.2
2022-06-04 00:18:28,56591.2,23454.7
2022-06-04 00:18:29,57034.7,23011.2
2022-06-04 00:18:30,57496.2,22549.8
2022-06-04 00:18:31,56447.6,23598.5
2022-06-04 00:18:32,56036.3,24009.7
2022-06-04 00:18:33,55745,24300.8
2022-06-04 00:18:34,56334.7,23711.3
2022-06-04 00:18:35,56242.6,23803.3
2022-06-04 00:18:36,57299.8,22746.1
2022-06-04 00:18:37,57664,22381.9
2022-06-04 00:18:38,57797.6,22248.4
2022-06-04 00:18:39,57933.9,22112.1
2022-06-04 00:18:40,58044,22001.9
2022-06-04 00:18:41,57059.8,22986.1
2022-06-04 00:18:42,56329.8,23716.1
2022-06-04 00:18:43,56410.7,23635.3
2022-06-04 00:18:44,56786.1,23259.8
2022-06-04 00:18:45,57248.3,22797.7
2022-06-04 00:18:46,56869.1,23176.9
2022-06-04 00:18:47,56166,23879.8
2022-06-04 00:18:48,55545.8,24500.2
2022-06-04 00:18:49,55417.1,24628.8
2022-06-04 00:18:50,56195.5,23850.5
2022-06-04 00:18:51,59484.8,20561
2022-06-04 00:18:52,58948.9,21097
2022-06-04 00:18:53,58173.1,21872.8
2022-06-04 00:18:54,57324.7,22721.1
2022-06-04 00:18:55,56490.6,23555.2
2022-06-04 00:18:56,56629.3,23416.6
2022-06-04 00:18:57,56757.3,23288.7
2022-06-04 00:18:58,56739.1,23306.9
2022-06-04 00:18:59,55987.5,24058.4
2022-06-04 00:19:00,56489.6,23556.1
2022-06-04 00:19:01,55933.8,24112.2
2022-06-04 00:19:02,55898,24148
2022-06-04 00:19:03,56339.6,23706.2
2022-06-04 00:19:04,56337.7,23708.2
2022-06-04 00:19:05,58321.9,21724.1
2022-06-04 00:19:06,58689.4,21356.5
2022-06-04 00:19:07,58076,21970
2022-06-04 00:19:08,57653.5,22392.4
2022-06-04 00:19:09,57096.3,22949.6
2022-06-04 00:19:10,56733.8,23312
2022-06-04 00:19:11,56726.7,23319.2
2022-06-04 00:19:12,56359.4,23686.6
2022-06-04 00:19:13,57009,23036.9
2022-06-04 00:19:14,56418.3,23627.6
2022-06-04 00:19:15,56905.5,23140.4
2022-06-04 00:19:16,56314.5,23731.5
2022-06-04 00:19:17,56706.4,23339.6
2022-06-04 00:19:18,56881,23165
2022-06-04 00:19:19,57925.8,22120.2
2022-06-04 00:19:20,58738.5,21307.5
2022-06-04 00:19:21,58067.9,21978.1
2022-06-04 00:19:22,57468.4,22577.5
2022-06-04 00:19:23,57111.2,22934.6
2022-06-04 00:19:24,57202.4,22843.7
2022-06-04 00:19:25,56880.7,23165.3
2022-06-04 00:19:26,56684.9,23361
2022-06-04 00:19:27,56175.6,23870.4
2022-06-04 00:19:28,56101.9,23944
2022-06-04 00:19:29,55883.4,24162.7
2022-06-04 00:19:30,56733.6,23312.3
2022-06-04 00:19:31,56546.6,23499.4
2022-06-04 00:19:32,56226.7,23819.1
2022-06-04 00:19:33,56578.1,23467.9
2022-06-04 00:19:34,57438.4,22607.6
2022-06-04 00:19:35,57774.8,22271.1
2022-06-04 00:19:36,58231.6,21814.4
2022-06-04 00:19:37,58374.1,21671.8
2022-06-04 00:19:38,57830,22216
2022-06-04 00:19:39,56898.5,23147.4
2022-06-04 00:19:40,56260.9,23785
2022-06-04 00:19:41,56331.2,23714.8
2022-06-04 00:19:42,56040.5,24005.5
2022-06-04 00:19:43,55940.8,24105
2022-06-04 00:19:44,56038.4,24007.5
2022-06-04 00:19:45,55861.7,24184.2
2022-06-04 00:19:46,56068.8,23977.1
2022-06-04 00:19:47,58269.3,21776.6
2022-06-04 00:19:48,58586,21459.9
2022-06-04 00:19:49,58799.1,21246.8
2022-06-04 00:19:50,58912.3,21133.7
2022-06-04 00:19:51,58189.8,21856.1
2022-06-04 00:19:52,57337.7,22708.3
2022-06-04 00:19:53,57364.4,22681.5
2022-06-04 00:19:54,56276.6,23769.3
2022-06-04 00:19:55,55723.9,24322
2022-06-04 00:19:56,55518,24527.8
2022-06-04 00:19:57,55509.5,24536.4
2022-06-04 00:19:58,56183,23863
2022-06-04 00:19:59,56308.3,23737.8
2022-06-04 00:20:00,58196.2,21849.7
2022-06-04 00:20:01,58783.2,21262.8
2022-06-04 00:20:02,57975.9,22070.1
2022-06-04 00:20:03,58467.5,21578.4
2022-06-04 00:20:04,58250.8,21795
2022-06-04 00:20:05,58108,21937.8
2022-06-04 00:20:06,57364.6,22681.3
2022-06-04 00:20:07,56938.6,23107.3
2022-06-04 00:20:08,56484.1,23561.9
2022-06-04 00:20:09,55779.9,24266
2022-06-04 00:20:10,55683.1,24362.9
2022-06-04 00:20:11,55417.2,24628.8
2022-06-04 00:20:12,56756,23290
2022-06-04 00:20:13,56821.4,23224.5
2022-06-04 00:20:14,57432,22614
2022-06-04 00:20:15,58166.1,21879.7
2022-06-04 00:20:16,57794.5,22251.5
2022-06-04 00:20:17,57396.2,22649.7
2022-06-04 00:20:18,56416,23629.9
2022-06-04 00:20:19,57778.1,22267.8
2022-06-04 00:20:20,58407.2,21638.7
2022-06-04 00:20:21,57420.8,22625.1
2022-06-04 00:20:22,57266.7,22779.3
2022-06-04 00:20:23,56658.8,23387.1
2022-06-04 00:20:24,56435.3,23610.5
2022-06-04 00:20:25,56882.7,23163.3
2022-06-04 00:20:26,56369.5,23676.5
2022-06-04 00:20:27,56168,23877.9
2022-06-04 00:20:28,56152.4,23893.5
2022-06-04 00:20:29,56412.8,23633
2022-06-04 00:20:30,57055.6,22990.3
2022-06-04 00:20:31,57214,22831.9
2022-06-04 00:20:32,57363.9,22682.1
2022-06-04 00:20:33,58082.9,21962.9
2022-06-04 00:20:34,58600.9,21445
2022-06-04 00:20:35,57842.3,22203.6
2022-06-04 00:20:36,57301.1,22744.8
2022-06-04 00:20:37,56940.4,23105.6
2022-06-04 00:20:38,57631.7,22414.1
2022-06-04 00:20:39,56676.1,23369.8
2022-06-04 00:20:40,55691.3,24354.7
2022-06-04 00:20:41,55074,24972
2022-06-04 00:20:42,55694.9,24351.1
2022-06-04 00:20:43,54883.5,25162.5
2022-06-04 00:20:44,57257.9,22788
2022-06-04 00:20:45,58443.3,21602.5
2022-06-04 00:20:46,58056,21989.9
2022-06-04 00:20:47,57546.4,22499.5
2022-06-04 00:20:48,58022.8,22023.1
2022-06-04 00:20:49,57968.2,22077.6
2022-06-04 00:20:50,57431.7,22614.2
2022-06-04 00:20:51,57433.4,22612.4
2022-06-04 00:20:52,56802.1,23243.8
2022-06-04 00:20:53,55749.8,24295.9
2022-06-04 00:20:54,55060.2,24985.8
2022-06-04 00:20:55,55651.3,24394.7
2022-06-04 00:20:56,56590.5,23455.5
2022-06-04 00:20:57,56660.5,23385.5
2022-06-04 00:20:58,57562.7,22483.3
2022-06-04 00:20:59,57028.3,23017.6
2022-06-04 00:21:00,57231.8,22814.2
2022-06-04 00:21:01,57615.7,22430.4
2022-06-04 00:21:02,57382.7,22663.2
2022-06-04 00:21:03,58663.1,21382.8
2022-06-04 00:21:04,57583.1,22462.8
2022-06-04 00:21:05,56375.6,23670.4
2022-06-04 00:21:06,56753.5,23292.5
2022-06-04 00:21:07,56416.3,23629.7
2022-06-04 00:21:08,56283.4,23762.6
2022-06-04 00:21:09,56754.3,23291.5
2022-06-04 00:21:10,56806.5,23239.4
2022-06-04 00:21:11,56382.8,23663
2022-06-04 00:21:12,56075.7,23970.2
2022-06-04 00:21:13,57257.5,22788.5
2022-06-04 00:21:14,57148.3,22897.6
2022-06-04 00:21:15,56783.6,23262.4
2022-06-04 00:21:16,56841.2,23204.8
2022-06-04 00:21:17,57447.3,22598.8
2022-06-04 00:21:18,58097.1,21948.8
2022-06-04 00:21:19,57850,22196
2022-06-04 00:21:20,57650.8,22395.2
2022-06-04 00:21:21,57057,22989
2022-06-04 00:21:22,56674.4,23371.6
2022-06-04 00:21:23,56771.2,23274.7
2022-06-04 00:21:24,56148.5,23897.4
2022-06-04 00:21:25,56298,23748
2022-06-04 00:21:26,55799.1,24246.8
2022-06-04 00:21:27,56916.1,23129.8
2022-06-04 00:21:28,56064.5,23981.5
2022-06-04 00:21:29,57295,22751
2022-06-04 00:21:30,58307.5,21738.5
2022-06-04 00:21:31,57699.8,22346.1
2022-06-04 00:21:32,58522.5,21523.4
2022-06-04 00:21:33,57613.1,22432.8
2022-06-04 00:21:34,57947.3,22098.7
2022-06-04 00:21:35,56999.8,23046.2
2022-06-04 00:21:36,56260.9,23784.9
2022-06-04 00:21:37,55201.3,24844.5
2022-06-04 00:21:38,54994.4,25051.6
2022-06-04 00:21:39,55294.8,24751.2
2022-06-04 00:21:40,57257.7,22788.1
2022-06-04 00:21:41,58072.6,21973.3
2022-06-04 00:21:42,57309.3,22736.6
2022-06-04 00:21:43,57087,22959
2022-06-04 00:21:44,56927.4,23118.5
2022-06-04 00:21:45,58058.4,21987.4
2022-06-04 00:21:46,58082.5,21963.4
2022-06-04 00:21:47,57162.5,22883.4
2022-06-04 00:21:48,57553.1,22492.8
2022-06-04 00:21:49,56901.6,23144.3
2022-06-04 00:21:50,56462.1,23583.9
2022-06-04 00:21:51,55503,24543
2022-06-04 00:21:52,56441.4,23604.6
2022-06-04 00:21:53,57435,22611
2022-06-04 00:21:54,57345,22701.1
2022-06-04 00:21:55,56892.2,23153.7
2022-06-04 00:21:56,57152.2,22893.7
2022-06-04 00:21:57,57046.8,22999.2
2022-06-04 00:21:58,57163.1,22882.8
2022-06-04 00:21:59,57140.3,22905.6
2022-06-04 00:22:00,56997.5,23048.4
2022-06-04 00:22:01,57714.3,22331.7
2022-06-04 00:22:02,57270.8,22775.2
2022-06-04 00:22:03,57120.6,22925.3
2022-06-04 00:22:04,57496.1,22549.8
2022-06-04 00:22:05,57270,22776
2022-06-04 00:22:06,57270.3,22775.6
2022-06-04 00:22:07,57040.8,23005.1
2022-06-04 00:22:08,57058.8,22987.1
2022-06-04 00:22:09,57072.5,22973.4
2022-06-04 00:22:10,56490.6,23555.3
2022-06-04 00:22:11,56365.6,23680.4
2022-06-04 00:22:12,56369.9,23675.9
2022-06-04 00:22:13,56011.1,24034.8
2022-06-04 00:22:14,56664.6,23381.4
2022-06-04 00:22:15,58150.5,21895.5
2022-06-04 00:22:16,57473.5,22572.4
2022-06-04 00:22:17,57796.8,22249.1
2022-06-04 00:22:18,58295.5,21750.5
2022-06-04 00:22:19,57614.7,22431.2
2022-06-04 00:22:20,57084.3,22961.6
2022-06-04 00:22:21,57188.6,22857.3
2022-06-04 00:22:22,57089.3,22956.7
2022-06-04 00:22:23,57056,22989.9
2022-06-04 00:22:24,55893.9,24152.1
2022-06-04 00:22:25,55943.2,24102.7
2022-06-04 00:22:26,55515.8,24530.1
2022-06-04 00:22:27,56130.5,23915.3
2022-06-04 00:22:28,56390.2,23655.8
2022-06-04 00:22:29,57183.4,22862.4
2022-06-04 00:22:30,57840.4,22205.6
2022-06-04 00:22:31,57863.4,22182.5
2022-06-04 00:22:32,58210.4,21835.6
2022-06-04 00:22:33,57494.9,22551.1
2022-06-04 00:22:34,57509.3,22536.7
2022-06-04 00:22:35,56787.8,23258.2
2022-06-04 00:22:36,56736.7,23309.2
2022-06-04 00:22:37,57094.1,22951.8
2022-06-04 00:22:38,56516.8,23529.2
2022-06-04 00:22:39,56577.7,23468.2
2022-06-04 00:22:40,56859.4,23186.4
2022-06-04 00:22:41,56873.8,23172.2
2022-06-04 00:22:42,56181.2,23864.8
2022-06-04 00:22:43,55833.5,24212.5
2022-06-04 00:22:44,56833,23213
2022-06-04 00:22:45,57529.7,22516.2
2022-06-04 00:22:46,57856.5,22189.4
2022-06-04 00:22:47,58332.9,21713
2022-06-04 00:22:48,57620.4,22425.5
2022-06-04 00:22:49,57400.9,22644.9
2022-06-04 00:22:50,57444.8,22601.2
2022-06-04 00:22:51,57347.2,22698.8
2022-06-04 00:22:52,56628.2,23417.8
2022-06-04 00:22:53,56839.4,23206.6
2022-06-04 00:22:54,56760.2,23285.8
2022-06-04 00:22:55,56716.1,23329.8
2022-06-04 00:22:56,57101.8,22944.2
2022-06-04 00:22:57,56232.8,23813
2022-06-04 00:22:58,56690.4,23355.5
2022-06-04 00:22:59,56858.3,23187.6
2022-06-04 00:23:00,57785,22261
2022-06-04 00:23:01,58166.8,21879.1
2022-06-04 00:23:02,57662.7,22383.3
2022-06-04 00:23:03,56997.6,23048.5
2022-06-04 00:23:04,56664.2,23381.7
2022-06-04 00:23:05,56848,23197.9
2022-06-04 00:23:06,57139,22907
2022-06-04 00:23:07,57271.2,22774.6
2022-06-04 00:23:08,57238.5,22807.4
2022-06-04 00:23:09,56726.6,23319.3
2022-06-04 00:23:10,57049.7,22996.1
2022-06-04 00:23:11,56734.3,23311.6
2022-06-04 00:23:12,56512.8,23533.1
2022-06-04 00:23:13,56926.4,23119.5
2022-06-04 00:23:14,57005.5,23040.5
2022-06-04 00:23:15,57415.4,22630.6
2022-06-04 00:23:16,57665,22380.9
2022-06-04 00:23:17,57180.5,22865.4
2022-06-04 00:23:18,57186.8,22859.1
2022-06-04 00:23:19,58066.1,21979.8
2022-06-04 00:23:20,57753.1,22292.7
2022-06-04 00:23:21,57852.6,22193.3
2022-06-04 00:23:22,57546.1,22499.8
2022-06-04 00:23:23,56901.8,23144.1
2022-06-04 00:23:24,56423.1,23622.8
2022-06-04 00:23:25,56280.8,23765.2
2022-06-04 00:23:26,56026.1,24019.7
2022-06-04 00:23:27,55526.6,24519.3
2022-06-04 00:23:28,55930.3,24115.7
2022-06-04 00:23:29,55247.5,24798.4
2022-06-04 00:23:30,56087.5,23958.5
2022-06-04 00:23:31,58245.1,21800.7
2022-06-04 00:23:32,59005.7,21040.2
2022-06-04 00:23:33,58773.6,21272.3
2022-06-04 00:23:34,58316.6,21729.3
2022-06-04 00:23:35,57291,22754.9
2022-06-04 00:23:36,56876.2,23169.8
2022-06-04 00:23:37,56328.1,23717.9
2022-06-04 00:23:38,55704.5,24341.5
2022-06-04 00:23:39,55282.8,24763.2
2022-06-04 00:23:40,55153.9,24892
2022-06-04 00:23:41,55095,24951
2022-06-04 00:23:42,55918.1,24127.8
2022-06-04 00:23:43,57194.2,22851.6
2022-06-04 00:23:44,58925.6,21120.3
2022-06-04 00:23:45,59442.7,20603.3
2022-06-04 00:23:46,59037.3,21008.6
2022-06-04 00:23:47,58876.3,21169.6
2022-06-04 00:23:48,58196.8,21849.1
2022-06-04 00:23:49,57533.8,22512.2
2022-06-04 00:23:50,56379.3,23666.6
2022-06-04 00:23:51,55276.3,24769.6
2022-06-04 00:23:52,54836.6,25209.3
2022-06-04 00:23:53,55441.2,24604.7
2022-06-04 00:23:54,56193.8,23852.2
2022-06-04 00:23:55,57327.1,22718.8
2022-06-04 00:23:56,57531.7,22514.2
2022-06-04 00:23:57,57397.1,22648.9
2022-06-04 00:23:58,57400.2,22645.8
2022-06-04 00:23:59,58376.5,21669.5
2022-06-04 00:24:00,58383.5,21662.4
2022-06-04 00:24:01,57981.3,22064.7
2022-06-04 00:24:02,57139.9,22906.1
2022-06-04 00:24:03,55943.2,24102.8
2022-06-04 00:24:04,55633.4,24412.5
2022-06-04 00:24:05,55547,24499
2022-06-04 00:24:06,55624.7,24421.2
2022-06-04 00:24:07,56608.8,23437.1
2022-06-04 00:24:08,57200,22846
2022-06-04 00:24:09,57423.1,22622.8
2022-06-04 00:24:10,57737.2,22308.7
2022-06-04 00:24:11,57829.9,22216
2022-06-04 00:24:12,57545.7,22500.1
2022-06-04 00:24:13,57155.1,22890.8
2022-06-04 00:24:14,56902.5,23143.4
2022-06-04 00:24:15,56744.4,23301.5
2022-06-04 00:24:16,57368.1,22677.9
2022-06-04 00:24:17,57459.3,22586.7
2022-06-04 00:24:18,56396.2,23649.8
2022-06-04 00:24:19,57010.8,23035.1
2022-06-04 00:24:20,56216.6,23829.4
2022-06-04 00:24:21,56482.4,23563.5
2022-06-04 00:24:22,57161.4,22884.5
2022-06-04 00:24:23,57188.8,22857.1
2022-06-04 00:24:24,56743.6,23302.3
2022-06-04 00:24:25,56595.1,23450.8
2022-06-04 00:24:26,56764.6,23281.3
2022-06-04 00:24:27,56622.1,23423.8
2022-06-04 00:24:28,56657.1,23388.8
2022-06-04 00:24:29,57686,22359.9
2022-06-04 00:24:30,57139.6,22906.4
2022-06-04 00:24:31,57715,22331
2022-06-04 00:24:32,57030.9,23015.1
2022-06-04 00:24:33,56624.5,23421.4
2022-06-04 00:24:34,57223.8,22822.1
2022-06-04 00:24:35,57093.4,22952.5
2022-06-04 00:24:36,56777.2,23268.7
2022-06-04 00:24:37,56812.3,23233.7
2022-06-04 00:24:38,56822.2,23223.7
2022-06-04 00:24:39,56584.6,23461.4
2022-06-04 00:24:40,57965.8,22080.1
2022-06-04 00:24:41,57019.1,23026.8
2022-06-04 00:24:42,57016.8,23029.2
2022-06-04 00:24:43,56579.2,23466.7
2022-06-04 00:24:44,56908.7,23137.3
2022-06-04 00:24:45,57017.8,23028.2
2022-06-04 00:24:46,57744.9,22300.9
2022-06-04 00:24:47,57829.6,22216.4
2022-06-04 00:24:48,57591.9,22454.1
2022-06-04 00:24:49,57134.8,22911.1
2022-06-04 00:24:50,57228,22818
2022-06-04 00:24:51,57611.6,22434.3
2022-06-04 00:24:52,56963.5,23082.4
2022-06-04 00:24:53,56373.4,23672.6
2022-06-04 00:24:54,56343.3,23702.7
2022-06-04 00:24:55,56367.4,23678.5
2022-06-04 00:24:56,57520.3,22525.6
2022-06-04 00:24:57,57269.3,22776.7
2022-06-04 00:24:58,56962.5,23083.4
2022-06-04 00:24:59,57689.2,22356.8
2022-06-04 00:25:00,57145.4,22900.6
2022-06-04 00:25:01,57685.5,22360.4
2022-06-04 00:25:02,57348.4,22697.6
2022-06-04 00:25:03,57484.8,22561.1
2022-06-04 00:25:04,57106.8,22939.1
2022-06-04 00:25:05,56883.3,23162.7
2022-06-04 00:25:06,56057.2,23988.9
2022-06-04 00:25:07,56015.2,24030.8
2022-06-04 00:25:08,56464.5,23581.4
2022-06-04 00:25:09,56998.7,23047.2
2022-06-04 00:25:10,57555.1,22490.9
2022-06-04 00:25:11,58276.2,21769.7
2022-06-04 00:25:12,58552.1,21493.7
2022-06-04 00:25:13,58078.8,21967
2022-06-04 00:25:14,57555.3,22490.6
2022-06-04 00:25:15,56995.7,23050.2
2022-06-04 00:25:16,56268.8,23777.1
2022-06-04 00:25:17,56032.1,24013.9
2022-06-04 00:25:18,55875.8,24170.3
2022-06-04 00:25:19,55581.1,24464.8
2022-06-04 00:25:20,56070.2,23975.6
2022-06-04 00:25:21,56713.7,23332.3
2022-06-04 00:25:22,57604.9,22441
2022-06-04 00:25:23,58237.9,21808
2022-06-04 00:25:24,58362.3,21683.7
2022-06-04 00:25:25,59133.6,20912.3
2022-06-04 00:25:26,58267,21779
2022-06-04 00:25:27,57424.1,22621.8
2022-06-04 00:25:28,56307.7,23738.2
2022-06-04 00:25:29,55809.2,24236.7
2022-06-04 00:25:30,55214.5,24831.4
2022-06-04 00:25:31,55199.3,24846.7
2022-06-04 00:25:32,55910.3,24135.6
2022-06-04 00:25:33,56434.5,23611.5
2022-06-04 00:25:34,57966.6,22079.4
2022-06-04 00:25:35,58424.4,21621.5
2022-06-04 00:25:36,58678.2,21367.7
2022-06-04 00:25:37,58234.9,21811.1
2022-06-04 00:25:38,58186.8,21859
2022-06-04 00:25:39,57340.5,22705.4
2022-06-04 00:25:40,57737.2,22308.7
2022-06-04 00:25:41,56734.3,23311.6
2022-06-04 00:25:42,55973.1,24073
2022-06-04 00:25:43,55511.1,24534.8
2022-06-04 00:25:44,55613.6,24432.3
2022-06-04 00:25:45,55696.3,24349.5
2022-06-04 00:25:46,56606.8,23439.1
2022-06-04 00:25:47,58061.5,21984.4
2022-06-04 00:25:48,58257.4,21788.4
2022-06-04 00:25:49,57437,22609
2022-06-04 00:25:50,58088.4,21957.5
2022-06-04 00:25:51,57651.9,22394
2022-06-04 00:25:52,57604.4,22441.5
2022-06-04 00:25:53,57558.9,22487
2022-06-04 00:25:54,57166.6,22879.3
2022-06-04 00:25:55,56378.1,23667.7
2022-06-04 00:25:56,56045.1,24000.9
2022-06-04 00:25:57,55980,24066
2022-06-04 00:25:58,56212.5,23833.5
2022-06-04 00:25:59,56943.5,23102.4
2022-06-04 00:26:00,57166.6,22879.2
2022-06-04 00:26:01,57390.7,22655.1
2022-06-04 00:26:02,57263.3,22782.6
2022-06-04 00:26:03,57145.7,22900.2
2022-06-04 00:26:04,56903.1,23142.8
2022-06-04 00:26:05,56965.2,23080.8
2022-06-04 00:26:06,57227.6,22818.3
2022-06-04 00:26:07,56879.8,23166.1
2022-06-04 00:26:08,57395.8,22650.1
2022-06-04 00:26:09,57228.3,22817.6
2022-06-04 00:26:10,57069.6,22976.4
2022-06-04 00:26:11,56847,23199
2022-06-04 00:26:12,56933.5,23112.3
2022-06-04 00:26:13,56971.7,23074.4
2022-06-04 00:26:14,57191.7,22854.2
2022-06-04 00:26:15,56523.2,23522.7
2022-06-04 00:26:16,56545.1,23500.9
2022-06-04 00:26:17,56457.3,23588.6
2022-06-04 00:26:18,57318.2,22727.8
2022-06-04 00:26:19,57331.7,22714.2
2022-06-04 00:26:20,58116.4,21929.5
2022-06-04 00:26:21,57312,22733.9
2022-06-04 00:26:22,56770,23275.9
2022-06-04 00:26:23,56389.2,23656.9
2022-06-04 00:26:24,57177.7,22868.2
2022-06-04 00:26:25,58399.8,21646
2022-06-04 00:26:26,57347.1,22698.8
2022-06-04 00:26:27,57380.2,22665.8
2022-06-04 00:26:28,56431,23614.9
2022-06-04 00:26:29,56518.5,23527.4
2022-06-04 00:26:30,56006.8,24039.1
2022-06-04 00:26:31,56200.6,23845.2
2022-06-04 00:26:32,57130.3,22915.6
2022-06-04 00:26:33,57277.2,22768.8
2022-06-04 00:26:34,57959.3,22086.5
2022-06-04 00:26:35,57317,22729
2022-06-04 00:26:36,57185.1,22860.9
2022-06-04 00:26:37,57846.6,22199.3
2022-06-04 00:26:38,57284.1,22761.7
2022-06-04 00:26:39,56650.3,23395.5
2022-06-04 00:26:40,56946.6,23099.4
2022-06-04 00:26:41,57306.2,22739.7
2022-06-04 00:26:42,58026,22019.9
2022-06-04 00:26:43,56927.6,23118.2
2022-06-04 00:26:44,56008.1,24037.8
2022-06-04 00:26:45,55258.2,24787.8
2022-06-04 00:26:46,55107.2,24938.7
2022-06-04 00:26:47,55925,24120.9
2022-06-04 00:26:48,57793,22252.8
2022-06-04 00:26:49,58049.2,21996.8
2022-06-04 00:26:50,58473.1,21572.9
2022-06-04 00:26:51,57468.2,22577.7
2022-06-04 00:26:52,57512.8,22533
2022-06-04 00:26:53,57710.5,22335.4
2022-06-04 00:26:54,58053.4,21992.5
2022-06-04 00:26:55,57369.1,22676.9
2022-06-04 00:26:56,57041.4,23004.6
2022-06-04 00:26:57,56503.4,23542.6
2022-06-04 00:26:58,55073.2,24972.7
2022-06-04 00:26:59,54427.7,25618.2
2022-06-04 00:27:00,55178.5,24867.4
2022-06-04 00:27:01,56051.7,23994.3
2022-06-04 00:27:02,57429.1,22616.8
2022-06-04 00:27:03,59153.6,20892.4
2022-06-04 00:27:04,58901.1,21145
2022-06-04 00:27:05,58623,21422.9
2022-06-04 00:27:06,57759.3,22286.7
2022-06-04 00:27:07,57091.3,22954.6
2022-06-04 00:27:08,56681.5,23364.4
2022-06-04 00:27:09,56379.9,23666.1
2022-06-04 00:27:10,56034.5,24011.4
2022-06-04 00:27:11,56143.6,23902.3
2022-06-04 00:27:12,55604.5,24441.5
2022-06-04 00:27:13,55567.1,24478.8
2022-06-04 00:27:14,56634.8,23411
2022-06-04 00:27:15,57622.6,22423.2
2022-06-04 00:27:16,57585.9,22460
2022-06-04 00:27:17,57873.9,22171.9
2022-06-04 00:27:18,58512.9,21533
2022-06-04 00:27:19,58180.6,21865.4
2022-06-04 00:27:20,57096.2,22949.8
2022-06-04 00:27:21,56270.8,23775
2022-06-04 00:27:22,56170.9,23875.1
2022-06-04 00:27:23,55980.8,24065.1
2022-06-04 00:27:24,56396.4,23649.6
2022-06-04 00:27:25,56555,23491
2022-06-04 00:27:26,57734.8,22311.1
2022-06-04 00:27:27,57703.2,22342.6
2022-06-04 00:27:28,56983,23062.9
2022-06-04 00:27:29,57096.8,22949.3
2022-06-04 00:27:30,56934.9,23111.1
2022-06-04 00:27:31,56656.9,23389.1
2022-06-04 00:27:32,56615.8,23430.1
2022-06-04 00:27:33,57237.3,22808.5
2022-06-04 00:27:34,56567.1,23478.9
2022-06-04 00:27:35,56274,23772
2022-06-04 00:27:36,56838.5,23207.5
2022-06-04 00:27:37,56898.7,23147.3
2022-06-04 00:27:38,58123.6,21922.3
2022-06-04 00:27:39,58787.2,21258.7
2022-06-04 00:27:40,58391.2,21654.7
2022-06-04 00:27:41,57707.2,22338.7
2022-06-04 00:27:42,56949.2,23096.7
2022-06-04 00:27:43,56002,24044
2022-06-04 00:27:44,55811.2,24234.6
2022-06-04 00:27:45,55924.6,24121.4
2022-06-04 00:27:46,55536.3,24509.5
2022-06-04 00:27:47,55678,24368
2022-06-04 00:27:48,56737,23309
2022-06-04 00:27:49,56760.7,23285.2
2022-06-04 00:27:50,57266.1,22779.8
2022-06-04 00:27:51,58683.9,21362.1
2022-06-04 00:27:52,58562.4,21483.5
2022-06-04 00:27:53,58000.9,22045
2022-06-04 00:27:54,57551.6,22494.4
2022-06-04 00:27:55,56832.9,23213.1
2022-06-04 00:27:56,56241.6,23804.3
2022-06-04 00:27:57,55923.2,24122.7
2022-06-04 00:27:58,56680.9,23365.1
2022-06-04 00:27:59,56172.1,23873.8
2022-06-04 00:28:00,55976.3,24069.5
2022-06-04 00:28:01,56274.4,23771.6
2022-06-04 00:28:02,56156.5,23889.4
2022-06-04 00:28:03,57119.4,22926.5
2022-06-04 00:28:04,57964.3,22081.5
2022-06-04 00:28:05,57774.5,22271.5
2022-06-04 00:28:06,57527,22518.9
2022-06-04 00:28:07,57718.2,22327.6
2022-06-04 00:28:08,57144.6,22901.3
2022-06-04 00:28:09,57336,22709.9
2022-06-04 00:28:10,57498.8,22547.2
2022-06-04 00:28:11,56866.1,23179.8
2022-06-04 00:28:12,56331.6,23714.4
2022-06-04 00:28:13,55995.3,24050.7
2022-06-04 00:28:14,55608.7,24437.2
2022-06-04 00:28:15,55893.6,24152.2
2022-06-04 00:28:16,57046.6,22999.3
2022-06-04 00:28:17,57335.8,22710.1
2022-06-04 00:28:18,56934.1,23111.8
2022-06-04 00:28:19,57299.4,22746.5
2022-06-04 00:28:20,57849.2,22196.7
2022-06-04 00:28:21,58186.1,21859.9
2022-06-04 00:28:22,58143.6,21902.3
2022-06-04 00:28:23,57862.6,22183.3
2022-06-04 00:28:24,56719.5,23326.4
2022-06-04 00:28:25,56090.5,23955.3
2022-06-04 00:28:26,55840.9,24205
2022-06-04 00:28:27,55402,24644
2022-06-04 00:28:28,54976.4,25069.5
2022-06-04 00:28:29,57454.4,22591.4
2022-06-04 00:28:30,57087.2,22958.7
2022-06-04 00:28:31,56980.8,23065
2022-06-04 00:28:32,57100.8,22945.1
2022-06-04 00:28:33,57051.4,22994.5
2022-06-04 00:28:34,57981.9,22064
2022-06-04 00:28:35,58039.7,22006.3
2022-06-04 00:28:36,57597.7,22448.3
2022-06-04 00:28:37,57068.3,22977.6
2022-06-04 00:28:38,56294.8,23751.1
2022-06-04 00:28:39,56807.6,23238.4
2022-06-04 00:28:40,56591,23454.9
2022-06-04 00:28:41,56049.4,23996.4
2022-06-04 00:28:42,56391.3,23654.7
2022-06-04 00:28:43,56194.4,23851.5
2022-06-04 00:28:44,56757.9,23288.1
2022-06-04 00:28:45,58400.4,21645.6
2022-06-04 00:28:46,57712.2,22333.7
2022-06-04 00:28:47,57212.6,22833.3
2022-06-04 00:28:48,57323.9,22722
2022-06-04 00:28:49,56747.6,23298.3
2022-06-04 00:28:50,56685.4,23360.5
2022-06-04 00:28:51,57111.9,22933.9
2022-06-04 00:28:52,56570.8,23475.1
2022-06-04 00:28:53,56496.1,23549.9
2022-06-04 00:28:54,56125.3,23920.7
2022-06-04 00:28:55,56390.9,23655.1
2022-06-04 00:28:56,57069.4,22976.5
2022-06-04 00:28:57,57753.2,22292.7
2022-06-04 00:28:58,57776,22270
2022-06-04 00:28:59,56844.4,23201.6
2022-06-04 00:29:00,57079.1,22966.8
2022-06-04 00:29:01,57080.1,22965.7
2022-06-04 00:29:02,56880.3,23165.7
2022-06-04 00:29:03,56938.8,23107.1
2022-06-04 00:29:04,56801.4,23244.5
2022-06-04 00:29:05,56760.1,23285.8
2022-06-04 00:29:06,57062.1,22983.9
2022-06-04 00:29:07,56819.4,23226.6
2022-06-04 00:29:08,57960.8,22085.1
2022-06-04 00:29:09,57503.1,22542.8
2022-06-04 00:29:10,56606.1,23439.9
2022-06-04 00:29:11,57491.4,22554.5
2022-06-04 00:29:12,57755.9,22290.1
2022-06-04 00:29:13,56837.3,23208.6
2022-06-04 00:29:14,56349.2,23696.7
2022-06-04 00:29:15,57118.8,22927.1
2022-06-04 00:29:16,56382.3,23663.5
2022-06-04 00:29:17,56085.2,23960.7
2022-06-04 00:29:18,56900.8,23145.2
2022-06-04 00:29:19,57198.3,22847.7
2022-06-04 00:29:20,57706.7,22339.4
2022-06-04 00:29:21,58005.1,22040.9
2022-06-04 00:29:22,57011.3,23034.6
2022-06-04 00:29:23,56899.1,23146.7
2022-06-04 00:29:24,56602.5,23443.3
2022-06-04 00:29:25,56554.1,23491.8
2022-06-04 00:29:26,56798.4,23247.6
2022-06-04 00:29:27,56604.3,23441.6
2022-06-04 00:29:28,56659.9,23386.1
2022-06-04 00:29:29,57060.3,22985.6
2022-06-04 00:29:30,57919.1,22126.9
2022-06-04 00:29:31,57311.3,22734.6
2022-06-04 00:29:32,57188.9,22857
2022-06-04 00:29:33,57274.2,22771.8
2022-06-04 00:29:34,57535.1,22510.8
2022-06-04 00:29:35,57299.4,22746.5
2022-06-04 00:29:36,57220.8,22825.1
2022-06-04 00:29:37,56473.6,23572.3
2022-06-04 00:29:38,55898.6,24147.2
2022-06-04 00:29:39,55676.2,24369.8
2022-06-04 00:29:40,56337.8,23708.1
2022-06-04 00:29:41,57227.1,22818.9
2022-06-04 00:29:42,57797.7,22248.4
2022-06-04 00:29:43,57377.6,22668.3
2022-06-04 00:29:44,57770.9,22274.9
2022-06-04 00:29:45,57658.4,22387.5
2022-06-04 00:29:46,58035.8,22010.1
2022-06-04 00:29:47,57966.7,22079.3
2022-06-04 00:29:48,57229.9,22816
2022-06-04 00:29:49,56258.6,23787.3
2022-06-04 00:29:50,55553.7,24492.2
2022-06-04 00:29:51,55546.7,24499.1
2022-06-04 00:29:52,55634.8,24411.1
2022-06-04 00:29:53,56483.5,23562.4
2022-06-04 00:29:54,57716.4,22329.5
2022-06-04 00:29:55,58023,22023
2022-06-04 00:29:56,58326.1,21719.9
2022-06-04 00:29:57,58078.6,21967.4
2022-06-04 00:29:58,57601.7,22444.2
2022-06-04 00:29:59,57525,22520.9
2022-06-04 00:30:00,57254.7,22791.2
2022-06-04 00:30:01,56474.7,23571.2
2022-06-04 00:30:02,55957.5,24088.3
2022-06-04 00:30:03,55414,24632
2022-06-04 00:30:04,55804.3,24241.7
2022-06-04 00:30:05,55505.9,24540.1
2022-06-04 00:30:06,56635.4,23410.4
2022-06-04 00:30:07,58337.7,21708.2
2022-06-04 00:30:08,58324.9,21721
2022-06-04 00:30:09,58218.8,21827
2022-06-04 00:30:10,58612.8,21433.1
2022-06-04 00:30:11,57858.7,22187.2
2022-06-04 00:30:12,57152.8,22893.1
2022-06-04 00:30:13,55980.6,24065.4
2022-06-04 00:30:14,56743.9,23302
2022-06-04 00:30:15,56138.2,23907.7
2022-06-04 00:30:16,56052.2,23993.6
2022-06-04 00:30:17,55973.2,24072.7
2022-06-04 00:30:18,56535.7,23510.3
2022-06-04 00:30:19,57114.6,22931.4
2022-06-04 00:30:20,57932.7,22113.2
2022-06-04 00:30:21,57282.1,22763.9
2022-06-04 00:30:22,58142.7,21903.1
2022-06-04 00:30:23,58302.3,21743.6
2022-06-04 00:30:24,58017.2,22028.8
2022-06-04 00:30:25,57614.8,22431.2
2022-06-04 00:30:26,57330.4,22715.6
2022-06-04 00:30:27,56831.3,23214.7
2022-06-04 00:30:28,56482.7,23563.1
2022-06-04 00:30:29,56195.3,23850.6
2022-06-04 00:30:30,56602.2,23443.8
2022-06-04 00:30:31,56294.9,23751
2022-06-04 00:30:32,56599,23446.7
2022-06-04 00:30:33,56943.5,23102.5
2022-06-04 00:30:34,57290.8,22755.2
2022-06-04 00:30:35,57353.4,22692.4
2022-06-04 00:30:36,57654.6,22391.4
2022-06-04 00:30:37,58353,21692.9
2022-06-04 00:30:38,57955.9,22090
2022-06-04 00:30:39,57794.1,22251.8
2022-06-04 00:30:40,57332.8,22713.1
2022-06-04 00:30:41,56803,23243
2022-06-04 00:30:42,56140.7,23905.2
2022-06-04 00:30:43,56090.9,23955.1
2022-06-04 00:30:44,55635.9,24410
2022-06-04 00:30:45,56372.6,23673.3
2022-06-04 00:30:46,56526.5,23519.4
2022-06-04 00:30:47,57374.1,22671.8
2022-06-04 00:30:48,56891,23155
2022-06-04 00:30:49,57060.3,22985.5
2022-06-04 00:30:50,57335,22711
2022-06-04 00:30:51,57890.4,22155.6
2022-06-04 00:30:52,58598.1,21447.8
2022-06-04 00:30:53,57488.4,22557.4
2022-06-04 00:30:54,57022.9,23023
2022-06-04 00:30:55,56120.6,23925.4
2022-06-04 00:30:56,55507.4,24538.6
2022-06-04 00:30:57,56070.9,23975
2022-06-04 00:30:58,57022.6,23023.4
2022-06-04 00:30:59,57427.3,22618.7
2022-06-04 00:31:00,57073.2,22972.7
2022-06-04 00:31:01,57030.6,23015.3
2022-06-04 00:31:02,57295.4,22750.5
2022-06-04 00:31:03,57453.7,22592.3
2022-06-04 00:31:04,57071.1,22974.8
2022-06-04 00:31:05,57280.5,22765.5
2022-06-04 00:31:06,57512.3,22533.6
2022-06-04 00:31:07,56965.1,23080.9
2022-06-04 00:31:08,57319.7,22726.3
2022-06-04 00:31:09,56375.5,23670.4
2022-06-04 00:31:10,57233.2,22812.8
2022-06-04 00:31:11,57544.2,22501.8
2022-06-04 00:31:12,56703.1,23342.9
2022-06-04 00:31:13,56907,23139
2022-06-04 00:31:14,56218.2,23827.8
2022-06-04 00:31:15,57003,23042.9
2022-06-04 00:31:16,56742.8,23303.1
2022-06-04 00:31:17,56543.9,23502.1
2022-06-04 00:31:18,56305.2,23740.8
2022-06-04 00:31:19,56685.2,23360.8
2022-06-04 00:31:20,57244.4,22801.5
2022-06-04 00:31:21,57538,22507.9
2022-06-04 00:31:22,58137.9,21907.9
2022-06-04 00:31:23,58388.1,21657.7
2022-06-04 00:31:24,58100.4,21945.4
2022-06-04 00:31:25,57472.5,22573.4
2022-06-04 00:31:26,57442.5,22603.4
2022-06-04 00:31:27,56371,23674.9
2022-06-04 00:31:28,56000.7,24045.2
2022-06-04 00:31:29,55443,24602.9
2022-06-04 00:31:30,55053.9,24992
2022-06-04 00:31:31,55683.1,24362.9
2022-06-04 00:31:32,56300.6,23745.4
2022-06-04 00:31:33,56580.6,23465.2
2022-06-04 00:31:34,59409.2,20636.7
2022-06-04 00:31:35,59342.9,20703.1
2022-06-04 00:31:36,59455.1,20590.7
2022-06-04 00:31:37,58785.9,21260
2022-06-04 00:31:38,58305.2,21740.7
2022-06-04 00:31:39,57567,22478.9
2022-06-04 00:31:40,56302.1,23743.7
2022-06-04 00:31:41,55600,24445.9
2022-06-04 00:31:42,54322.5,25723.5
2022-06-04 00:31:43,53407.5,26638.4
2022-06-04 00:31:44,54072.5,25973.4
2022-06-04 00:31:45,55820.3,24225.7
2022-06-04 00:31:46,56855.4,23190.5
2022-06-04 00:31:47,58899,21146.9
2022-06-04 00:31:48,60307.6,19738.4
2022-06-04 00:31:49,59461.4,20584.5
2022-06-04 00:31:50,58948.9,21097.1
2022-06-04 00:31:51,58437.2,21608.7
2022-06-04 00:31:52,57417.4,22628.5
2022-06-04 00:31:53,56960.1,23085.6
2022-06-04 00:31:54,56140.4,23905.5
2022-06-04 00:31:55,55169.2,24876.7
2022-06-04 00:31:56,55433.8,24612.1
2022-06-04 00:31:57,55503.5,24542.4
2022-06-04 00:31:58,56200,23845.9
2022-06-04 00:31:59,56511.7,23534.2
2022-06-04 00:32:00,57290.2,22755.7
2022-06-04 00:32:01,57609,22436.9
2022-06-04 00:32:02,59248.7,20797.3
2022-06-04 00:32:03,59084.9,20960.9
2022-06-04 00:32:04,58169.1,21876.8
2022-06-04 00:32:05,57683.8,22362.2
2022-06-04 00:32:06,56874.6,23171.4
2022-06-04 00:32:07,56944.4,23101.5
2022-06-04 00:32:08,56179.8,23866.1
2022-06-04 00:32:09,56661.8,23384.2
2022-06-04 00:32:10,55965.4,24080.5
2022-06-04 00:32:11,56544.7,23501.2
2022-06-04 00:32:12,56023.4,24022.5
2022-06-04 00:32:13,56657.7,23388.2
2022-06-04 00:32:14,56028.6,24017.3
2022-06-04 00:32:15,55960.9,24085
2022-06-04 00:32:16,56769.5,23276.4
2022-06-04 00:32:17,57570.8,22475.2
2022-06-04 00:32:18,58585.9,21459.9
2022-06-04 00:32:19,58035.1,22010.7
2022-06-04 00:32:20,57923.6,22122.2
2022-06-04 00:32:21,56911,23135
2022-06-04 00:32:22,56977.9,23067.9
2022-06-04 00:32:23,57066.4,22979.5
2022-06-04 00:32:24,56686.5,23359.5
2022-06-04 00:32:25,56445.9,23600
2022-06-04 00:32:26,55677.6,24368.3
2022-06-04 00:32:27,55244.1,24801.8
2022-06-04 00:32:28,55162.3,24883.7
2022-06-04 00:32:29,55261.1,24784.8
2022-06-04 00:32:30,56752.7,23293.3
2022-06-04 00:32:31,58243.9,21802
2022-06-04 00:32:32,57763,22282.9
2022-06-04 00:32:33,58281.5,21764.5
2022-06-04 00:32:34,58276.6,21769.2
2022-06-04 00:32:35,57843.1,22202.8
2022-06-04 00:32:36,57730.3,22315.6
2022-06-04 00:32:37,57180.3,22865.5
2022-06-04 00:32:38,56427.4,23618.6
2022-06-04 00:32:39,55197.4,24848.5
2022-06-04 00:32:40,54797.7,25248.2
2022-06-04 00:32:41,54743.8,25302.1
2022-06-04 00:32:42,57424.6,22621.2
2022-06-04 00:32:43,56479.6,23566.4
2022-06-04 00:32:44,56749.7,23296.2
2022-06-04 00:32:45,57601.8,22444.1
2022-06-04 00:32:46,57616.6,22429.2
2022-06-04 00:32:47,57798,22248
2022-06-04 00:32:48,58755,21290.8
2022-06-04 00:32:49,58681.7,21364.3
2022-06-04 00:32:50,57442.4,22603.6
2022-06-04 00:32:51,57170.8,22875.2
2022-06-04 00:32:52,56616.3,23429.7
2022-06-04 00:32:53,56364.4,23681.4
2022-06-04 00:32:54,56155.1,23890.7
2022-06-04 00:32:55,55522.3,24523.7
2022-06-04 00:32:56,55924.6,24121.3
2022-06-04 00:32:57,56411.3,23634.6
2022-06-04 00:32:58,56741.8,23304.1
2022-06-04 00:32:59,56720.7,23325.3
2022-06-04 00:33:00,57722.1,22323.9
2022-06-04 00:33:01,57305.9,22740
2022-06-04 00:33:02,57891.3,22154.6
2022-06-04 00:33:03,58269.4,21776.5
2022-06-04 00:33:04,58180.6,21865.4
2022-06-04 00:33:05,58512.5,21533.4
2022-06-04 00:33:06,57640.6,22405.4
2022-06-04 00:33:07,56420.3,23625.6
2022-06-04 00:33:08,55554.3,24491.7
2022-06-04 00:33:09,55188.5,24857.4
2022-06-04 00:33:10,54586,25460
2022-06-04 00:33:11,55035.6,25010.3
2022-06-04 00:33:12,56361.1,23684.8
2022-06-04 00:33:13,56961.4,23084.6
2022-06-04 00:33:14,57873.3,22172.7
2022-06-04 00:33:15,58754.8,21291.1
2022-06-04 00:33:16,58905.9,21140
2022-06-04 00:33:17,59045.3,21000.6
2022-06-04 00:33:18,58638.8,21407.1
2022-06-04 00:33:19,58040.5,22005.5
2022-06-04 00:33:20,56866.3,23179.6
2022-06-04 00:33:21,55839.3,24206.6
2022-06-04 00:33:22,55725.4,24320.6
2022-06-04 00:33:23,54459.3,25586.7
2022-06-04 00:33:24,54308.3,25737.6
2022-06-04 00:33:25,54873.3,25172.6
2022-06-04 00:33:26,56618.2,23427.7
2022-06-04 00:33:27,58001.3,22044.7
2022-06-04 00:33:28,58308.5,21737.5
2022-06-04 00:33:29,59126.5,20919.4
2022-06-04 00:33:30,59362.3,20683.7
2022-06-04 00:33:31,58583,21462.9
2022-06-04 00:33:32,57958.6,22087.4
2022-06-04 00:33:33,57733.2,22312.8
2022-06-04 00:33:34,56968,23077.9
2022-06-04 00:33:35,55705,24341
2022-06-04 00:33:36,55427.6,24618.2
2022-06-04 00:33:37,54877,25169
2022-06-04 00:33:38,55448.6,24597.4
2022-06-04 00:33:39,57483.5,22562.4
2022-06-04 00:33:40,57313.7,22732.1
2022-06-04 00:33:41,57662.4,22383.5
2022-06-04 00:33:42,57300.9,22745.1
2022-06-04 00:33:43,56865.1,23180.9
2022-06-04 00:33:44,57372.3,22673.6
2022-06-04 00:33:45,58115,21931
2022-06-04 00:33:46,57695.8,22350.1
2022-06-04 00:33:47,57429.9,22616.1
2022-06-04 00:33:48,56678.5,23367.6
2022-06-04 00:33:49,56863.7,23182.3
2022-06-04 00:33:50,56719.5,23326.5
2022-06-04 00:33:51,56444.9,23600.9
2022-06-04 00:33:52,56087.6,23958.3
2022-06-04 00:33:53,56810.9,23235
2022-06-04 00:33:54,57017.7,23028.3
2022-06-04 00:33:55,56692.2,23353.8
2022-06-04 00:33:56,56000,24045.9
2022-06-04 00:33:57,56111.9,23934
2022-06-04 00:33:58,56167.1,23878.9
2022-06-04 00:33:59,57477.6,22568.5
2022-06-04 00:34:00,57659.7,22386.1
2022-06-04 00:34:01,58510.4,21535.6
2022-06-04 00:34:02,58184.7,21861.2
2022-06-04 00:34:03,57468.2,22577.7
2022-06-04 00:34:04,57526,22519.9
2022-06-04 00:34:05,56350.7,23695.3
2022-06-04 00:34:06,55519.6,24526.4
2022-06-04 00:34:07,56375,23671
2022-06-04 00:34:08,56434.2,23611.8
2022-06-04 00:34:09,57020.7,23025.3
2022-06-04 00:34:10,56353.2,23692.8
2022-06-04 00:34:11,56723,23323
2022-06-04 00:34:12,56561.4,23484.6
2022-06-04 00:34:13,57127.4,22918.5
2022-06-04 00:34:14,58243.1,21802.7
2022-06-04 00:34:15,58284.5,21761.4
2022-06-04 00:34:16,58492,21554
2022-06-04 00:34:17,57846.7,22199.2
2022-06-04 00:34:18,56706.7,23339.2
2022-06-04 00:34:19,55754.3,24291.7
2022-06-04 00:34:20,56268.8,23777
2022-06-04 00:34:21,56042.5,24003.4
2022-06-04 00:34:22,57803.9,22242.1
2022-06-04 00:34:23,58075.4,21970.5
2022-06-04 00:34:24,57058.1,22987.9
2022-06-04 00:34:25,56002.8,24043.3
2022-06-04 00:34:26,55591.3,24454.5
2022-06-04 00:34:27,56340.2,23705.7
2022-06-04 00:34:28,57030.1,23015.8
2022-06-04 00:34:29,58445.1,21601
2022-06-04 00:34:30,57875.3,22170.6
2022-06-04 00:34:31,57409.9,22636
2022-06-04 00:34:32,56755.9,23290
2022-06-04 00:34:33,56134.2,23911.7
2022-06-04 00:34:34,57159.3,22886.6
2022-06-04 00:34:35,57638.8,22407.2
2022-06-04 00:34:36,57344.9,22701.1
2022-06-04 00:34:37,58047.1,21998.8
2022-06-04 00:34:38,56944.6,23101.3
2022-06-04 00:34:39,56573.6,23472.3
2022-06-04 00:34:40,55655.8,24390.1
2022-06-04 00:34:41,55734.3,24311.7
2022-06-04 00:34:42,56128.3,23917.7
2022-06-04 00:34:43,55949.4,24096.4
2022-06-04 00:34:44,57434.6,22611.3
2022-06-04 00:34:45,58263.2,21782.7
2022-06-04 00:34:46,58621.7,21424.2
2022-06-04 00:34:47,57969.2,22076.8
2022-06-04 00:34:48,56974.9,23070.9
2022-06-04 00:34:49,56278.9,23767
2022-06-04 00:34:50,55857.9,24188
2022-06-04 00:34:51,56924.3,23121.7
2022-06-04 00:34:52,57404.2,22641.7
2022-06-04 00:34:53,57006.8,23039.1
2022-06-04 00:34:54,56501.3,23544.6
2022-06-04 00:34:55,56276.8,23769
2022-06-04 00:34:56,56091.2,23954.8
2022-06-04 00:34:57,57449.5,22596.4
2022-06-04 00:34:58,57766.3,22279.7
2022-06-04 00:34:59,58496.4,21549.5
2022-06-04 00:35:00,58327.4,21718.5
2022-06-04 00:35:01,57042.1,23003.8
2022-06-04 00:35:02,56179.7,23866.1
2022-06-04 00:35:03,55113.3,24932.6
2022-06-04 00:35:04,55465.2,24580.8
2022-06-04 00:35:05,55036.5,25009.5
2022-06-04 00:35:06,56744.5,23301.4
2022-06-04 00:35:07,57370.6,22675.3
2022-06-04 00:35:08,57150.5,22895.3
2022-06-04 00:35:09,57620.8,22425.3
2022-06-04 00:35:10,56984.3,23061.6
2022-06-04 00:35:11,56881.2,23164.8
2022-06-04 00:35:12,56586.9,23459
2022-06-04 00:35:13,57399.7,22646.2
2022-06-04 00:35:14,57101,22944.9
2022-06-04 00:35:15,57189.2,22856.7
2022-06-04 00:35:16,55768.7,24277.3
2022-06-04 00:35:17,55981.2,24064.7
2022-06-04 00:35:18,55941.9,24104.1
2022-06-04 00:35:19,56448.4,23597.6
2022-06-04 00:35:20,59242.7,20803.2
2022-06-04 00:35:21,58680.8,21365
2022-06-04 00:35:22,57859.1,22186.8
2022-06-04 00:35:23,57310.7,22735.1
2022-06-04 00:35:24,56410.7,23635.2
2022-06-04 00:35:25,55875.6,24170.2
2022-06-04 00:35:26,56097.4,23948.5
2022-06-04 00:35:27,56394.3,23651.7
2022-06-04 00:35:28,56521.4,23524.6
2022-06-04 00:35:29,56376.1,23669.8
2022-06-04 00:35:30,56648.3,23397.6
2022-06-04 00:35:31,56937.5,23108.4
2022-06-04 00:35:32,57901.1,22144.9
2022-06-04 00:35:33,58048.2,21997.8
2022-06-04 00:35:34,58396.4,21649.5
2022-06-04 00:35:35,57588.8,22457.1
2022-06-04 00:35:36,57239.7,22806.2
2022-06-04 00:35:37,56330.9,23715.1
2022-06-04 00:35:38,56533,23512.8
2022-06-04 00:35:39,56037.8,24008.2
2022-06-04 00:35:40,55436.2,24609.7
2022-06-04 00:35:41,55876.8,24169.1
2022-06-04 00:35:42,56056,23989.8
2022-06-04 00:35:43,56515.6,23530.4
2022-06-04 00:35:44,57491.2,22554.8
2022-06-04 00:35:45,58381.1,21664.7
2022-06-04 00:35:46,57912.8,22133.1
2022-06-04 00:35:47,57614.4,22431.5
2022-06-04 00:35:48,57746.4,22299.6
2022-06-04 00:35:49,58122.3,21923.6
2022-06-04 00:35:50,57176.9,22868.9
2022-06-04 00:35:51,56755,23291
2022-06-04 00:35:52,56590.9,23454.9
2022-06-04 00:35:53,56638,23408
2022-06-04 00:35:54,56287.6,23758.3
2022-06-04 00:35:55,55750.4,24295.6
2022-06-04 00:35:56,56123.6,23922.4
2022-06-04 00:35:57,56210.3,23835.6
2022-06-04 00:35:58,57244.9,22801
2022-06-04 00:35:59,57815.6,22230.3
2022-06-04 00:36:00,57721.4,22324.6
2022-06-04 00:36:01,57637.9,22408.1
2022-06-04 00:36:02,57729.2,22316.7
2022-06-04 00:36:03,57427.1,22618.7
2022-06-04 00:36:04,57992.2,22053.8
2022-06-04 00:36:05,57936.5,22109.5
2022-06-04 00:36:06,56777.8,23268.1
2022-06-04 00:36:07,56801.8,23244
2022-06-04 00:36:08,56066.4,23979.6
2022-06-04 00:36:09,56308.2,23737.7
2022-06-04 00:36:10,56267.2,23778.8
2022-06-04 00:36:11,56542.3,23503.6
2022-06-04 00:36:12,56250.1,23795.9
2022-06-04 00:36:13,56265.7,23780.3
2022-06-04 00:36:14,57307.6,22738.5
2022-06-04 00:36:15,57859.4,22186.6
2022-06-04 00:36:16,57952.2,22093.6
2022-06-04 00:36:17,58111.6,21934.3
2022-06-04 00:36:18,58128.8,21917.2
2022-06-04 00:36:19,57377.6,22668.5
2022-06-04 00:36:20,56594.1,23451.7
2022-06-04 00:36:21,56546.5,23499.5
2022-06-04 00:36:22,57116.3,22929.7
2022-06-04 00:36:23,57484.9,22561.1
2022-06-04 00:36:24,56796.6,23249.2
2022-06-04 00:36:25,56076.5,23969.5
2022-06-04 00:36:26,55400,24646
2022-06-04 00:36:27,55556.8,24489.1
2022-06-04 00:36:28,56901.1,23144.8
2022-06-04 00:36:29,57866.2,22179.7
2022-06-04 00:36:30,58581,21464.9
2022-06-04 00:36:31,57885.6,22160.4
2022-06-04 00:36:32,57784.1,22261.9
2022-06-04 00:36:33,56824.5,23221.5
2022-06-04 00:36:34,56767.4,23278.5
2022-06-04 00:36:35,57380.3,22665.6
2022-06-04 00:36:36,56984.9,23061
2022-06-04 00:36:37,57385.7,22660.1
2022-06-04 00:36:38,56372.1,23673.9
2022-06-04 00:36:39,56029.4,24016.4
2022-06-04 00:36:40,56149.8,23896
2022-06-04 00:36:41,56270.1,23775.9
2022-06-04 00:36:42,56727.8,23318.1
2022-06-04 00:36:43,56653.5,23392.4
2022-06-04 00:36:44,56756.7,23289.2
2022-06-04 00:36:45,57719.3,22326.6
2022-06-04 00:36:46,57666.4,22379.5
2022-06-04 00:36:47,58462.7,21583.4
2022-06-04 00:36:48,58082.6,21963.5
2022-06-04 00:36:49,57270.7,22775.2
2022-06-04 00:36:50,57072.8,22973
2022-06-04 00:36:51,56661.9,23384.1
2022-06-04 00:36:52,57886.8,22159.2
2022-06-04 00:36:53,57478.2,22567.7
2022-06-04 00:36:54,56168,23877.9
2022-06-04 00:36:55,54988.8,25057.2
2022-06-04 00:36:56,55023.3,25022.6
2022-06-04 00:36:57,54792.7,25253.1
2022-06-04 00:36:58,55724.8,24321.1
2022-06-04 00:36:59,56824.4,23221.5
2022-06-04 00:37:00,57994.7,22051.2
2022-06-04 00:37:01,58581,21465
2022-06-04 00:37:02,58171.1,21874.9
2022-06-04 00:37:03,57684.2,22361.6
2022-06-04 00:37:04,57479.7,22566.2
2022-06-04 00:37:05,57516.7,22529.2
2022-06-04 00:37:06,56987.5,23058.4
2022-06-04 00:37:07,56569.7,23476.3
2022-06-04 00:37:08,55736,24309.9
2022-06-04 00:37:09,55180.8,24865.1
2022-06-04 00:37:10,55594.8,24451.2
2022-06-04 00:37:11,55751.5,24294.5
2022-06-04 00:37:12,56210.3,23835.6
2022-06-04 00:37:13,57979.5,22066.4
2022-06-04 00:37:14,58272.2,21773.7
2022-06-04 00:37:15,58022.3,22023.6
2022-06-04 00:37:16,58532.4,21513.6
2022-06-04 00:37:17,57835.6,22210.2
2022-06-04 00:37:18,57033.8,23012.1
2022-06-04 00:37:19,57009.6,23036.4
2022-06-04 00:37:20,56543.6,23502.3
2022-06-04 00:37:21,55917.9,24128
2022-06-04 00:37:22,56154.9,23891
2022-06-04 00:37:23,55520.1,24525.8
2022-06-04 00:37:24,56013.8,24032.1
2022-06-04 00:37:25,57124.1,22921.8
2022-06-04 00:37:26,56767.6,23278.3
2022-06-04 00:37:27,57831,22214.8
2022-06-04 00:37:28,57275.8,22770.1
2022-06-04 00:37:29,57801.6,22244.4
2022-06-04 00:37:30,57270.3,22775.5
2022-06-04 00:37:31,57184.6,22861.3
2022-06-04 00:37:32,57670.7,22375.2
2022-06-04 00:37:33,57461.7,22584.3
2022-06-04 00:37:34,56546,23500
2022-06-04 00:37:35,56554.4,23491.5
2022-06-04 00:37:36,56115.2,23930.8
2022-06-04 00:37:37,57289.8,22756.2
2022-06-04 00:37:38,56752.5,23293.6
2022-06-04 00:37:39,56252,23794
2022-06-04 00:37:40,56000.6,24045.3
2022-06-04 00:37:41,56563.8,23482.1
2022-06-04 00:37:42,56768.7,23277.3
2022-06-04 00:37:43,56432.6,23613.4
2022-06-04 00:37:44,58023.5,22022.6
2022-06-04 00:37:45,57856.5,22189.4
2022-06-04 00:37:46,57645.4,22400.4
2022-06-04 00:37:47,57218.1,22827.8
2022-06-04 00:37:48,56962.4,23083.6
2022-06-04 00:37:49,56480.2,23565.7
2022-06-04 00:37:50,57086.8,22959.1
2022-06-04 00:37:51,56264.9,23781
2022-06-04 00:37:52,55746.2,24299.6
2022-06-04 00:37:53,55673.3,24372.5
2022-06-04 00:37:54,55100.1,24945.7
2022-06-04 00:37:55,55998.2,24047.7
2022-06-04 00:37:56,57701,22344.9
2022-06-04 00:37:57,57952.6,22093.3
2022-06-04 00:37:58,57734.8,22311
2022-06-04 00:37:59,57922.4,22123.6
2022-06-04 00:38:00,57649,22396.8
2022-06-04 00:38:01,57738.3,22307.7
2022-06-04 00:38:02,57613,22432.9
2022-06-04 00:38:03,57299.4,22746.4
2022-06-04 00:38:04,56138.3,23907.7
2022-06-04 00:38:05,56055,23991
2022-06-04 00:38:06,55185.3,24860.6
2022-06-04 00:38:07,56292.7,23753.3
2022-06-04 00:38:08,57029.3,23016.5
2022-06-04 00:38:09,56504.5,23541.4
2022-06-04 00:38:10,56906.8,23139.2
2022-06-04 00:38:11,57570.2,22475.6
2022-06-04 00:38:12,57427.7,22618.2
2022-06-04 00:38:13,56956.8,23089
2022-06-04 00:38:14,57699.1,22346.8
2022-06-04 00:38:15,57984.4,22061.4
2022-06-04 00:38:16,57257.1,22788.9
2022-06-04 00:38:17,56717,23329
2022-06-04 00:38:18,57205.9,22839.9
2022-06-04 00:38:19,57047,22998.8
2022-06-04 00:38:20,57073.2,22972.8
2022-06-04 00:38:21,56224.3,23821.6
2022-06-04 00:38:22,55842.8,24203.1
2022-06-04 00:38:23,55292.7,24753.2
2022-06-04 00:38:24,55649.9,24395.9
2022-06-04 00:38:25,56972.7,23073.3
2022-06-04 00:38:26,57335.5,22710.4
2022-06-04 00:38:27,57400.4,22645.5
2022-06-04 00:38:28,57004.9,23041
2022-06-04 00:38:29,57880.9,22165.1
2022-06-04 00:38:30,59192.5,20853.3
2022-06-04 00:38:31,58585.6,21460.3
2022-06-04 00:38:32,57724.6,22321.3
2022-06-04 00:38:33,57032.5,23013.4
2022-06-04 00:38:34,56456.9,23589
2022-06-04 00:38:35,55698.3,24347.7
2022-06-04 00:38:36,55274.4,24771.5
2022-06-04 00:38:37,54933,25113
2022-06-04 00:38:38,55561.3,24484.7
2022-06-04 00:38:39,56884.9,23161.1
2022-06-04 00:38:40,57254.1,22791.8
2022-06-04 00:38:41,58725.1,21320.8
2022-06-04 00:38:42,59309.4,20736.5
2022-06-04 00:38:43,58810.6,21235.3
2022-06-04 00:38:44,57901.4,22144.5
2022-06-04 00:38:45,57797.2,22248.8
2022-06-04 00:38:46,57059.1,22986.9
2022-06-04 00:38:47,56385.9,23659.9
2022-06-04 00:38:48,55978.1,24067.8
2022-06-04 00:38:49,55127.4,24918.6
2022-06-04 00:38:50,54913.4,25132.5
2022-06-04 00:38:51,55016.5,25029.5
2022-06-04 00:38:52,56407.8,23638.1
2022-06-04 00:38:53,58429.1,21616.7
2022-06-04 00:38:54,58849.5,21196.4
2022-06-04 00:38:55,57694.3,22351.7
2022-06-04 00:38:56,58334.3,21711.6
2022-06-04 00:38:57,58176.8,21869.1
2022-06-04 00:38:58,57339,22707
2022-06-04 00:38:59,56515.5,23530.4
2022-06-04 00:39:00,56704.5,23341.4
2022-06-04 00:39:01,55503.7,24542.1
2022-06-04 00:39:02,55096.7,24949.2
2022-06-04 00:39:03,55939.7,24106.2
2022-06-04 00:39:04,57729,22317
2022-06-04 00:39:05,57843.4,22202.6
2022-06-04 00:39:06,57837.5,22208.4
2022-06-04 00:39:07,57305.4,22740.6
2022-06-04 00:39:08,57843.1,22202.8
2022-06-04 00:39:09,57510,22535.9
2022-06-04 00:39:10,57103.5,22942.6
2022-06-04 00:39:11,57332.1,22713.8
2022-06-04 00:39:12,56545.3,23500.6
2022-06-04 00:39:13,55923,24123
2022-06-04 00:39:14,56619.4,23426.6
2022-06-04 00:39:15,56810.9,23235.1
2022-06-04 00:39:16,57416.6,22629.2
2022-06-04 00:39:17,57923.6,22122.3
2022-06-04 00:39:18,56960.5,23085.4
2022-06-04 00:39:19,56459.5,23586.5
2022-06-04 00:39:20,57187.6,22858.4
2022-06-04 00:39:21,56564.9,23481
2022-06-04 00:39:22,56816.8,23229.2
2022-06-04 00:39:23,56404.2,23641.8
2022-06-04 00:39:24,56852.8,23193.1
2022-06-04 00:39:25,57120,22925.9
2022-06-04 00:39:26,57785.6,22260.2
2022-06-04 00:39:27,57374.8,22671.1
2022-06-04 00:39:28,57573.3,22472.6
2022-06-04 00:39:29,56964.6,23081.2
2022-06-04 00:39:30,57464.8,22581.2
2022-06-04 00:39:31,56666.1,23379.7
2022-06-04 00:39:32,56264.5,23781.4
2022-06-04 00:39:33,56231.1,23815
2022-06-04 00:39:34,56382.4,23663.5
2022-06-04 00:39:35,57119.8,22926.2
2022-06-04 00:39:36,57632.7,22413.3
2022-06-04 00:39:37,57399.2,22646.8
2022-06-04 00:39:38,57083.5,22962.5
2022-06-04 00:39:39,57054.8,22991.1
2022-06-04 00:39:40,57474.3,22571.6
2022-06-04 00:39:41,57208.4,22837.6
2022-06-04 00:39:42,58049.5,21996.5
2022-06-04 00:39:43,57391.3,22654.7
2022-06-04 00:39:44,56059.4,23986.5
2022-06-04 00:39:45,56206.9,23839.1
2022-06-04 00:39:46,56234,23812
2022-06-04 00:39:47,56049.1,23996.8
2022-06-04 00:39:48,56468.4,23577.7
2022-06-04 00:39:49,57072.2,22973.6
2022-06-04 00:39:50,57489.3,22556.7
2022-06-04 00:39:51,56907.8,23138.1
2022-06-04 00:39:52,57041.6,23004.3
2022-06-04 00:39:53,57099.1,22946.9
2022-06-04 00:39:54,57180.9,22865.1
2022-06-04 00:39:55,57617.9,22428.1
2022-06-04 00:39:56,57723.5,22322.5
2022-06-04 00:39:57,57300.2,22745.6
2022-06-04 00:39:58,56944.5,23101.5
2022-06-04 00:39:59,56668.9,23377
2022-06-04 00:40:00,57017.6,23028.4
2022-06-04 00:40:01,56376.7,23669.2
2022-06-04 00:40:02,56471.6,23574.4
2022-06-04 00:40:03,56201.7,23844.2
2022-06-04 00:40:04,56858.4,23187.5
2022-06-04 00:40:05,57427.7,22618.2
2022-06-04 00:40:06,56634.4,23411.5
2022-06-04 00:40:07,57917.5,22128.4
2022-06-04 00:40:08,57619.7,22426.3
2022-06-04 00:40:09,57849.3,22196.5
2022-06-04 00:40:10,57581.6,22464.4
2022-06-04 00:40:11,57532.4,22513.4
2022-06-04 00:40:12,57018.6,23027.2
2022-06-04 00:40:13,56516.5,23529.5
2022-06-04 00:40:14,56664.7,23381.2
2022-06-04 00:40:15,56039.3,24006.5
2022-06-04 00:40:16,55681.3,24364.7
2022-06-04 00:40:17,55685.7,24360.2
2022-06-04 00:40:18,55839.9,24206
2022-06-04 00:40:19,57057.7,22988.2
2022-06-04 00:40:20,58298.3,21747.7
2022-06-04 00:40:21,58322.1,21723.8
2022-06-04 00:40:22,58016.8,22029.1
2022-06-04 00:40:23,57826.1,22219.6
2022-06-04 00:40:24,57587.1,22458.9
2022-06-04 00:40:25,56810.3,23235.7
2022-06-04 00:40:26,56668.9,23377.1
2022-06-04 00:40:27,56388,23658
2022-06-04 00:40:28,55837.9,24208
2022-06-04 00:40:29,55739.2,24306.7
2022-06-04 00:40:30,55473.5,24572.4
2022-06-04 00:40:31,55931,24115
2022-06-04 00:40:32,57679.7,22366.3
2022-06-04 00:40:33,58533.5,21512.3
2022-06-04 00:40:34,58445.4,21600.5
2022-06-04 00:40:35,57917.7,22128.2
2022-06-04 00:40:36,57274.7,22771.2
2022-06-04 00:40:37,56372.8,23673.1
2022-06-04 00:40:38,55477.8,24568.2
2022-06-04 00:40:39,56709.5,23336.4
2022-06-04 00:40:40,56174.1,23871.8
2022-06-04 00:40:41,56232.3,23813.7
2022-06-04 00:40:42,56248.2,23797.8
2022-06-04 00:40:43,56378.1,23667.7
2022-06-04 00:40:44,57577.1,22468.8
2022-06-04 00:40:45,57691.9,22354
2022-06-04 00:40:46,57694.4,22351.4
2022-06-04 00:40:47,57491.6,22554.3
2022-06-04 00:40:48,57712.6,22333.3
2022-06-04 00:40:49,57438.7,22607.2
2022-06-04 00:40:50,56763,23283
2022-06-04 00:40:51,56139,23906.9
2022-06-04 00:40:52,55627.8,24418.1
2022-06-04 00:40:53,55794.3,24251.7
2022-06-04 00:40:54,56814.9,23231.1
2022-06-04 00:40:55,57947.2,22098.7
2022-06-04 00:40:56,57930.6,22115.3
2022-06-04 00:40:57,57538.8,22507
2022-06-04 00:40:58,57341,22704.9
2022-06-04 00:40:59,57124.4,22921.6
2022-06-04 00:41:00,57498,22548
2022-06-04 00:41:01,56931.3,23114.6
2022-06-04 00:41:02,56443.7,23602.3
2022-06-04 00:41:03,56263.2,23782.7
2022-06-04 00:41:04,55350.5,24695.4
2022-06-04 00:41:05,56565.7,23480.3
2022-06-04 00:41:06,57083.9,22962
2022-06-04 00:41:07,56999.2,23046.7
2022-06-04 00:41:08,57481.5,22564.4
2022-06-04 00:41:09,57685.7,22360.2
2022-06-04 00:41:10,57370.3,22675.8
2022-06-04 00:41:11,57828.3,22217.6
2022-06-04 00:41:12,56592.9,23453.1
2022-06-04 00:41:13,56122.5,23923.4
2022-06-04 00:41:14,55829.8,24216.1
2022-06-04 00:41:15,56315.8,23730.2
2022-06-04 00:41:16,56734,23311.8
2022-06-04 00:41:17,57636.1,22409.9
2022-06-04 00:41:18,57811.9,22234.1
2022-06-04 00:41:19,57108.8,22937.1
2022-06-04 00:41:20,57442.1,22603.8
2022-06-04 00:41:21,57545.8,22500.1
2022-06-04 00:41:22,57256.9,22789
2022-06-04 00:41:23,56985.7,23060.2
2022-06-04 00:41:24,56915.8,23130.3
2022-06-04 00:41:25,55707.3,24338.6
2022-06-04 00:41:26,55455.5,24590.4
2022-06-04 00:41:27,55864.3,24181.7
2022-06-04 00:41:28,56698.3,23347.6
2022-06-04 00:41:29,57356.5,22689.4
2022-06-04 00:41:30,57623.5,22422.5
2022-06-04 00:41:31,58116.6,21929.3
2022-06-04 00:41:32,57686.2,22359.7
2022-06-04 00:41:33,58482.4,21563.6
2022-06-04 00:41:34,57369.8,22676.1
2022-06-04 00:41:35,56926.7,23119.3
2022-06-04 00:41:36,56126.7,23919.3
2022-06-04 00:41:37,56001.3,24044.6
2022-06-04 00:41:38,56628.2,23417.9
2022-06-04 00:41:39,56791,23254.9
2022-06-04 00:41:40,56864.7,23181.3
2022-06-04 00:41:41,56351.9,23694
2022-06-04 00:41:42,55818.1,24228
2022-06-04 00:41:43,56539.5,23506.4
2022-06-04 00:41:44,58067.8,21978.2
2022-06-04 00:41:45,58633.7,21412.2
2022-06-04 00:41:46,58268.3,21777.7
2022-06-04 00:41:47,57151,22894.8
2022-06-04 00:41:48,56554.3,23491.6
2022-06-04 00:41:49,56420.6,23625.3
2022-06-04 00:41:50,56893.9,23152
2022-06-04 00:41:51,56989.4,23056.6
2022-06-04 00:41:52,56791.2,23254.8
2022-06-04 00:41:53,56167.9,23878
2022-06-04 00:41:54,55437.6,24608.4
2022-06-04 00:41:55,55566.5,24479.4
2022-06-04 00:41:56,55879.4,24166.4
2022-06-04 00:41:57,57277.7,22768.3
2022-06-04 00:41:58,57452.6,22593.3
2022-06-04 00:41:59,57413.8,22632.2
2022-06-04 00:42:00,57238.1,22807.8
2022-06-04 00:42:01,57601.1,22444.8
2022-06-04 00:42:02,57416.5,22629.5
2022-06-04 00:42:03,57204.9,22840.9
2022-06-04 00:42:04,56785.4,23260.6
2022-06-04 00:42:05,56679.8,23366.1
2022-06-04 00:42:06,56767.5,23278.5
2022-06-04 00:42:07,56305.8,23740.2
2022-06-04 00:42:08,55289.8,24756.1
2022-06-04 00:42:09,55245.8,24800.2
2022-06-04 00:42:10,56310.5,23735.4
2022-06-04 00:42:11,56459.5,23586.4
2022-06-04 00:42:12,57561.6,22484.4
2022-06-04 00:42:13,58677,21369
2022-06-04 00:42:14,58092.6,21953.3
2022-06-04 00:42:15,58076.4,21969.5
2022-06-04 00:42:16,57128.3,22917.7
2022-06-04 00:42:17,56643.2,23402.6
2022-06-04 00:42:18,56541.9,23504
2022-06-04 00:42:19,56015.1,24030.8
2022-06-04 00:42:20,55414.1,24631.8
2022-06-04 00:42:21,55724.3,24321.6
2022-06-04 00:42:22,56615.6,23430.3
2022-06-04 00:42:23,56910.2,23135.7
2022-06-04 00:42:24,56701.3,23344.6
2022-06-04 00:42:25,57985.5,22060.4
2022-06-04 00:42:26,57863.4,22182.5
2022-06-04 00:42:27,57975.9,22070.1
2022-06-04 00:42:28,57673.7,22372.1
2022-06-04 00:42:29,57310.2,22735.7
2022-06-04 00:42:30,56632.1,23413.8
2022-06-04 00:42:31,55336,24709.9
2022-06-04 00:42:32,55608.1,24437.8
2022-06-04 00:42:33,55618.9,24427
2022-06-04 00:42:34,56489,23556.8
2022-06-04 00:42:35,57567.7,22478.2
2022-06-04 00:42:36,57643.3,22402.5
2022-06-04 00:42:37,57038.3,23007.5
2022-06-04 00:42:38,56968.7,23077.3
2022-06-04 00:42:39,57136,22910.1
2022-06-04 00:42:40,57159.3,22886.6
2022-06-04 00:42:41,57019.2,23026.7
2022-06-04 00:42:42,56746.7,23299.2
2022-06-04 00:42:43,56881.9,23164.1
2022-06-04 00:42:44,56238.3,23807.7
2022-06-04 00:42:45,55376,24669.9
2022-06-04 00:42:46,55551,24494.9
2022-06-04 00:42:47,57093,22953
2022-06-04 00:42:48,58585.5,21460.5
2022-06-04 00:42:49,58237.2,21808.8
2022-06-04 00:42:50,57626.8,22419.1
2022-06-04 00:42:51,57054.2,22991.7
2022-06-04 00:42:52,56296.9,23749
2022-06-04 00:42:53,56276.9,23769
2022-06-04 00:42:54,56276.7,23769.2
2022-06-04 00:42:55,56669.3,23376.7
2022-06-04 00:42:56,56239.2,23806.8
2022-06-04 00:42:57,56578,23467.9
2022-06-04 00:42:58,56851.8,23194.1
2022-06-04 00:42:59,56964.2,23081.8
2022-06-04 00:43:00,57053.6,22992.2
2022-06-04 00:43:01,57819,22226.9
2022-06-04 00:43:02,57939.3,22106.5
2022-06-04 00:43:03,58028.3,22017.5
2022-06-04 00:43:04,56994.5,23051.5
2022-06-04 00:43:05,56597.9,23447.9
2022-06-04 00:43:06,56055,23990.9
2022-06-04 00:43:07,55359.4,24686.6
2022-06-04 00:43:08,56596.5,23449.4
2022-06-04 00:43:09,56211.9,23833.9
2022-06-04 00:43:10,56624.2,23421.8
2022-06-04 00:43:11,56525.5,23520.5
2022-06-04 00:43:12,57246.3,22799.6
2022-06-04 00:43:13,58172,21873.9
2022-06-04 00:43:14,57360,22685.9
2022-06-04 00:43:15,56775.6,23270.3
2022-06-04 00:43:16,57552.8,22493.2
2022-06-04 00:43:17,57351.9,22693.9
2022-06-04 00:43:18,56852.3,23193.7
2022-06-04 00:43:19,56644.6,23401.3
2022-06-04 00:43:20,57406.4,22639.5
2022-06-04 00:43:21,56750.7,23295.2
2022-06-04 00:43:22,55482.7,24563.2
2022-06-04 00:43:23,56806.3,23239.6
2022-06-04 00:43:24,55987.1,24058.7
2022-06-04 00:43:25,56801.8,23244.1
2022-06-04 00:43:26,57056.4,22989.6
2022-06-04 00:43:27,57281.4,22764.6
2022-06-04 00:43:28,56716.6,23329.3
2022-06-04 00:43:29,56207.9,23838
2022-06-04 00:43:30,57029.1,23016.8
2022-06-04 00:43:31,58296.9,21749.1
2022-06-04 00:43:32,57744.7,22301.3
2022-06-04 00:43:33,57199.2,22846.8
2022-06-04 00:43:34,56521.9,23524
2022-06-04 00:43:35,56209.9,23836.1
2022-06-04 00:43:36,56452.5,23593.5
2022-06-04 00:43:37,56733.7,23312.2
2022-06-04 00:43:38,57353.7,22692.2
2022-06-04 00:43:39,57262.2,22783.7
2022-06-04 00:43:40,56706.5,23339.5
2022-06-04 00:43:41,57061.2,22984.8
2022-06-04 00:43:42,57081.3,22964.6
2022-06-04 00:43:43,57109.5,22936.5
2022-06-04 00:43:44,56597.2,23448.8
2022-06-04 00:43:45,57029.4,23016.5
2022-06-04 00:43:46,56238.5,23807.4
2022-06-04 00:43:47,56236.8,23809.1
2022-06-04 00:43:48,55715.8,24330.1
2022-06-04 00:43:49,56652.1,23393.8
2022-06-04 00:43:50,57661.7,22384.2
2022-06-04 00:43:51,57376.9,22669
2022-06-04 00:43:52,56896.1,23149.7
2022-06-04 00:43:53,57001,23044.9
2022-06-04 00:43:54,57540.3,22505.6
2022-06-04 00:43:55,56731.5,23314.5
2022-06-04 00:43:56,56279.5,23766.3
2022-06-04 00:43:57,56179,23866.8
2022-06-04 00:43:58,55987.2,24058.8
2022-06-04 00:43:59,56251.4,23794.5
2022-06-04 00:44:00,56352.6,23693.3
2022-06-04 00:44:01,57592.8,22453.1
2022-06-04 00:44:02,57023.5,23022.4
2022-06-04 00:44:03,58141.1,21904.8
2022-06-04 00:44:04,57582.5,22463.4
2022-06-04 00:44:05,58099.7,21946.2
2022-06-04 00:44:06,57925.2,22120.7
2022-06-04 00:44:07,56786.1,23259.8
2022-06-04 00:44:08,56647.3,23398.7
2022-06-04 00:44:09,56204.7,23841.2
2022-06-04 00:44:10,55612.7,24433.3
2022-06-04 00:44:11,55379.1,24666.9
2022-06-04 00:44:12,55741.4,24304.6
2022-06-04 00:44:13,55490.7,24555.2
2022-06-04 00:44:14,56706.4,23339.5
2022-06-04 00:44:15,58342.2,21703.8
2022-06-04 00:44:16,58628.7,21417.3
2022-06-04 00:44:17,58279.6,21766.2
2022-06-04 00:44:18,57717.8,22328.1
2022-06-04 00:44:19,57772.4,22273.5
2022-06-04 00:44:20,57318.4,22727.5
2022-06-04 00:44:21,56339.3,23706.7
2022-06-04 00:44:22,56167.5,23878.5
2022-06-04 00:44:23,55790.8,24255.1
2022-06-04 00:44:24,54994.2,25051.7
2022-06-04 00:44:25,54590.6,25455.4
2022-06-04 00:44:26,55899.5,24146.5
2022-06-04 00:44:27,56856.9,23189.1
2022-06-04 00:44:28,58105.9,21940
2022-06-04 00:44:29,57965.4,22080.5
2022-06-04 00:44:30,57436.3,22609.6
2022-06-04 00:44:31,57474.7,22571.2
2022-06-04 00:44:32,57556.1,22489.8
2022-06-04 00:44:33,57478.2,22567.8
2022-06-04 00:44:34,56531.6,23514.5
2022-06-04 00:44:35,56357.9,23688.1
2022-06-04 00:44:36,55412.2,24633.8
2022-06-04 00:44:37,56027.3,24018.6
2022-06-04 00:44:38,55840.5,24205.4
2022-06-04 00:44:39,56948.4,23097.6
2022-06-04 00:44:40,57171.1,22874.8
2022-06-04 00:44:41,57250.5,22795.5
2022-06-04 00:44:42,56967.3,23078.6
2022-06-04 00:44:43,56519.3,23526.6
2022-06-04 00:44:44,56673,23373
2022-06-04 00:44:45,57177.4,22868.5
2022-06-04 00:44:46,57572.9,22473
2022-06-04 00:44:47,57200.6,22845.4
2022-06-04 00:44:48,57024.9,23021
2022-06-04 00:44:49,56250.8,23795.1
2022-06-04 00:44:50,56391.6,23654.3
2022-06-04 00:44:51,56355.7,23690.2
2022-06-04 00:44:52,56743.4,23302.6
2022-06-04 00:44:53,57596.5,22449.4
2022-06-04 00:44:54,56795.9,23250
2022-06-04 00:44:55,57093.3,22952.6
2022-06-04 00:44:56,56758.7,23287.3
2022-06-04 00:44:57,56821.5,23224.5
2022-06-04 00:44:58,57006.6,23039.4
2022-06-04 00:44:59,56870,23176
2022-06-04 00:45:00,57024.1,23021.8
2022-06-04 00:45:01,57156,22890
2022-06-04 00:45:02,57612.7,22433.2
2022-06-04 00:45:03,57050.8,22995
2022-06-04 00:45:04,56844.8,23201.1
2022-06-04 00:45:05,57088.6,22957.2
2022-06-04 00:45:06,56744.4,23301.6
2022-06-04 00:45:07,56400.7,23645.3
2022-06-04 00:45:08,56900.9,23145
2022-06-04 00:45:09,57387,22658.9
2022-06-04 00:45:10,56865.5,23180.3
2022-06-04 00:45:11,56667.4,23378.5
2022-06-04 00:45:12,56449.5,23596.3
2022-06-04 00:45:13,56378.1,23668
2022-06-04 00:45:14,56097.4,23948.5
2022-06-04 00:45:15,57091,22954.9
2022-06-04 00:45:16,56949.9,23095.9
2022-06-04 00:45:17,57476.8,22569.1
2022-06-04 00:45:18,56944.1,23101.8
2022-06-04 00:45:19,57260.5,22785.5
2022-06-04 00:45:20,57196.2,22849.7
2022-06-04 00:45:21,57351.5,22694.4
2022-06-04 00:45:22,57864.6,22181.4
2022-06-04 00:45:23,57812.4,22233.6
2022-06-04 00:45:24,56767.7,23278.2
2022-06-04 00:45:25,55971.1,24074.8
2022-06-04 00:45:26,55806.8,24239.1
2022-06-04 00:45:27,56229.1,23816.9
2022-06-04 00:45:28,56380,23666
2022-06-04 00:45:29,57161.2,22884.7
2022-06-04 00:45:30,58178,21867.9
2022-06-04 00:45:31,56810.3,23235.6
2022-06-04 00:45:32,57867,22178.8
2022-06-04 00:45:33,57371.4,22674.4
2022-06-04 00:45:34,57666.4,22379.6
2022-06-04 00:45:35,57191.4,22854.6
2022-06-04 00:45:36,57696.9,22349
2022-06-04 00:45:37,57226.6,22819.5
2022-06-04 00:45:38,56400.3,23645.7
2022-06-04 00:45:39,55673.7,24372.2
2022-06-04 00:45:40,56132.1,23913.8
2022-06-04 00:45:41,56284.2,23761.8
2022-06-04 00:45:42,57433,22612.8
2022-06-04 00:45:43,57251.8,22794.1
2022-06-04 00:45:44,57672,22373.9
2022-06-04 00:45:45,57809.6,22236.3
2022-06-04 00:45:46,57968.5,22077.5
2022-06-04 00:45:47,57626.2,22419.7
2022-06-04 00:45:48,56975.9,23070.1
2022-06-04 00:45:49,56610.4,23435.5
2022-06-04 00:45:50,55932,24113.9
2022-06-04 00:45:51,56305.8,23740.2
2022-06-04 00:45:52,56144,23902
2022-06-04 00:45:53,57233.8,22812.1
2022-06-04 00:45:54,57733.2,22312.6
2022-06-04 00:45:55,57253.4,22792.5
2022-06-04 00:45:56,57489.5,22556.5
2022-06-04 00:45:57,57470.7,22575.2
2022-06-04 00:45:58,57183,22862.9
2022-06-04 00:45:59,57641.5,22404.5
2022-06-04 00:46:00,57512.7,22533.4
2022-06-04 00:46:01,56694.8,23351.1
2022-06-04 00:46:02,56410.3,23635.7
2022-06-04 00:46:03,55759.2,24286.6
2022-06-04 00:46:04,55873.8,24172.1
2022-06-04 00:46:05,56903.4,23142.5
2022-06-04 00:46:06,57182.2,22863.8
2022-06-04 00:46:07,57079.6,22966.4
2022-06-04 00:46:08,57338.4,22707.6
2022-06-04 00:46:09,56967.8,23078.1
2022-06-04 00:46:10,57251.6,22794.4
2022-06-04 00:46:11,57032.4,23013.5
2022-06-04 00:46:12,56935.3,23110.6
2022-06-04 00:46:13,56934.3,23111.6
2022-06-04 00:46:14,56697.4,23348.7
2022-06-04 00:46:15,56388.2,23657.7
2022-06-04 00:46:16,56909.9,23136.1
2022-06-04 00:46:17,57203.6,22842.3
2022-06-04 00:46:18,57545.8,22500.1
2022-06-04 00:46:19,57586.6,22459.4
2022-06-04 00:46:20,57479.2,22566.8
2022-06-04 00:46:21,57383.1,22662.8
2022-06-04 00:46:22,56946.8,23099.1
2022-06-04 00:46:23,56768.5,23277.4
2022-06-04 00:46:24,56802.8,23243
2022-06-04 00:46:25,56242.1,23803.8
2022-06-04 00:46:26,55911.8,24134.1
2022-06-04 00:46:27,56612.6,23433.3
2022-06-04 00:46:28,56602,23443.9
2022-06-04 00:46:29,57369.2,22676.8
2022-06-04 00:46:30,57132.4,22913.5
2022-06-04 00:46:31,58034.3,22011.6
2022-06-04 00:46:32,57856.4,22189.5
2022-06-04 00:46:33,57033.3,23012.8
2022-06-04 00:46:34,57518.9,22527
2022-06-04 00:46:35,57745.1,22300.8
2022-06-04 00:46:36,56814.6,23231.3
2022-06-04 00:46:37,57144.6,22901.3
2022-06-04 00:46:38,56776.5,23269.4
2022-06-04 00:46:39,56277.6,23768.3
2022-06-04 00:46:40,56575.3,23470.6
2022-06-04 00:46:41,56969.3,23076.7
2022-06-04 00:46:42,56613.1,23432.8
2022-06-04 00:46:43,57172.3,22873.6
2022-06-04 00:46:44,58121.3,21924.7
2022-06-04 00:46:45,57474.5,22571.5
2022-06-04 00:46:46,57522.8,22523.1
2022-06-04 00:46:47,56907.5,23138.4
2022-06-04 00:46:48,56901.7,23144.3
2022-06-04 00:46:49,56513.8,23532.2
2022-06-04 00:46:50,56990.8,23055.2
2022-06-04 00:46:51,56938.5,23107.3
2022-06-04 00:46:52,56814.5,23231.5
2022-06-04 00:46:53,55971.7,24074.1
2022-06-04 00:46:54,55879.1,24166.8
2022-06-04 00:46:55,58056.1,21989.7
2022-06-04 00:46:56,58105.9,21940
2022-06-04 00:46:57,57725,22321
2022-06-04 00:46:58,57219.8,22826.1
2022-06-04 00:46:59,57266.2,22779.6
2022-06-04 00:47:00,57230,22815.9
2022-06-04 00:47:01,57255.1,22790.8
2022-06-04 00:47:02,57522.3,22523.6
2022-06-04 00:47:03,56618.8,23427.1
2022-06-04 00:47:04,56061.3,23984.7
2022-06-04 00:47:05,56134.2,23911.6
2022-06-04 00:47:06,55880,24166
2022-06-04 00:47:07,56438.6,23607.3
2022-06-04 00:47:08,57330.5,22715.3
2022-06-04 00:47:09,56780.5,23265.4
2022-06-04 00:47:10,57597.5,22448.5
2022-06-04 00:47:11,57566.5,22479.5
2022-06-04 00:47:12,57883.6,22162.3
2022-06-04 00:47:13,57898.8,22147.1
2022-06-04 00:47:14,57206.8,22839.2
2022-06-04 00:47:15,57241.8,22804
2022-06-04 00:47:16,57226.8,22819.1
2022-06-04 00:47:17,56652.2,23393.8
2022-06-04 00:47:18,55864.8,24181.1
2022-06-04 00:47:19,56475.3,23570.7
2022-06-04 00:47:20,55902.9,24143.1
2022-06-04 00:47:21,55869.7,24176.2
2022-06-04 00:47:22,56466.4,23579.5
2022-06-04 00:47:23,57083.4,22962.5
2022-06-04 00:47:24,58212.9,21833
2022-06-04 00:47:25,58643.4,21402.5
2022-06-04 00:47:26,58405.9,21640
2022-06-04 00:47:27,57997.1,22048.8
2022-06-04 00:47:28,57040.3,23005.6
2022-06-04 00:47:29,56374.2,23671.8
2022-06-04 00:47:30,55847.3,24198.7
2022-06-04 00:47:31,55556.3,24489.6
2022-06-04 00:47:32,55528.6,24517.3
2022-06-04 00:47:33,56142.1,23903.8
2022-06-04 00:47:34,56716.7,23329.2
2022-06-04 00:47:35,57684.8,22361.1
2022-06-04 00:47:36,57537.5,22508.3
2022-06-04 00:47:37,57366.7,22679.1
2022-06-04 00:47:38,57890.1,22155.8
2022-06-04 00:47:39,58960.4,21085.6
2022-06-04 00:47:40,58668.9,21377
2022-06-04 00:47:41,57969.7,22076.2
2022-06-04 00:47:42,57026,23019.9
2022-06-04 00:47:43,56341.2,23704.7
2022-06-04 00:47:44,55861.7,24184.2
2022-06-04 00:47:45,55282.7,24763.2
2022-06-04 00:47:46,55700,24345.9
2022-06-04 00:47:47,56765.7,23280.3
2022-06-04 00:47:48,57392.1,22653.9
2022-06-04 00:47:49,57447.2,22598.8
2022-06-04 00:47:50,57560.3,22485.6
2022-06-04 00:47:51,57424.6,22621.4
2022-06-04 00:47:52,57685.2,22360.8
2022-06-04 00:47:53,57552.5,22493.4
2022-06-04 00:47:54,57204.2,22841.6
2022-06-04 00:47:55,57185,22861.1
2022-06-04 00:47:56,56856,23189.9
2022-06-04 00:47:57,56476.6,23569.4
2022-06-04 00:47:58,56232.9,23813
2022-06-04 00:47:59,56545.6,23500.5
2022-06-04 00:48:00,57250.4,22795.6
2022-06-04 00:48:01,57613.2,22432.6
2022-06-04 00:48:02,57274.3,22771.6
2022-06-04 00:48:03,56875.7,23170.2
2022-06-04 00:48:04,56620.9,23425
2022-06-04 00:48:05,56323.4,23722.6
2022-06-04 00:48:06,56008.7,24037.3
2022-06-04 00:48:07,56553,23492.8
2022-06-04 00:48:08,56855.5,23190.3
2022-06-04 00:48:09,58170.9,21875
2022-06-04 00:48:10,57837.6,22208.3
2022-06-04 00:48:11,58079.9,21966.1
2022-06-04 00:48:12,58108.3,21937.6
2022-06-04 00:48:13,57390.8,22655.2
2022-06-04 00:48:14,56617.3,23428.6
2022-06-04 00:48:15,56063.8,23982.1
2022-06-04 00:48:16,56401.2,23644.6
2022-06-04 00:48:17,55659.9,24386
2022-06-04 00:48:18,56004.8,24041.2
2022-06-04 00:48:19,55836.3,24209.8
2022-06-04 00:48:20,57175,22871
2022-06-04 00:48:21,58090.8,21955.2
2022-06-04 00:48:22,58008.1,22038
2022-06-04 00:48:23,58478.6,21567.4
2022-06-04 00:48:24,58367.4,21678.5
2022-06-04 00:48:25,57883.3,22162.7
2022-06-04 00:48:26,57562.9,22483.1
2022-06-04 00:48:27,56600.4,23445.5
2022-06-04 00:48:28,55649.1,24396.7
2022-06-04 00:48:29,54709.4,25336.5
2022-06-04 00:48:30,54399.3,25646.6
2022-06-04 00:48:31,56609.9,23436
2022-06-04 00:48:32,56854.6,23191.3
2022-06-04 00:48:33,56507.5,23538.4
2022-06-04 00:48:34,57776.9,22269
2022-06-04 00:48:35,57512.2,22533.8
2022-06-04 00:48:36,58052.8,21993.2
2022-06-04 00:48:37,58933,21112.8
2022-06-04 00:48:38,58561.6,21484.3
2022-06-04 00:48:39,57918.4,22127.5
2022-06-04 00:48:40,56786.7,23259.2
2022-06-04 00:48:41,56270.1,23775.8
2022-06-04 00:48:42,56073.3,23972.6
2022-06-04 00:48:43,56136.7,23909.4
2022-06-04 00:48:44,55995.6,24050.4
2022-06-04 00:48:45,56219.7,23826.2
2022-06-04 00:48:46,56354,23692.1
2022-06-04 00:48:47,56308.7,23737.1
2022-06-04 00:48:48,56911.1,23134.8
2022-06-04 00:48:49,57112.7,22933.2
2022-06-04 00:48:50,58629.4,21416.5
2022-06-04 00:48:51,58646.6,21399.3
2022-06-04 00:48:52,58103,21943
2022-06-04 00:48:53,57340.7,22705.3
2022-06-04 00:48:54,57679.5,22366.4
2022-06-04 00:48:55,57197,22849
2022-06-04 00:48:56,57069.9,22976
2022-06-04 00:48:57,57263.1,22782.8
2022-06-04 00:48:58,55997.4,24048.5
2022-06-04 00:48:59,55023.4,25022.6
2022-06-04 00:49:00,55224.1,24821.8
2022-06-04 00:49:01,54718.2,25327.6
2022-06-04 00:49:02,55562.7,24483.2
2022-06-04 00:49:03,57812.6,22233.3
2022-06-04 00:49:04,57503,22543
2022-06-04 00:49:05,58986.6,21059.4
2022-06-04 00:49:06,58892.7,21153.3
2022-06-04 00:49:07,58553.3,21492.7
2022-06-04 00:49:08,58029,22017
2022-06-04 00:49:09,57261.3,22784.6
2022-06-04 00:49:10,56682.8,23363.1
2022-06-04 00:49:11,56463.5,23582.4
2022-06-04 00:49:12,55891.9,24154.1
2022-06-04 00:49:13,55230.3,24815.7
2022-06-04 00:49:14,54963.3,25082.6
2022-06-04 00:49:15,55185.6,24860.3
2022-06-04 00:49:16,56079.3,23966.5
2022-06-04 00:49:17,57771.7,22274.3
2022-06-04 00:49:18,58424.9,21621.1
2022-06-04 00:49:19,58799,21246.8
2022-06-04 00:49:20,59287.7,20758.2
2022-06-04 00:49:21,58359.1,21686.8
2022-06-04 00:49:22,57854.2,22191.7
2022-06-04 00:49:23,56790.6,23255.3
2022-06-04 00:49:24,55779.3,24266.7
2022-06-04 00:49:25,55673.4,24372.6
2022-06-04 00:49:26,55166.4,24879.5
2022-06-04 00:49:27,55755.2,24290.7
2022-06-04 00:49:28,57134.8,22911.1
2022-06-04 00:49:29,56832.6,23213.3
2022-06-04 00:49:30,56680.6,23365.3
2022-06-04 00:49:31,56725.3,23320.6
2022-06-04 00:49:32,57753,22292.9
2022-06-04 00:49:33,57671.7,22374.3
2022-06-04 00:49:34,57703.9,22342.1
2022-06-04 00:49:35,58260.9,21784.9
2022-06-04 00:49:36,57181,22865
2022-06-04 00:49:37,56224.2,23821.8
2022-06-04 00:49:38,55631.6,24414.5
2022-06-04 00:49:39,55964.9,24081
2022-06-04 00:49:40,57381.8,22664.3
2022-06-04 00:49:41,57470,22576
2022-06-04 00:49:42,56976.1,23069.7
2022-06-04 00:49:43,56836.5,23209.5
2022-06-04 00:49:44,56106.4,23939.4
2022-06-04 00:49:45,56295.9,23750.1
2022-06-04 00:49:46,56601.9,23444
2022-06-04 00:49:47,57443.3,22602.7
2022-06-04 00:49:48,57024.9,23021
2022-06-04 00:49:49,58044.3,22001.6
2022-06-04 00:49:50,57610.8,22435.2
2022-06-04 00:49:51,57765.4,22280.5
2022-06-04 00:49:52,57270.1,22775.9
2022-06-04 00:49:53,57683.6,22362.3
2022-06-04 00:49:54,57044.2,23001.7
2022-06-04 00:49:55,56307.8,23738
2022-06-04 00:49:56,56340.2,23705.9
2022-06-04 00:49:57,57069.2,22976.7
2022-06-04 00:49:58,56743.7,23302.2
2022-06-04 00:49:59,55489.2,24556.8
2022-06-04 00:50:00,56311.3,23734.7
2022-06-04 00:50:01,55822.8,24223.1
2022-06-04 00:50:02,57050,22995.9
2022-06-04 00:50:03,57770.8,22275.2
2022-06-04 00:50:04,58464.8,21581.1
2022-06-04 00:50:05,58557.3,21488.7
2022-06-04 00:50:06,58305.8,21740.2
2022-06-04 00:50:07,57862.4,22183.3
2022-06-04 00:50:08,56976,23070
2022-06-04 00:50:09,56208.2,23837.7
2022-06-04 00:50:10,55415.5,24630.4
2022-06-04 00:50:11,55860.6,24185.1
2022-06-04 00:50:12,56247.4,23798.6
2022-06-04 00:50:13,57284.6,22761.3
2022-06-04 00:50:14,56683.4,23362.5
2022-06-04 00:50:15,55778.5,24267.4
2022-06-04 00:50:16,56548.1,23497.7
2022-06-04 00:50:17,56794.4,23251.5
2022-06-04 00:50:18,57227.3,22818.6
2022-06-04 00:50:19,58839.3,21206.6
2022-06-04 00:50:20,58089.1,21956.9
2022-06-04 00:50:21,57338,22707.9
2022-06-04 00:50:22,56831.3,23214.6
2022-06-04 00:50:23,56128.8,23917
2022-06-04 00:50:24,56458.4,23587.6
2022-06-04 00:50:25,56551.4,23494.4
2022-06-04 00:50:26,56355.4,23690.6
2022-06-04 00:50:27,56391,23655
2022-06-04 00:50:28,56452.4,23593.4
2022-06-04 00:50:29,56269.5,23776.5
2022-06-04 00:50:30,56780.6,23265.3
2022-06-04 00:50:31,56856.9,23188.9
2022-06-04 00:50:32,57364.4,22681.4
2022-06-04 00:50:33,57777.5,22268.4
2022-06-04 00:50:34,58324.8,21721.2
2022-06-04 00:50:35,57888,22157.9
2022-06-04 00:50:36,57554.8,22491.2
2022-06-04 00:50:37,56720.6,23325.3
2022-06-04 00:50:38,55730.3,24315.6
2022-06-04 00:50:39,56009.6,24036.4
2022-06-04 00:50:40,56601,23444.9
2022-06-04 00:50:41,56937.9,23108
2022-06-04 00:50:42,56347,23698.9
2022-06-04 00:50:43,55947.6,24098.4
2022-06-04 00:50:44,56401.7,23644.3
2022-06-04 00:50:45,56496.2,23549.7
2022-06-04 00:50:46,57985.9,22060
2022-06-04 00:50:47,58532.4,21513.5
2022-06-04 00:50:48,58389.2,21656.7
2022-06-04 00:50:49,57675.1,22370.8
2022-06-04 00:50:50,57096.8,22949.1
2022-06-04 00:50:51,56691.8,23354.2
2022-06-04 00:50:52,56524,23521.9
2022-06-04 00:50:53,56501.9,23544
2022-06-04 00:50:54,56716.7,23329.3
2022-06-04 00:50:55,56789.5,23256.5
2022-06-04 00:50:56,57154.3,22891.7
2022-06-04 00:50:57,56876.7,23169.2
2022-06-04 00:50:58,57219.4,22826.6
2022-06-04 00:50:59,56909.1,23136.9
2022-06-04 00:51:00,56839.8,23206.2
2022-06-04 00:51:01,57008.6,23037.3
2022-06-04 00:51:02,57757.6,22288.2
2022-06-04 00:51:03,57401.1,22644.8
2022-06-04 00:51:04,57085.6,22960.4
2022-06-04 00:51:05,56764.8,23281.1
2022-06-04 00:51:06,55751.6,24294.3
2022-06-04 00:51:07,56042.7,24003.2
2022-06-04 00:51:08,56400.9,23645.1
2022-06-04 00:51:09,57354.1,22691.9
2022-06-04 00:51:10,57772.3,22273.6
2022-06-04 00:51:11,57029.3,23016.7
2022-06-04 00:51:12,56471.9,23574.1
2022-06-04 00:51:13,56757.2,23288.7
2022-06-04 00:51:14,56087.3,23958.6
2022-06-04 00:51:15,56968.2,23077.8
2022-06-04 00:51:16,57365.6,22680.3
2022-06-04 00:51:17,57175,22871.1
2022-06-04 00:51:18,57245.5,22800.3
2022-06-04 00:51:19,56736.8,23309.1
2022-06-04 00:51:20,56810.7,23235.2
2022-06-04 00:51:21,57639,22406.8
2022-06-04 00:51:22,57411.6,22634.4
2022-06-04 00:51:23,57851.5,22194.3
2022-06-04 00:51:24,56935.8,23110.2
2022-06-04 00:51:25,56403.6,23642.3
2022-06-04 00:51:26,55910.9,24135.2
2022-06-04 00:51:27,56706,23339.9
2022-06-04 00:51:28,55810.7,24235.2
2022-06-04 00:51:29,55957.9,24088.1
2022-06-04 00:51:30,56548.1,23497.8
2022-06-04 00:51:31,56921,23124.9
2022-06-04 00:51:32,58450.9,21595
2022-06-04 00:51:33,58352.1,21693.8
2022-06-04 00:51:34,58136.7,21909.2
2022-06-04 00:51:35,57290.2,22755.7
2022-06-04 00:51:36,57455.1,22590.8
2022-06-04 00:51:37,57121,22924.9
2022-06-04 00:51:38,57496.7,22549.2
2022-06-04 00:51:39,56373.8,23672.1
2022-06-04 00:51:40,55925.8,24120.2
2022-06-04 00:51:41,55735.7,24310.3
2022-06-04 00:51:42,56099.6,23946.2
2022-06-04 00:51:43,56216.8,23829
2022-06-04 00:51:44,57102,22943.8
2022-06-04 00:51:45,57241,22804.8
2022-06-04 00:51:46,58169.3,21876.6
2022-06-04 00:51:47,57816.5,22229.4
2022-06-04 00:51:48,57910.2,22135.7
2022-06-04 00:51:49,57459.3,22586.7
2022-06-04 00:51:50,57089.7,22956.2
2022-06-04 00:51:51,56741.7,23304.2
2022-06-04 00:51:52,56868.7,23177.1
2022-06-04 00:51:53,56738.7,23307.3
2022-06-04 00:51:54,56599.9,23446
2022-06-04 00:51:55,55986.6,24059.4
2022-06-04 00:51:56,56596.3,23449.7
2022-06-04 00:51:57,56272.1,23773.9
2022-06-04 00:51:58,56836.9,23209
2022-06-04 00:51:59,57113,22932.9
2022-06-04 00:52:00,57777.1,22268.8
2022-06-04 00:52:01,57067.4,22978.5
2022-06-04 00:52:02,57880.1,22165.8
2022-06-04 00:52:03,57540.5,22505.3
2022-06-04 00:52:04,56936.5,23109.5
2022-06-04 00:52:05,56381.2,23664.6
2022-06-04 00:52:06,57046.4,22999.6
2022-06-04 00:52:07,56718.1,23327.9
2022-06-04 00:52:08,56650.1,23395.8
2022-06-04 00:52:09,56873.6,23172.3
2022-06-04 00:52:10,57557.8,22488.1
2022-06-04 00:52:11,57141.7,22904.2
2022-06-04 00:52:12,56877.1,23168.9
2022-06-04 00:52:13,56151.6,23894.4
2022-06-04 00:52:14,56042.3,24003.5
2022-06-04 00:52:15,56936,23110
2022-06-04 00:52:16,56447.6,23598.4
2022-06-04 00:52:17,57347.7,22698.3
2022-06-04 00:52:18,58077.8,21968.2
2022-06-04 00:52:19,57108.4,22937.6
2022-06-04 00:52:20,57001.8,23044.2
2022-06-04 00:52:21,56942.6,23103.3
2022-06-04 00:52:22,57299.6,22746.3
2022-06-04 00:52:23,57496.8,22549.2
2022-06-04 00:52:24,57281.9,22764
2022-06-04 00:52:25,56576.1,23469.9
2022-06-04 00:52:26,56154.9,23891
2022-06-04 00:52:27,55705.6,24340.4
2022-06-04 00:52:28,56476.8,23569.2
2022-06-04 00:52:29,56756.5,23289.4
2022-06-04 00:52:30,58133,21912.9
2022-06-04 00:52:31,57740.4,22305.6
2022-06-04 00:52:32,57374,22671.8
2022-06-04 00:52:33,57121.2,22924.8
2022-06-04 00:52:34,57510.7,22535.3
2022-06-04 00:52:35,57307.7,22738.3
2022-06-04 00:52:36,58219.8,21826.1
2022-06-04 00:52:37,57625.9,22420
2022-06-04 00:52:38,56619.1,23426.8
2022-06-04 00:52:39,55979.2,24066.8
2022-06-04 00:52:40,56034.6,24011.4
2022-06-04 00:52:41,56907.9,23138
2022-06-04 00:52:42,56204.6,23841.4
2022-06-04 00:52:43,55770.9,24275.1
2022-06-04 00:52:44,56667.7,23378.2
2022-06-04 00:52:45,57227.2,22818.7
2022-06-04 00:52:46,57161.1,22884.7
2022-06-04 00:52:47,57935.3,22110.5
2022-06-04 00:52:48,58076.2,21969.7
2022-06-04 00:52:49,57806.4,22239.6
2022-06-04 00:52:50,57748.3,22297.6
2022-06-04 00:52:51,56927,23118.8
2022-06-04 00:52:52,57367.4,22678.5
2022-06-04 00:52:53,56677.9,23368.1
2022-06-04 00:52:54,56218.7,23827.3
2022-06-04 00:52:55,56237.8,23808
2022-06-04 00:52:56,55708.3,24337.6
2022-06-04 00:52:57,55288.4,24757.5
2022-06-04 00:52:58,55954.6,24091.4
2022-06-04 00:52:59,56409.7,23636.1
2022-06-04 00:53:00,57429.9,22616
2022-06-04 00:53:01,58255.1,21790.9
2022-06-04 00:53:02,57689.1,22356.8
2022-06-04 00:53:03,57100.9,22945.1
2022-06-04 00:53:04,57685.3,22360.7
2022-06-04 00:53:05,57594.9,22451
2022-06-04 00:53:06,57975.3,22070.6
2022-06-04 00:53:07,56801.3,23244.5
2022-06-04 00:53:08,56061.3,23984.5
2022-06-04 00:53:09,55278.6,24767.5
2022-06-04 00:53:10,55070.2,24975.7
2022-06-04 00:53:11,55863.1,24182.8
2022-06-04 00:53:12,56674.8,23371.1
2022-06-04 00:53:13,57570.4,22475.6
2022-06-04 00:53:14,57543.8,22502.1
2022-06-04 00:53:15,57797.3,22248.7
2022-06-04 00:53:16,58098.4,21947.4
2022-06-04 00:53:17,58118.9,21927.1
2022-06-04 00:53:18,58741.9,21304.2
2022-06-04 00:53:19,57901.9,22144.1
2022-06-04 00:53:20,56955.5,23090.5
2022-06-04 00:53:21,56011.6,24034.4
2022-06-04 00:53:22,55611.9,24434.2
2022-06-04 00:53:23,56113.2,23932.7
2022-06-04 00:53:24,55523.5,24522.4
2022-06-04 00:53:25,56288.6,23757.4
2022-06-04 00:53:26,56412.9,23633
2022-06-04 00:53:27,56383.3,23662.8
2022-06-04 00:53:28,57486.9,22559.1
2022-06-04 00:53:29,58712.7,21333.1
2022-06-04 00:53:30,58447,21598.8
2022-06-04 00:53:31,57918.5,22127.5
2022-06-04 00:53:32,58143.5,21902.4
2022-06-04 00:53:33,57532.6,22513.5
2022-06-04 00:53:34,56867.3,23178.6
2022-06-04 00:53:35,56434.2,23611.8
2022-06-04 00:53:36,56003.3,24042.7
2022-06-04 00:53:37,55495,24550.9
2022-06-04 00:53:38,55583.8,24462.1
2022-06-04 00:53:39,56638.1,23407.8
2022-06-04 00:53:40,56347,23699
2022-06-04 00:53:41,56444.7,23601.2
2022-06-04 00:53:42,56943.9,23102
2022-06-04 00:53:43,57666.5,22379.4
2022-06-04 00:53:44,58285.5,21760.5
2022-06-04 00:53:45,57925.6,22120.3
2022-06-04 00:53:46,57967.3,22078.6
2022-06-04 00:53:47,57085.2,22960.8
2022-06-04 00:53:48,57111.7,22934.1
2022-06-04 00:53:49,57472.3,22573.6
2022-06-04 00:53:50,56754.9,23291
2022-06-04 00:53:51,56411.4,23634.6
2022-06-04 00:53:52,55827.9,24217.9
2022-06-04 00:53:53,56540.4,23505.5
2022-06-04 00:53:54,55956.7,24089.2
2022-06-04 00:53:55,56659.6,23386.3
2022-06-04 00:53:56,56627,23418.9
2022-06-04 00:53:57,56718.3,23327.5
2022-06-04 00:53:58,57325.7,22720.2
2022-06-04 00:53:59,57447.1,22598.8
2022-06-04 00:54:00,57780.6,22265.3
2022-06-04 00:54:01,58490.2,21555.7
2022-06-04 00:54:02,58296.1,21749.8
2022-06-04 00:54:03,58088.4,21957.5
2022-06-04 00:54:04,56928.4,23117.6
2022-06-04 00:54:05,56156.6,23889.4
2022-06-04 00:54:06,55968.8,24077.2
2022-06-04 00:54:07,55699.5,24346.3
2022-06-04 00:54:08,56308.8,23737.1
2022-06-04 00:54:09,55815.1,24230.9
2022-06-04 00:54:10,55746.1,24299.8
2022-06-04 00:54:11,56093.9,23952.1
2022-06-04 00:54:12,57184.5,22861.5
2022-06-04 00:54:13,58058.5,21987.3
2022-06-04 00:54:14,58673,21372.8
2022-06-04 00:54:15,58785.6,21260.4
2022-06-04 00:54:16,57936.8,22109.1
2022-06-04 00:54:17,57929,22116.9
2022-06-04 00:54:18,56648.9,23397.2
2022-06-04 00:54:19,56018.9,24027
2022-06-04 00:54:20,55913,24132.9
2022-06-04 00:54:21,55776.1,24269.9
2022-06-04 00:54:22,55645,24400.9
2022-06-04 00:54:23,56309.6,23736.3
2022-06-04 00:54:24,56387.5,23658.4
2022-06-04 00:54:25,56923.6,23122.3
2022-06-04 00:54:26,57164.3,22881.7
2022-06-04 00:54:27,58584,21461.9
2022-06-04 00:54:28,58080.8,21965
2022-06-04 00:54:29,58037.2,22008.8
2022-06-04 00:54:30,57512.9,22533
2022-06-04 00:54:31,57503,22542.9
2022-06-04 00:54:32,57523.2,22522.8
2022-06-04 00:54:33,56416.2,23629.8
2022-06-04 00:54:34,56306,23739.9
2022-06-04 00:54:35,56105.7,23940.3
2022-06-04 00:54:36,55519.1,24526.8
2022-06-04 00:54:37,55120.1,24925.9
2022-06-04 00:54:38,55899.4,24146.5
2022-06-04 00:54:39,57239.2,22806.7
2022-06-04 00:54:40,57404.6,22641.4
2022-06-04 00:54:41,57730.3,22315.7
2022-06-04 00:54:42,57408.3,22637.7
2022-06-04 00:54:43,57405.4,22640.6
2022-06-04 00:54:44,57951.6,22094.3
2022-06-04 00:54:45,58179.5,21866.3
2022-06-04 00:54:46,57539,22506.9
2022-06-04 00:54:47,57361.7,22684.1
2022-06-04 00:54:48,56398.5,23647.4
2022-06-04 00:54:49,56044.9,24001
2022-06-04 00:54:50,55706.9,24339.1
2022-06-04 00:54:51,55735.8,24310.2
2022-06-04 00:54:52,56147.2,23898.7
2022-06-04 00:54:53,56317.9,23728
2022-06-04 00:54:54,55854.7,24191.3
2022-06-04 00:54:55,57424,22621.8
2022-06-04 00:54:56,59465.3,20580.6
2022-06-04 00:54:57,58961.8,21084.1
2022-06-04 00:54:58,58385.5,21660.3
2022-06-04 00:54:59,57731.8,22314.1
2022-06-04 00:55:00,56704,23341.9
2022-06-04 00:55:01,56952,23093.9
2022-06-04 00:55:02,55991.9,24054
2022-06-04 00:55:03,55815.5,24230.5
2022-06-04 00:55:04,55331.3,24714.7
2022-06-04 00:55:05,55259.2,24786.7
2022-06-04 00:55:06,55919.4,24126.5
2022-06-04 00:55:07,56740.6,23305.2
2022-06-04 00:55:08,58011.4,22034.5
2022-06-04 00:55:09,59246,20799.9
2022-06-04 00:55:10,58330.6,21715.4
2022-06-04 00:55:11,59160.1,20886
2022-06-04 00:55:12,58441.5,21604.4
2022-06-04 00:55:13,57281.9,22764
2022-06-04 00:55:14,56546.8,23499.1
2022-06-04 00:55:15,56333.4,23712.4
2022-06-04 00:55:16,55622,24423.9
2022-06-04 00:55:17,55948.2,24097.7
2022-06-04 00:55:18,55677.3,24368.7
2022-06-04 00:55:19,55474.5,24571.3
2022-06-04 00:55:20,55631.5,24414.5
2022-06-04 00:55:21,56235.4,23810.5
2022-06-04 00:55:22,57093.7,22952.2
2022-06-04 00:55:23,57508.8,22537
2022-06-04 00:55:24,57854.7,22191.3
2022-06-04 00:55:25,57794.2,22251.8
2022-06-04 00:55:26,57348.1,22697.7
2022-06-04 00:55:27,57212.9,22832.9
2022-06-04 00:55:28,57425.2,22620.8
2022-06-04 00:55:29,57207.9,22838
2022-06-04 00:55:30,57262.9,22783.1
2022-06-04 00:55:31,57486.2,22559.6
2022-06-04 00:55:32,56377.3,23668.6
2022-06-04 00:55:33,55501.9,24544.1
2022-06-04 00:55:34,56158.7,23887.2
2022-06-04 00:55:35,55908.7,24137.3
2022-06-04 00:55:36,54894.2,25151.7
2022-06-04 00:55:37,55794.3,24251.5
2022-06-04 00:55:38,56295.9,23750
2022-06-04 00:55:39,55769.1,24277
2022-06-04 00:55:40,56477.6,23568.3
2022-06-04 00:55:41,57501.5,22544.4
2022-06-04 00:55:42,58282.2,21763.8
2022-06-04 00:55:43,57748.3,22297.7
2022-06-04 00:55:44,57908.6,22137.2
2022-06-04 00:55:45,57120.6,22925.3
2022-06-04 00:55:46,56299.8,23746.1
2022-06-04 00:55:47,56653.8,23392.1
2022-06-04 00:55:48,56681.3,23364.6
2022-06-04 00:55:49,55749.3,24296.6
2022-06-04 00:55:50,54706.6,25339.3
2022-06-04 00:55:51,54120.7,25925.3
2022-06-04 00:55:52,54462.7,25583.2
2022-06-04 00:55:53,56349.7,23696.2
2022-06-04 00:55:54,56861.1,23184.8
2022-06-04 00:55:55,57275.6,22770.3
2022-06-04 00:55:56,57735.9,22310
2022-06-04 00:55:57,58134,21911.8
2022-06-04 00:55:58,57988,22057.8
2022-06-04 00:55:59,57585.9,22460.1
2022-06-04 00:56:00,57234.7,22811.3
2022-06-04 00:56:01,56885.7,23160.2
2022-06-04 00:56:02,56079.1,23966.7
2022-06-04 00:56:03,55178.6,24867.3
2022-06-04 00:56:04,55151.5,24894.5
2022-06-04 00:56:05,55475.9,24570
2022-06-04 00:56:06,55940.5,24105.5
2022-06-04 00:56:07,55920.8,24125.2
2022-06-04 00:56:08,55978,24067.9
2022-06-04 00:56:09,56041.5,24004.5
2022-06-04 00:56:10,56666.7,23379.2
2022-06-04 00:56:11,57862.2,22183.8
2022-06-04 00:56:12,58078.7,21967.2
2022-06-04 00:56:13,57715,22330.9
2022-06-04 00:56:14,56917.9,23128
2022-06-04 00:56:15,56362.7,23683.3
2022-06-04 00:56:16,57054.5,22991.5
2022-06-04 00:56:17,56079,23967
2022-06-04 00:56:18,55748.3,24297.7
2022-06-04 00:56:19,55774.8,24271.1
2022-06-04 00:56:20,55688.6,24357.3
2022-06-04 00:56:21,55818.8,24227.2
2022-06-04 00:56:22,56636,23410
2022-06-04 00:56:23,56498.7,23547.3
2022-06-04 00:56:24,56421.3,23624.6
2022-06-04 00:56:25,56422.2,23623.7
2022-06-04 00:56:26,57163.5,22882.4
2022-06-04 00:56:27,57866.2,22179.8
2022-06-04 00:56:28,58071.9,21974.1
2022-06-04 00:56:29,57107.6,22938.4
2022-06-04 00:56:30,56453.8,23592.1
2022-06-04 00:56:31,55939.6,24106.4
2022-06-04 00:56:32,56381.2,23664.8
2022-06-04 00:56:33,56114.6,23931.2
2022-06-04 00:56:34,55874.4,24171.5
2022-06-04 00:56:35,56112.8,23933.2
2022-06-04 00:56:36,56172.5,23873.4
2022-06-04 00:56:37,56367,23678.8
2022-06-04 00:56:38,56822.9,23223
2022-06-04 00:56:39,56826.4,23219.5
2022-06-04 00:56:40,57121.5,22924.3
2022-06-04 00:56:41,56845.8,23200.2
2022-06-04 00:56:42,57260.7,22785.2
2022-06-04 00:56:43,57061,22984.9
2022-06-04 00:56:44,56317.2,23728.7
2022-06-04 00:56:45,56294.3,23751.6
2022-06-04 00:56:46,56176,23870
2022-06-04 00:56:47,56374.6,23671.4
2022-06-04 00:56:48,56823.6,23222.4
2022-06-04 00:56:49,56670,23376
2022-06-04 00:56:50,57096,22950
2022-06-04 00:56:51,56933.1,23112.9
2022-06-04 00:56:52,56728.4,23317.6
2022-06-04 00:56:53,56590.1,23455.7
2022-06-04 00:56:54,56813.4,23232.7
2022-06-04 00:56:55,56308.9,23737
2022-06-04 00:56:56,55551.3,24494.7
2022-06-04 00:56:57,56174.3,23871.6
2022-06-04 00:56:58,56064.2,23981.7
2022-06-04 00:56:59,56290.5,23755.5
2022-06-04 00:57:00,56965.4,23080.4
2022-06-04 00:57:01,57350.4,22695.5
2022-06-04 00:57:02,57931.8,22114.2
2022-06-04 00:57:03,57436.1,22609.8
2022-06-04 00:57:04,56831.6,23214.4
2022-06-04 00:57:05,56313.7,23732.2
2022-06-04 00:57:06,55882.6,24163.3
2022-06-04 00:57:07,56103.8,23942.1
2022-06-04 00:57:08,55079.4,24966.6
2022-06-04 00:57:09,55489.4,24556.5
2022-06-04 00:57:10,54989.1,25056.9
2022-06-04 00:57:11,55907.1,24138.9
2022-06-04 00:57:12,57964.8,22081.2
2022-06-04 00:57:13,58224.2,21821.7
2022-06-04 00:57:14,58446.1,21599.7
2022-06-04 00:57:15,58276.2,21769.8
2022-06-04 00:57:16,57872.2,22173.8
2022-06-04 00:57:17,57018.6,23027.2
2022-06-04 00:57:18,55908.5,24137.3
2022-06-04 00:57:19,55697.1,24348.8
2022-06-04 00:57:20,54490.6,25555.3
2022-06-04 00:57:21,53530.9,26515
2022-06-04 00:57:22,54893.1,25152.8
2022-06-04 00:57:23,55911.1,24134.7
2022-06-04 00:57:24,56960.7,23085.2
2022-06-04 00:57:25,57881.1,22164.8
2022-06-04 00:57:26,58118.4,21927.5
2022-06-04 00:57:27,58488.8,21557.2
2022-06-04 00:57:28,58279.5,21766.5
2022-06-04 00:57:29,57902.3,22143.5
2022-06-04 00:57:30,56799.4,23246.5
2022-06-04 00:57:31,56252.2,23793.7
2022-06-04 00:57:32,55116.2,24929.7
2022-06-04 00:57:33,55271.1,24774.8
2022-06-04 00:57:34,55321.9,24724.1
2022-06-04 00:57:35,55474.4,24571.6
2022-06-04 00:57:36,56596.6,23449.4
2022-06-04 00:57:37,56910.5,23135.3
2022-06-04 00:57:38,56612.7,23433.3
2022-06-04 00:57:39,56395.7,23650.2
2022-06-04 00:57:40,56882.5,23163.4
2022-06-04 00:57:41,57118.1,22927.8
2022-06-04 00:57:42,57549.6,22496.2
2022-06-04 00:57:43,57355.3,22690.6
2022-06-04 00:57:44,56479,23567
2022-06-04 00:57:45,55920.6,24125.3
2022-06-04 00:57:46,56073,23972.9
2022-06-04 00:57:47,56714.7,23331.2
2022-06-04 00:57:48,57104.1,22941.8
2022-06-04 00:57:49,57448.3,22597.8
2022-06-04 00:57:50,57001.5,23044.4
2022-06-04 00:57:51,56297.8,23748.2
2022-06-04 00:57:52,55502.7,24543.3
2022-06-04 00:57:53,55724.6,24321.2
2022-06-04 00:57:54,56087.1,23958.8
2022-06-04 00:57:55,55979.3,24066.8
2022-06-04 00:57:56,56288.6,23757.3
2022-06-04 00:57:57,57242.7,22803.2
2022-06-04 00:57:58,57517.9,22528.2
2022-06-04 00:57:59,57392.7,22653.2
2022-06-04 00:58:00,57677.1,22368.9
2022-06-04 00:58:01,58018.2,22027.8
2022-06-04 00:58:02,57613.2,22432.7
2022-06-04 00:58:03,57081,22964.9
2022-06-04 00:58:04,56499,23547
2022-06-04 00:58:05,55449.6,24596.3
2022-06-04 00:58:06,55084.8,24961.1
2022-06-04 00:58:07,55074.9,24971
2022-06-04 00:58:08,55285.2,24760.6
2022-06-04 00:58:09,55586.9,24459
2022-06-04 00:58:10,56670.5,23375.4
2022-06-04 00:58:11,56946.7,23099.2
2022-06-04 00:58:12,57440.3,22605.6
2022-06-04 00:58:13,57628.2,22417.6
2022-06-04 00:58:14,57988.2,22057.7
2022-06-04 00:58:15,57633.3,22412.5
2022-06-04 00:58:16,56642.3,23403.7
2022-06-04 00:58:17,56580.1,23465.8
2022-06-04 00:58:18,55915.5,24130.5
2022-06-04 00:58:19,55525.3,24520.6
2022-06-04 00:58:20,55159.5,24886.4
2022-06-04 00:58:21,56208.2,23837.7
2022-06-04 00:58:22,55606.9,24439
2022-06-04 00:58:23,55780.1,24266
2022-06-04 00:58:24,55150.7,24895.2
2022-06-04 00:58:25,57028.9,23016.9
2022-06-04 00:58:26,58717.3,21328.7
2022-06-04 00:58:27,58550.9,21495.2
2022-06-04 00:58:28,58045.6,22000.4
2022-06-04 00:58:29,57793.5,22252.5
2022-06-04 00:58:30,56906.7,23139.2
2022-06-04 00:58:31,57088.9,22957
2022-06-04 00:58:32,56613.5,23432.4
2022-06-04 00:58:33,56471.6,23574.4
2022-06-04 00:58:34,56361.7,23684.2
2022-06-04 00:58:35,55718.4,24327.6
2022-06-04 00:58:36,54814.4,25231.5
2022-06-04 00:58:37,55287.6,24758.2
2022-06-04 00:58:38,55574.5,24471.4
2022-06-04 00:58:39,56098,23948
2022-06-04 00:58:40,57458.4,22587.6
2022-06-04 00:58:41,58664.7,21381.3
2022-06-04 00:58:42,58434,21611.9
2022-06-04 00:58:43,57982.4,22063.5
2022-06-04 00:58:44,57818.9,22227
2022-06-04 00:58:45,57526.1,22519.9
2022-06-04 00:58:46,56578.8,23467
2022-06-04 00:58:47,55960.2,24085.7
2022-06-04 00:58:48,54756.1,25289.8
2022-06-04 00:58:49,54748.4,25297.5
2022-06-04 00:58:50,55228.5,24817.4
2022-06-04 00:58:51,55654.5,24391.4
2022-06-04 00:58:52,54936.8,25109.2
2022-06-04 00:58:53,55594.9,24451
2022-06-04 00:58:54,56986.6,23059.4
2022-06-04 00:58:55,59739.2,20306.7
2022-06-04 00:58:56,59043.2,21002.8
2022-06-04 00:58:57,58109.8,21936.2
2022-06-04 00:58:58,57341.1,22704.8
2022-06-04 00:58:59,56510.4,23535.6
2022-06-04 00:59:00,56335,23711
2022-06-04 00:59:01,55962.5,24083.3
2022-06-04 00:59:02,55550.8,24495.1
2022-06-04 00:59:03,55334.4,24711.6
2022-06-04 00:59:04,55405.1,24640.8
2022-06-04 00:59:05,56444.1,23601.8
2022-06-04 00:59:06,55855.7,24190.2
2022-06-04 00:59:07,55994.9,24051
2022-06-04 00:59:08,57032.4,23013.6
2022-06-04 00:59:09,57579.4,22466.5
2022-06-04 00:59:10,58221.5,21824.3
2022-06-04 00:59:11,57597.2,22448.7
2022-06-04 00:59:12,57336,22709.9
2022-06-04 00:59:13,57050.5,22995.4
2022-06-04 00:59:14,56556.4,23489.5
2022-06-04 00:59:15,57353.3,22692.6
2022-06-04 00:59:16,57391.3,22654.6
2022-06-04 00:59:17,57194.8,22851
2022-06-04 00:59:18,56109.7,23936.2
2022-06-04 00:59:19,56070.3,23975.5
2022-06-04 00:59:20,55808.1,24237.8
2022-06-04 00:59:21,55965.4,24080.5
2022-06-04 00:59:22,55488.4,24557.5
2022-06-04 00:59:23,56469.7,23576.2
2022-06-04 00:59:24,57331.8,22714
2022-06-04 00:59:25,57086.8,22959
2022-06-04 00:59:26,57263.4,22782.6
2022-06-04 00:59:27,58078.9,21967.1
2022-06-04 00:59:28,59092.4,20953.5
2022-06-04 00:59:29,58380.4,21665.6
2022-06-04 00:59:30,57543,22503
2022-06-04 00:59:31,56550.3,23495.6
2022-06-04 00:59:32,55545.2,24500.8
2022-06-04 00:59:33,54909.1,25136.9
2022-06-04 00:59:34,54405.9,25640
2022-06-04 00:59:35,54987.5,25058.4
2022-06-04 00:59:36,55465.6,24580.3
2022-06-04 00:59:37,56105.6,23940.2
2022-06-04 00:59:38,57521.6,22524.3
2022-06-04 00:59:39,58719.3,21326.7
2022-06-04 00:59:40,58989.1,21056.9
2022-06-04 00:59:41,59448.9,20597
2022-06-04 00:59:42,58966.9,21079
2022-06-04 00:59:43,57997.6,22048.4
2022-06-04 00:59:44,57004.6,23041.2
2022-06-04 00:59:45,56045.6,24000.3
2022-06-04 00:59:46,55240.9,24805
2022-06-04 00:59:47,54915.5,25130.4
2022-06-04 00:59:48,54266.8,25779.2
2022-06-04 00:59:49,54549.1,25496.8
2022-06-04 00:59:50,55334.3,24711.6
2022-06-04 00:59:51,57499.4,22546.5
2022-06-04 00:59:52,58247.8,21798.1
2022-06-04 00:59:53,59027,21018.9
2022-06-04 00:59:54,58621.4,21424.5
2022-06-04 00:59:55,58084.4,21961.6
2022-06-04 00:59:56,57541.8,22504.2
2022-06-04 00:59:57,56736.3,23309.6
2022-06-04 00:59:58,56875.4,23170.5
2022-06-04 00:59:59,56447.5,23598.3
2022-06-04 01:00:00,56171.2,23874.8
2022-06-04 01:00:01,55913.1,24132.8
2022-06-04 01:00:02,55219.1,24826.8
2022-06-04 01:00:03,54675,25370.9
2022-06-04 01:00:04,55322.7,24723.2
2022-06-04 01:00:05,57483.2,22562.8
2022-06-04 01:00:06,58114.9,21931.1
2022-06-04 01:00:07,57833.6,22212.3
2022-06-04 01:00:08,57142,22903.9
2022-06-04 01:00:09,56917.1,23128.8
2022-06-04 01:00:10,57573.5,22472.5
2022-06-04 01:00:11,58351.8,21694.3
2022-06-04 01:00:12,57980.3,22065.6
2022-06-04 01:00:13,57464.8,22581.2
2022-06-04 01:00:14,56526.7,23519.3
2022-06-04 01:00:15,55675.4,24370.6
2022-06-04 01:00:16,55602.8,24443.1
2022-06-04 01:00:17,55577.5,24468.5
2022-06-04 01:00:18,55453.2,24592.7
2022-06-04 01:00:19,55494.6,24551.3
2022-06-04 01:00:20,56224.8,23821.1
2022-06-04 01:00:21,56979.4,23066.4
2022-06-04 01:00:22,57215.1,22830.7
2022-06-04 01:00:23,57825.3,22220.6
2022-06-04 01:00:24,57267.3,22778.7
2022-06-04 01:00:25,58239.3,21806.6
2022-06-04 01:00:26,57610.5,22435.4
2022-06-04 01:00:27,56972.3,23073.6
2022-06-04 01:00:28,56451.4,23594.6
2022-06-04 01:00:29,56398.6,23647.3
2022-06-04 01:00:30,56031.2,24014.7
2022-06-04 01:00:31,55322.7,24723.2
2022-06-04 01:00:32,55054.8,24991.2
2022-06-04 01:00:33,55353,24692.9
2022-06-04 01:00:34,56390.2,23655.8
2022-06-04 01:00:35,57800.5,22245.3
2022-06-04 01:00:36,58540.8,21505
2022-06-04 01:00:37,57982.5,22063.4
2022-06-04 01:00:38,57172,22874
2022-06-04 01:00:39,56446.9,23599
2022-06-04 01:00:40,56641,23404.9
2022-06-04 01:00:41,57789.9,22256.1
2022-06-04 01:00:42,57754.7,22291.3
2022-06-04 01:00:43,56952,23094
2022-06-04 01:00:44,56320.2,23725.7
2022-06-04 01:00:45,55465.7,24580.1
2022-06-04 01:00:46,55375.5,24670.4
2022-06-04 01:00:47,55139.3,24906.6
2022-06-04 01:00:48,55909,24136.9
2022-06-04 01:00:49,56328.8,23717.1
2022-06-04 01:00:50,58246.1,21799.9
2022-06-04 01:00:51,57183.6,22862.5
2022-06-04 01:00:52,56683.8,23362.1
2022-06-04 01:00:53,57338.6,22707.4
2022-06-04 01:00:54,57753.6,22292.3
2022-06-04 01:00:55,58398.6,21647.4
2022-06-04 01:00:56,58219,21826.9
2022-06-04 01:00:57,57897.9,22148.1
2022-06-04 01:00:58,56786.1,23259.9
2022-06-04 01:00:59,55801.4,24244.5
2022-06-04 01:01:00,55190.3,24855.6
2022-06-04 01:01:01,55022.6,25023.2
2022-06-04 01:01:02,54917.7,25128.4
2022-06-04 01:01:03,55766,24280
2022-06-04 01:01:04,57017.5,23028.4
2022-06-04 01:01:05,57739,22307
2022-06-04 01:01:06,58528,21517.9
2022-06-04 01:01:07,58181.6,21864.4
2022-06-04 01:01:08,58199.2,21846.8
2022-06-04 01:01:09,58070.5,21975.6
2022-06-04 01:01:10,58204.9,21841
2022-06-04 01:01:11,57303.9,22742
2022-06-04 01:01:12,56621.5,23424.5
2022-06-04 01:01:13,55803.4,24242.5
2022-06-04 01:01:14,54753.8,25292.2
2022-06-04 01:01:15,54664.3,25381.6
2022-06-04 01:01:16,55623.9,24422.1
2022-06-04 01:01:17,55432.1,24613.7
2022-06-04 01:01:18,57665.8,22380
2022-06-04 01:01:19,58762.4,21283.5
2022-06-04 01:01:20,59180.6,20865.2
2022-06-04 01:01:21,58834.7,21211.2
2022-06-04 01:01:22,57948.1,22097.8
2022-06-04 01:01:23,57333.9,22712
2022-06-04 01:01:24,56461.3,23584.7
2022-06-04 01:01:25,56468.6,23577.3
2022-06-04 01:01:26,56387.2,23658.7
2022-06-04 01:01:27,55799.6,24246.2
2022-06-04 01:01:28,56323.2,23722.7
2022-06-04 01:01:29,55827.9,24218.1
2022-06-04 01:01:30,56931.5,23114.3
2022-06-04 01:01:31,57187.4,22858.6
2022-06-04 01:01:32,57862.9,22183
2022-06-04 01:01:33,57585.7,22460.3
2022-06-04 01:01:34,57598.5,22447.4
2022-06-04 01:01:35,57277.2,22768.7
2022-06-04 01:01:36,56912.2,23133.7
2022-06-04 01:01:37,56435.7,23610.3
2022-06-04 01:01:38,55961.1,24084.8
2022-06-04 01:01:39,56087.4,23958.5
2022-06-04 01:01:40,57108.6,22937.2
2022-06-04 01:01:41,57043.8,23002
2022-06-04 01:01:42,57803.2,22242.6
2022-06-04 01:01:43,57441.2,22604.7
2022-06-04 01:01:44,57010.9,23035
2022-06-04 01:01:45,57023.9,23022.1
2022-06-04 01:01:46,56693.6,23352.3
2022-06-04 01:01:47,56412.6,23633.3
2022-06-04 01:01:48,56501.7,23544.2
2022-06-04 01:01:49,56452.8,23593.1
2022-06-04 01:01:50,56709.5,23336.5
2022-06-04 01:01:51,56776.1,23269.9
2022-06-04 01:01:52,57297.9,22748
2022-06-04 01:01:53,57065.2,22980.7
2022-06-04 01:01:54,57750.3,22295.6
2022-06-04 01:01:55,57861.8,22184
2022-06-04 01:01:56,57730.9,22315
2022-06-04 01:01:57,56776.7,23269.2
2022-06-04 01:01:58,56873.1,23172.8
2022-06-04 01:01:59,56597.7,23448.3
2022-06-04 01:02:00,55948.3,24097.8
2022-06-04 01:02:01,56265.3,23780.6
2022-06-04 01:02:02,56116.9,23929
2022-06-04 01:02:03,56471.7,23574.1
2022-06-04 01:02:04,56468.2,23577.7
2022-06-04 01:02:05,57025.9,23019.9
2022-06-04 01:02:06,57618.1,22427.9
2022-06-04 01:02:07,57554.6,22491.4
2022-06-04 01:02:08,57271.7,22774.2
2022-06-04 01:02:09,57081.8,22964
2022-06-04 01:02:10,56626.2,23419.8
2022-06-04 01:02:11,56232.7,23813.1
2022-06-04 01:02:12,55729.6,24316.3
2022-06-04 01:02:13,57236.3,22809.8
2022-06-04 01:02:14,56932.3,23113.7
2022-06-04 01:02:15,55724.3,24321.6
2022-06-04 01:02:16,55637,24408.9
2022-06-04 01:02:17,56781.9,23264
2022-06-04 01:02:18,57008.1,23037.8
2022-06-04 01:02:19,58240.3,21805.6
2022-06-04 01:02:20,58108.7,21937.3
2022-06-04 01:02:21,57665.5,22380.4
2022-06-04 01:02:22,56846.7,23199.2
2022-06-04 01:02:23,57353,22693
2022-06-04 01:02:24,57103,22943
2022-06-04 01:02:25,57012,23033.9
2022-06-04 01:02:26,57625.2,22420.8
2022-06-04 01:02:27,57778.8,22267.2
2022-06-04 01:02:28,57195.7,22850.3
2022-06-04 01:02:29,56544,23501.9
2022-06-04 01:02:30,56251,23794.9
2022-06-04 01:02:31,56071.1,23974.9
2022-06-04 01:02:32,56892.5,23153.4
2022-06-04 01:02:33,57287.5,22758.4
2022-06-04 01:02:34,57196.2,22849.7
2022-06-04 01:02:35,57321,22725
2022-06-04 01:02:36,56558,23487.8
2022-06-04 01:02:37,57176.3,22869.6
2022-06-04 01:02:38,57026,23019.8
2022-06-04 01:02:39,57517.9,22527.9
2022-06-04 01:02:40,57227.3,22818.6
2022-06-04 01:02:41,57928.4,22117.6
2022-06-04 01:02:42,57318.3,22727.6
2022-06-04 01:02:43,57042.5,23003.5
2022-06-04 01:02:44,57013.4,23032.6
2022-06-04 01:02:45,56758.7,23287.2
2022-06-04 01:02:46,56288.4,23757.4
2022-06-04 01:02:47,55843.5,24202.4
2022-06-04 01:02:48,55864.9,24181.1
2022-06-04 01:02:49,57323.2,22722.7
2022-06-04 01:02:50,57556.9,22489
2022-06-04 01:02:51,56704.2,23341.7
2022-06-04 01:02:52,56103.7,23942.2
2022-06-04 01:02:53,57189.5,22856.4
2022-06-04 01:02:54,57174.4,22871.4
2022-06-04 01:02:55,57820.4,22225.6
2022-06-04 01:02:56,58207.4,21838.5
2022-06-04 01:02:57,58028.2,22017.7
2022-06-04 01:02:58,57430.1,22615.8
2022-06-04 01:02:59,56974.7,23071.3
2022-06-04 01:03:00,56295.9,23750.1
2022-06-04 01:03:01,55932.2,24113.7
2022-06-04 01:03:02,55152.2,24893.7
2022-06-04 01:03:03,55472.1,24573.8
2022-06-04 01:03:04,55767.1,24278.8
2022-06-04 01:03:05,56466.3,23579.7
2022-06-04 01:03:06,57192.1,22853.9
2022-06-04 01:03:07,57674.5,22371.4
2022-06-04 01:03:08,58436,21609.9
2022-06-04 01:03:09,58653.2,21392.7
2022-06-04 01:03:10,58150.5,21895.4
2022-06-04 01:03:11,58552.6,21493.4
2022-06-04 01:03:12,58020.5,22025.5
2022-06-04 01:03:13,57266.1,22779.9
2022-06-04 01:03:14,56028.4,24017.6
2022-06-04 01:03:15,55458.3,24587.7
2022-06-04 01:03:16,54257.5,25788.4
2022-06-04 01:03:17,54439.2,25606.6
2022-06-04 01:03:18,55533.7,24512.2
2022-06-04 01:03:19,56608,23438
2022-06-04 01:03:20,57485.8,22560
2022-06-04 01:03:21,58232.5,21813.5
2022-06-04 01:03:22,59642.1,20403.8
2022-06-04 01:03:23,59057.2,20988.7
2022-06-04 01:03:24,58663.8,21382.1
2022-06-04 01:03:25,58208,21837.9
2022-06-04 01:03:26,57104.2,22941.8
2022-06-04 01:03:27,56054.3,23991.6
2022-06-04 01:03:28,55432.2,24613.7
2022-06-04 01:03:29,55553.8,24492.1
2022-06-04 01:03:30,54749,25296.8
2022-06-04 01:03:31,55286.1,24759.7
2022-06-04 01:03:32,55602.8,24443.1
2022-06-04 01:03:33,57113.5,22932.5
2022-06-04 01:03:34,58283.2,21762.8
2022-06-04 01:03:35,57982,22064
2022-06-04 01:03:36,58118.4,21927.6
2022-06-04 01:03:37,58228.5,21817.4
2022-06-04 01:03:38,58071.3,21974.7
2022-06-04 01:03:39,57763.8,22282.2
2022-06-04 01:03:40,56774.5,23271.4
2022-06-04 01:03:41,56578.4,23467.6
2022-06-04 01:03:42,55924,24122
2022-06-04 01:03:43,56105.2,23940.8
2022-06-04 01:03:44,56013.4,24032.5
2022-06-04 01:03:45,56844.9,23201.2
2022-06-04 01:03:46,56665.3,23380.6
2022-06-04 01:03:47,56283.3,23762.6
2022-06-04 01:03:48,57282.4,22763.6
2022-06-04 01:03:49,56833.6,23212.3
2022-06-04 01:03:50,56467.4,23578.4
2022-06-04 01:03:51,57312.4,22733.6
2022-06-04 01:03:52,58371.2,21674.7
2022-06-04 01:03:53,58040,22005.9
2022-06-04 01:03:54,57272.4,22773.5
2022-06-04 01:03:55,56729.2,23316.8
2022-06-04 01:03:56,57132.7,22913.2
2022-06-04 01:03:57,56851.3,23194.7
2022-06-04 01:03:58,57118.4,22927.4
2022-06-04 01:03:59,56431.1,23614.8
2022-06-04 01:04:00,55781.5,24264.5
2022-06-04 01:04:01,54963.7,25082.2
2022-06-04 01:04:02,55424.7,24621.3
2022-06-04 01:04:03,55791.6,24254.4
2022-06-04 01:04:04,56687.8,23358.2
2022-06-04 01:04:05,56936.1,23109.9
2022-06-04 01:04:06,56713.4,23332.6
2022-06-04 01:04:07,58686.7,21359.1
2022-06-04 01:04:08,58385.7,21660.3
2022-06-04 01:04:09,57933.9,22112.1
2022-06-04 01:04:10,57558.8,22487.2
2022-06-04 01:04:11,57168.4,22877.6
2022-06-04 01:04:12,56713.2,23332.7
2022-06-04 01:04:13,55661.3,24384.6
2022-06-04 01:04:14,55228.4,24817.4
2022-06-04 01:04:15,55713.7,24332.2
2022-06-04 01:04:16,56773.2,23272.8
2022-06-04 01:04:17,56105.8,23940.1
2022-06-04 01:04:18,57047.9,22998
2022-06-04 01:04:19,56995.2,23050.7
2022-06-04 01:04:20,57362.2,22683.8
2022-06-04 01:04:21,57580.6,22465.3
2022-06-04 01:04:22,57686,22359.8
2022-06-04 01:04:23,57709.9,22336.1
2022-06-04 01:04:24,57248.8,22797.2
2022-06-04 01:04:25,57135.8,22910.2
2022-06-04 01:04:26,57281.8,22764.1
2022-06-04 01:04:27,56639.6,23406.4
2022-06-04 01:04:28,56264.1,23781.9
2022-06-04 01:04:29,56253,23793
2022-06-04 01:04:30,56490.7,23555.2
2022-06-04 01:04:31,56086.3,23959.7
2022-06-04 01:04:32,56730.3,23315.7
2022-06-04 01:04:33,56068.1,23977.8
2022-06-04 01:04:34,56012.2,24033.7
2022-06-04 01:04:35,57592.6,22453.2
2022-06-04 01:04:36,57694.4,22351.7
2022-06-04 01:04:37,57612.3,22433.7
2022-06-04 01:04:38,57758,22287.9
2022-06-04 01:04:39,57183,22862.9
2022-06-04 01:04:40,57117.2,22928.8
2022-06-04 01:04:41,57212,22834
2022-06-04 01:04:42,56653.5,23392.4
2022-06-04 01:04:43,56195.1,23850.9
2022-06-04 01:04:44,55344.1,24701.8
2022-06-04 01:04:45,55677.6,24368.2
2022-06-04 01:04:46,55426.6,24619.2
2022-06-04 01:04:47,56399.8,23646.1
2022-06-04 01:04:48,57618.3,22427.7
2022-06-04 01:04:49,58149.5,21896.5
2022-06-04 01:04:50,58112.2,21933.7
2022-06-04 01:04:51,58015,22031
2022-06-04 01:04:52,57863,22182.9
2022-06-04 01:04:53,57473.1,22572.8
2022-06-04 01:04:54,57095.6,22950.4
2022-06-04 01:04:55,57006.2,23039.6
2022-06-04 01:04:56,56092.9,23953
2022-06-04 01:04:57,55494.8,24551.2
2022-06-04 01:04:58,54985.7,25060.3
2022-06-04 01:04:59,55595,24451
2022-06-04 01:05:00,56030.2,24015.8
2022-06-04 01:05:01,57497.5,22548.4
2022-06-04 01:05:02,58306.9,21739
2022-06-04 01:05:03,57784.9,22261.1
2022-06-04 01:05:04,57906.6,22139.4
2022-06-04 01:05:05,57624.1,22421.8
2022-06-04 01:05:06,57227.9,22818
2022-06-04 01:05:07,56533.8,23512.1
2022-06-04 01:05:08,57022,23024
2022-06-04 01:05:09,56466.5,23579.3
2022-06-04 01:05:10,56485.5,23560.4
2022-06-04 01:05:11,56796.2,23249.7
2022-06-04 01:05:12,56821.7,23224.2
2022-06-04 01:05:13,57202.1,22843.8
2022-06-04 01:05:14,56476.8,23569.1
2022-06-04 01:05:15,56124.7,23921.2
2022-06-04 01:05:16,55951.7,24094.1
2022-06-04 01:05:17,57089.7,22956.2
2022-06-04 01:05:18,57511.8,22534.2
2022-06-04 01:05:19,56919.4,23126.5
2022-06-04 01:05:20,57207.9,22838
2022-06-04 01:05:21,57018.7,23027.3
2022-06-04 01:05:22,56826.9,23219
2022-06-04 01:05:23,56864.1,23181.8
2022-06-04 01:05:24,57309.2,22736.7
2022-06-04 01:05:25,57972.2,22073.8
2022-06-04 01:05:26,57834.1,22211.7
2022-06-04 01:05:27,57173.5,22872.4
2022-06-04 01:05:28,56401.2,23644.8
2022-06-04 01:05:29,55735.6,24310.3
2022-06-04 01:05:30,55429.8,24616.1
2022-06-04 01:05:31,55201.1,24844.9
2022-06-04 01:05:32,56706.6,23339.3
2022-06-04 01:05:33,57374.7,22671.1
2022-06-04 01:05:34,57910.2,22135.8
2022-06-04 01:05:35,58256.6,21789.4
2022-06-04 01:05:36,57850.5,22195.4
2022-06-04 01:05:37,57307,22738.9
2022-06-04 01:05:38,57906.4,22139.4
2022-06-04 01:05:39,57166.9,22879.1
2022-06-04 01:05:40,57545.6,22500.3
2022-06-04 01:05:41,56914.6,23131.4
2022-06-04 01:05:42,55789.3,24256.7
2022-06-04 01:05:43,54980.4,25065.5
2022-06-04 01:05:44,56149.7,23896.3
2022-06-04 01:05:45,56043,24003
2022-06-04 01:05:46,56086.6,23959.2
2022-06-04 01:05:47,57488.3,22557.7
2022-06-04 01:05:48,57250.6,22795.3
2022-06-04 01:05:49,57532.2,22513.8
2022-06-04 01:05:50,57795.4,22250.5
2022-06-04 01:05:51,57355.9,22690
2022-06-04 01:05:52,57488.9,22557
2022-06-04 01:05:53,56989.4,23056.6
2022-06-04 01:05:54,56695.7,23350.3
2022-06-04 01:05:55,56303.8,23742.2
2022-06-04 01:05:56,56554.6,23491.3
2022-06-04 01:05:57,56846.9,23199.1
2022-06-04 01:05:58,56922.9,23123
2022-06-04 01:05:59,57025.2,23020.7
2022-06-04 01:06:00,56011.9,24034
2022-06-04 01:06:01,56069.6,23976.2
2022-06-04 01:06:02,56633.3,23412.7
2022-06-04 01:06:03,56641.7,23404.3
2022-06-04 01:06:04,56726.2,23319.8
2022-06-04 01:06:05,56716.9,23329.1
2022-06-04 01:06:06,56473.8,23572.1
2022-06-04 01:06:07,57506.3,22539.7
2022-06-04 01:06:08,57416.3,22629.6
2022-06-04 01:06:09,57966,22079.9
2022-06-04 01:06:10,57609.6,22436.3
2022-06-04 01:06:11,57163,22882.9
2022-06-04 01:06:12,56299.7,23746.3
2022-06-04 01:06:13,55820.3,24225.6
2022-06-04 01:06:14,55779.9,24266.1
2022-06-04 01:06:15,54711.9,25334.1
2022-06-04 01:06:16,55660.9,24385
2022-06-04 01:06:17,55514.5,24531.4
2022-06-04 01:06:18,56522.2,23523.7
2022-06-04 01:06:19,57713.4,22332.5
2022-06-04 01:06:20,58407.4,21638.5
2022-06-04 01:06:21,58357.2,21688.8
2022-06-04 01:06:22,57549.2,22496.6
2022-06-04 01:06:23,58048,21997.9
2022-06-04 01:06:24,56952.9,23093
2022-06-04 01:06:25,56412.8,23633.1
2022-06-04 01:06:26,55928.6,24117.3
2022-06-04 01:06:27,56050.5,23995.3
2022-06-04 01:06:28,56275.1,23770.9
2022-06-04 01:06:29,56263.9,23782
2022-06-04 01:06:30,56206,23840
2022-06-04 01:06:31,56873.9,23172.1
2022-06-04 01:06:32,57331.3,22714.6
2022-06-04 01:06:33,57681.9,22364.1
2022-06-04 01:06:34,58164.2,21881.7
2022-06-04 01:06:35,58281.3,21764.6
2022-06-04 01:06:36,57229.7,22816.2
2022-06-04 01:06:37,56378.1,23667.9
2022-06-04 01:06:38,56138.8,23907.2
2022-06-04 01:06:39,56018.6,24027.3
2022-06-04 01:06:40,56256.5,23789.5
2022-06-04 01:06:41,57722.4,22323.5
2022-06-04 01:06:42,58126.3,21919.5
2022-06-04 01:06:43,56953.3,23092.7
2022-06-04 01:06:44,56408.6,23637.4
2022-06-04 01:06:45,56344,23702
2022-06-04 01:06:46,55764,24281.9
2022-06-04 01:06:47,56843.6,23202.4
2022-06-04 01:06:48,56030.2,24015.8
2022-06-04 01:06:49,56379.1,23666.9
2022-06-04 01:06:50,55640.7,24405.3
2022-06-04 01:06:51,56185.7,23860.3
2022-06-04 01:06:52,57017.5,23028.4
2022-06-04 01:06:53,58228.4,21817.6
2022-06-04 01:06:54,58529,21517.1
2022-06-04 01:06:55,58490,21555.9
2022-06-04 01:06:56,57814.3,22231.6
2022-06-04 01:06:57,56944.4,23101.5
2022-06-04 01:06:58,56376.8,23669.1
2022-06-04 01:06:59,55548.6,24497.4
2022-06-04 01:07:00,55141.6,24904.3
2022-06-04 01:07:01,54814.5,25231.4
2022-06-04 01:07:02,54793.7,25252.1
2022-06-04 01:07:03,55906.7,24139.3
2022-06-04 01:07:04,57864.2,22181.6
2022-06-04 01:07:05,57991.9,22054.2
2022-06-04 01:07:06,58931.5,21114.4
2022-06-04 01:07:07,57978.7,22067.3
2022-06-04 01:07:08,58027.9,22018
2022-06-04 01:07:09,57669.8,22376
2022-06-04 01:07:10,57723.9,22321.9
2022-06-04 01:07:11,56737.6,23308.4
2022-06-04 01:07:12,55849,24197
2022-06-04 01:07:13,55478.3,24567.7
2022-06-04 01:07:14,55127.9,24918.2
2022-06-04 01:07:15,56373.8,23672.1
2022-06-04 01:07:16,55755.9,24290
2022-06-04 01:07:17,56141,23904.9
2022-06-04 01:07:18,57525.2,22520.8
2022-06-04 01:07:19,58013.4,22032.5
2022-06-04 01:07:20,57413,22632.8
2022-06-04 01:07:21,57265.8,22780.1
2022-06-04 01:07:22,57801.9,22244.1
2022-06-04 01:07:23,57616.5,22429.3
2022-06-04 01:07:24,57727.2,22318.7
2022-06-04 01:07:25,57022.1,23023.9
2022-06-04 01:07:26,56417.4,23628.7
2022-06-04 01:07:27,56720.9,23325.1
2022-06-04 01:07:28,55885.7,24160.1
2022-06-04 01:07:29,55844.6,24201.2
2022-06-04 01:07:30,55834.8,24211.1
2022-06-04 01:07:31,56188.1,23857.8
2022-06-04 01:07:32,56125.5,23920.3
2022-06-04 01:07:33,56869.6,23176.3
2022-06-04 01:07:34,56978.2,23067.8
2022-06-04 01:07:35,57130.2,22915.8
2022-06-04 01:07:36,56999.7,23046.2
2022-06-04 01:07:37,57522,22523.9
2022-06-04 01:07:38,57995.8,22050
2022-06-04 01:07:39,57745.5,22300.5
2022-06-04 01:07:40,57132.1,22913.9
2022-06-04 01:07:41,56205.1,23840.8
2022-06-04 01:07:42,56487.3,23558.6
2022-06-04 01:07:43,56170.7,23875.2
2022-06-04 01:07:44,56927.7,23118.2
2022-06-04 01:07:45,56858.5,23187.5
2022-06-04 01:07:46,56140.8,23905.1
2022-06-04 01:07:47,56735.7,23310.3
2022-06-04 01:07:48,56900.5,23145.4
2022-06-04 01:07:49,56819.2,23226.8
2022-06-04 01:07:50,57434.5,22611.3
2022-06-04 01:07:51,58462.3,21583.7
2022-06-04 01:07:52,58291.5,21754.3
2022-06-04 01:07:53,57723.6,22322.4
2022-06-04 01:07:54,57003.9,23042.1
2022-06-04 01:07:55,56627.2,23418.8
2022-06-04 01:07:56,56860.9,23185.2
2022-06-04 01:07:57,56146.1,23899.7
2022-06-04 01:07:58,56195.7,23850.2
2022-06-04 01:07:59,56572.3,23473.7
2022-06-04 01:08:00,55583,24462.9
2022-06-04 01:08:01,55822.4,24223.6
2022-06-04 01:08:02,56872.5,23173.5
2022-06-04 01:08:03,57299.4,22746.6
2022-06-04 01:08:04,57085.5,22960.3
2022-06-04 01:08:05,57377.5,22668.5
2022-06-04 01:08:06,58438.4,21607.5
2022-06-04 01:08:07,58386.8,21659.1
2022-06-04 01:08:08,57867.5,22178.5
2022-06-04 01:08:09,56968.8,23077.2
2022-06-04 01:08:10,56785.4,23260.6
2022-06-04 01:08:11,55889.2,24156.7
2022-06-04 01:08:12,56378.3,23667.6
2022-06-04 01:08:13,56218.1,23827.9
2022-06-04 01:08:14,56338.7,23707.2
2022-06-04 01:08:15,56300.6,23745.2
2022-06-04 01:08:16,56194.5,23851.5
2022-06-04 01:08:17,56211,23834.8
2022-06-04 01:08:18,56922.3,23123.7
2022-06-04 01:08:19,57904.5,22141.4
2022-06-04 01:08:20,58083.5,21962.5
2022-06-04 01:08:21,58478.5,21567.4
2022-06-04 01:08:22,58009.1,22036.8
2022-06-04 01:08:23,57500.9,22545
2022-06-04 01:08:24,56903.1,23142.9
2022-06-04 01:08:25,56461.7,23584.3
2022-06-04 01:08:26,55955.3,24090.5
2022-06-04 01:08:27,55670.7,24375.2
2022-06-04 01:08:28,55937,24108.9
2022-06-04 01:08:29,56056.2,23989.8
2022-06-04 01:08:30,56528.5,23517.5
2022-06-04 01:08:31,55989.2,24056.7
2022-06-04 01:08:32,56680.9,23365
2022-06-04 01:08:33,58248,21797.9
2022-06-04 01:08:34,58255,21791
2022-06-04 01:08:35,58759.2,21286.8
2022-06-04 01:08:36,58066.6,21979.2
2022-06-04 01:08:37,57378.2,22667.6
2022-06-04 01:08:38,56436.2,23609.7
2022-06-04 01:08:39,56314,23732
2022-06-04 01:08:40,55626.5,24419.4
2022-06-04 01:08:41,56105.9,23940
2022-06-04 01:08:42,56224.8,23821.1
2022-06-04 01:08:43,55927.1,24118.8
2022-06-04 01:08:44,56373.4,23672.5
2022-06-04 01:08:45,56106.5,23939.5
2022-06-04 01:08:46,56660.4,23385.5
2022-06-04 01:08:47,58067.6,21978.4
2022-06-04 01:08:48,57618.8,22427.2
2022-06-04 01:08:49,58683.3,21362.6
2022-06-04 01:08:50,57649.2,22396.7
2022-06-04 01:08:51,57386.6,22659.3
2022-06-04 01:08:52,56858.4,23187.6
2022-06-04 01:08:53,57157.8,22888.1
2022-06-04 01:08:54,56158.3,23887.7
2022-06-04 01:08:55,56146.5,23899.3
2022-06-04 01:08:56,55774.3,24271.7
2022-06-04 01:08:57,56039.6,24006.4
2022-06-04 01:08:58,56873.3,23172.6
2022-06-04 01:08:59,56869.2,23176.8
2022-06-04 01:09:00,57236.6,22809.4
2022-06-04 01:09:01,57169.3,22876.7
2022-06-04 01:09:02,56253.5,23792.4
2022-06-04 01:09:03,56908.2,23137.8
2022-06-04 01:09:04,58665.1,21380.8
2022-06-04 01:09:05,58026.9,22019
2022-06-04 01:09:06,58270.6,21775.4
2022-06-04 01:09:07,57117,22928.9
2022-06-04 01:09:08,56945.8,23100.1
2022-06-04 01:09:09,55886.9,24159.1
2022-06-04 01:09:10,55869.2,24176.8
2022-06-04 01:09:11,55296.1,24749.8
2022-06-04 01:09:12,55638.5,24407.4
2022-06-04 01:09:13,56155.4,23890.7
2022-06-04 01:09:14,56960.3,23085.6
2022-06-04 01:09:15,56898,23147.8
2022-06-04 01:09:16,57784,22262
2022-06-04 01:09:17,57691.8,22354.1
2022-06-04 01:09:18,58074.7,21971.3
2022-06-04 01:09:19,58729.7,21316.3
2022-06-04 01:09:20,58331.1,21714.8
2022-06-04 01:09:21,57678.2,22367.7
2022-06-04 01:09:22,56887.6,23158.3
2022-06-04 01:09:23,55773.5,24272.5
2022-06-04 01:09:24,55138,24908
2022-06-04 01:09:25,55414.7,24631.1
2022-06-04 01:09:26,56737.4,23308.5
2022-06-04 01:09:27,56024.5,24021.4
2022-06-04 01:09:28,56381.7,23664.2
2022-06-04 01:09:29,57204.1,22841.8
2022-06-04 01:09:30,57864.6,22181.3
2022-06-04 01:09:31,58397.3,21648.5
2022-06-04 01:09:32,58518.3,21527.6
2022-06-04 01:09:33,57706.5,22339.4
2022-06-04 01:09:34,57298.6,22747.4
2022-06-04 01:09:35,56937.6,23108.3
2022-06-04 01:09:36,56790.7,23255.3
2022-06-04 01:09:37,56497.3,23548.7
2022-06-04 01:09:38,56086,23959.9
2022-06-04 01:09:39,55500,24545.9
2022-06-04 01:09:40,55552.3,24493.7
2022-06-04 01:09:41,55938.4,24107.7
2022-06-04 01:09:42,55682,24363.9
2022-06-04 01:09:43,57559.7,22486.3
2022-06-04 01:09:44,58284.5,21761.5
2022-06-04 01:09:45,57872.5,22173.3
2022-06-04 01:09:46,57644.2,22401.8
2022-06-04 01:09:47,57371.8,22674.2
2022-06-04 01:09:48,56866,23180
2022-06-04 01:09:49,56827.6,23218.3
2022-06-04 01:09:50,57512.3,22533.6
2022-06-04 01:09:51,57043,23002.9
2022-06-04 01:09:52,56775.5,23270.4
2022-06-04 01:09:53,56094.2,23951.7
2022-06-04 01:09:54,55602.2,24443.8
2022-06-04 01:09:55,56389.1,23656.8
2022-06-04 01:09:56,56365.5,23680.4
2022-06-04 01:09:57,55528.9,24517.1
2022-06-04 01:09:58,57003.5,23042.4
2022-06-04 01:09:59,58335.9,21710
2022-06-04 01:10:00,58117.8,21928.2
2022-06-04 01:10:01,58224.9,21821.1
2022-06-04 01:10:02,57443.1,22602.9
2022-06-04 01:10:03,57962.8,22083.1
2022-06-04 01:10:04,57380.7,22665.4
2022-06-04 01:10:05,57025,23020.9
2022-06-04 01:10:06,56577.3,23468.7
2022-06-04 01:10:07,55822.6,24223.4
2022-06-04 01:10:08,56560.6,23485.3
2022-06-04 01:10:09,55517.3,24528.6
2022-06-04 01:10:10,55435.2,24610.7
2022-06-04 01:10:11,55954.5,24091.4
2022-06-04 01:10:12,56472.6,23573.5
2022-06-04 01:10:13,57999.3,22046.7
2022-06-04 01:10:14,58539.9,21506.1
2022-06-04 01:10:15,58865,21180.8
2022-06-04 01:10:16,58534.5,21511.4
2022-06-04 01:10:17,57923.6,22122.4
2022-06-04 01:10:18,57024.4,23021.5
2022-06-04 01:10:19,56406.2,23639.7
2022-06-04 01:10:20,55962.4,24083.4
2022-06-04 01:10:21,56435.5,23610.6
2022-06-04 01:10:22,56558.2,23487.8
2022-06-04 01:10:23,55708.7,24337.3
2022-06-04 01:10:24,55770.5,24275.5
2022-06-04 01:10:25,55563.9,24482
2022-06-04 01:10:26,55879.3,24166.7
2022-06-04 01:10:27,56491.2,23554.7
2022-06-04 01:10:28,59133.9,20912
2022-06-04 01:10:29,58927,21119
2022-06-04 01:10:30,58078.6,21967.2
2022-06-04 01:10:31,57364.4,22681.5
2022-06-04 01:10:32,56884.2,23161.6
2022-06-04 01:10:33,57448.7,22597.3
2022-06-04 01:10:34,57567.1,22479
2022-06-04 01:10:35,56445.7,23600.2
2022-06-04 01:10:36,56301.4,23744.6
2022-06-04 01:10:37,55560,24485.8
2022-06-04 01:10:38,55791.1,24254.8
2022-06-04 01:10:39,55936.2,24109.7
2022-06-04 01:10:40,56368.8,23677.1
2022-06-04 01:10:41,57423.2,22622.7
2022-06-04 01:10:42,57577.7,22468.2
2022-06-04 01:10:43,58034.7,22011.2
2022-06-04 01:10:44,58056.8,21989.2
2022-06-04 01:10:45,58351.4,21694.5
2022-06-04 01:10:46,58389.4,21656.5
2022-06-04 01:10:47,57885.2,22160.5
2022-06-04 01:10:48,57120.3,22925.6
2022-06-04 01:10:49,56454.7,23591.2
2022-06-04 01:10:50,55639.7,24406.2
2022-06-04 01:10:51,55154.4,24891.5
2022-06-04 01:10:52,55658.8,24387.1
2022-06-04 01:10:53,55743.2,24302.7
2022-06-04 01:10:54,57031.6,23014.4
2022-06-04 01:10:55,56683.3,23362.7
2022-06-04 01:10:56,57522,22523.9
2022-06-04 01:10:57,57981,22065
2022-06-04 01:10:58,57945.2,22100.7
2022-06-04 01:10:59,57872.9,22173.1
2022-06-04 01:11:00,57745.9,22300
2022-06-04 01:11:01,57158.4,22887.6
2022-06-04 01:11:02,56504.4,23541.5
2022-06-04 01:11:03,56210.1,23835.8
2022-06-04 01:11:04,55786,24260
2022-06-04 01:11:05,55843.9,24201.9
2022-06-04 01:11:06,56219.7,23826.3
2022-06-04 01:11:07,56427,23618.9
2022-06-04 01:11:08,57307.7,22738.1
2022-06-04 01:11:09,57194.1,22851.9
2022-06-04 01:11:10,57549.5,22496.4
2022-06-04 01:11:11,57755.7,22290.2
2022-06-04 01:11:12,57261.8,22784
2022-06-04 01:11:13,57574.7,22471.3
2022-06-04 01:11:14,56405.1,23640.8
2022-06-04 01:11:15,56693.5,23352.4
2022-06-04 01:11:16,56783.6,23262.4
2022-06-04 01:11:17,56425.4,23620.5
2022-06-04 01:11:18,57343.8,22702.1
2022-06-04 01:11:19,57429.4,22616.6
2022-06-04 01:11:20,56379.4,23666.4
2022-06-04 01:11:21,56370.8,23675.2
2022-06-04 01:11:22,56593,23453
2022-06-04 01:11:23,57111.2,22934.7
2022-06-04 01:11:24,57434.9,22611
2022-06-04 01:11:25,56566.6,23479.2
2022-06-04 01:11:26,56357.7,23688.4
2022-06-04 01:11:27,56245.9,23800
2022-06-04 01:11:28,56991.2,23054.8
2022-06-04 01:11:29,57260.2,22785.7
2022-06-04 01:11:30,57554.4,22491.6
2022-06-04 01:11:31,57547.8,22498.2
2022-06-04 01:11:32,57742.9,22303.1
2022-06-04 01:11:33,57013.8,23032.2
2022-06-04 01:11:34,56681.7,23364.2
2022-06-04 01:11:35,56832.6,23213.3
2022-06-04 01:11:36,56283.9,23762.1
2022-06-04 01:11:37,56524.8,23521.1
2022-06-04 01:11:38,56980.8,23065.1
2022-06-04 01:11:39,56526.2,23519.7
2022-06-04 01:11:40,57044,23001.9
2022-06-04 01:11:41,57228.8,22817.2
2022-06-04 01:11:42,56974.6,23071.3
2022-06-04 01:11:43,58018.9,22027.1
2022-06-04 01:11:44,57681.2,22364.7
2022-06-04 01:11:45,57221.7,22824.2
2022-06-04 01:11:46,56928.9,23117
2022-06-04 01:11:47,56579.7,23466.3
2022-06-04 01:11:48,56295.3,23750.6
2022-06-04 01:11:49,56365.9,23680.1
2022-06-04 01:11:50,55598.5,24447.5
2022-06-04 01:11:51,55901.4,24144.6
2022-06-04 01:11:52,57484.9,22561.1
2022-06-04 01:11:53,56946.6,23099.4
2022-06-04 01:11:54,56350.5,23695.5
2022-06-04 01:11:55,57129.6,22916.3
2022-06-04 01:11:56,58012.7,22033.3
2022-06-04 01:11:57,58166.1,21879.9
2022-06-04 01:11:58,57606.4,22439.7
2022-06-04 01:11:59,56678.5,23367.4
2022-06-04 01:12:00,56345.9,23700
2022-06-04 01:12:01,56307.1,23738.8
2022-06-04 01:12:02,56616.5,23429.2
2022-06-04 01:12:03,57126.3,22919.7
2022-06-04 01:12:04,56896.9,23149
2022-06-04 01:12:05,56075.3,23970.6
2022-06-04 01:12:06,56120.2,23925.8
2022-06-04 01:12:07,57338.9,22707
2022-06-04 01:12:08,56868.9,23176.8
2022-06-04 01:12:09,56833.8,23212.3
2022-06-04 01:12:10,57271.2,22774.7
2022-06-04 01:12:11,57021.2,23024.8
2022-06-04 01:12:12,56640.8,23405.2
2022-06-04 01:12:13,57324.1,22721.8
2022-06-04 01:12:14,57006.2,23039.8
2022-06-04 01:12:15,56222.3,23823.6
2022-06-04 01:12:16,56454.9,23591.1
2022-06-04 01:12:17,56963.8,23082.2
2022-06-04 01:12:18,56507.1,23538.9
2022-06-04 01:12:19,56128.6,23917.3
2022-06-04 01:12:20,56341.4,23704.5
2022-06-04 01:12:21,56869.9,23176
2022-06-04 01:12:22,57227.7,22818.1
2022-06-04 01:12:23,57336.8,22709.2
2022-06-04 01:12:24,57128,22918
2022-06-04 01:12:25,57894,22151.9
2022-06-04 01:12:26,57272.4,22773.5
2022-06-04 01:12:27,57604.7,22441.2
2022-06-04 01:12:28,57061.2,22984.6
2022-06-04 01:12:29,56196,23850
2022-06-04 01:12:30,56924.3,23121.5
2022-06-04 01:12:31,56052.3,23993.6
2022-06-04 01:12:32,56409.5,23636.4
2022-06-04 01:12:33,56527.1,23518.9
2022-06-04 01:12:34,56335.5,23710.4
2022-06-04 01:12:35,56974.4,23071.5
2022-06-04 01:12:36,56375.8,23670.2
2022-06-04 01:12:37,58054.1,21991.8
2022-06-04 01:12:38,58007.9,22038
2022-06-04 01:12:39,57039.2,23006.7
2022-06-04 01:12:40,57374.4,22671.5
2022-06-04 01:12:41,57378,22667.9
2022-06-04 01:12:42,56694.1,23351.8
2022-06-04 01:12:43,56003,24042.9
2022-06-04 01:12:44,55852.8,24193.1
2022-06-04 01:12:45,56198.7,23847.2
2022-06-04 01:12:46,56491.6,23554.4
2022-06-04 01:12:47,57032.2,23013.7
2022-06-04 01:12:48,56526.9,23519
2022-06-04 01:12:49,57835.7,22210.2
2022-06-04 01:12:50,57349.5,22696.5
2022-06-04 01:12:51,56402.5,23643.4
2022-06-04 01:12:52,57248.6,22797.3
2022-06-04 01:12:53,56821.4,23224.5
2022-06-04 01:12:54,56906.8,23139.2
2022-06-04 01:12:55,56375.4,23670.5
2022-06-04 01:12:56,56693.2,23352.8
2022-06-04 01:12:57,56263,23783
2022-06-04 01:12:58,55930.8,24115.1
2022-06-04 01:12:59,56237.7,23808.3
2022-06-04 01:13:00,56936.5,23109.5
2022-06-04 01:13:01,57419.1,22626.8
2022-06-04 01:13:02,57807.7,22238.2
2022-06-04 01:13:03,57606.4,22439.6
2022-06-04 01:13:04,57865.3,22180.7
2022-06-04 01:13:05,56883.2,23162.8
2022-06-04 01:13:06,57305.7,22740.2
2022-06-04 01:13:07,57094.3,22951.7
2022-06-04 01:13:08,56291.3,23754.6
2022-06-04 01:13:09,55704.3,24341.6
2022-06-04 01:13:10,55388.3,24657.7
2022-06-04 01:13:11,56582,23463.8
2022-06-04 01:13:12,57240.8,22805
2022-06-04 01:13:13,56787.6,23258.4
2022-06-04 01:13:14,55834.2,24211.7
2022-06-04 01:13:15,56859,23186.8
2022-06-04 01:13:16,57982.2,22063.7
2022-06-04 01:13:17,58647.5,21398.4
2022-06-04 01:13:18,57780.9,22265.1
2022-06-04 01:13:19,56912.5,23133.5
2022-06-04 01:13:20,55642.9,24403
2022-06-04 01:13:21,55488.2,24557.6
2022-06-04 01:13:22,55833.2,24212.7
2022-06-04 01:13:23,56719.3,23326.7
2022-06-04 01:13:24,56760.6,23285.4
2022-06-04 01:13:25,56926.7,23119.2
2022-06-04 01:13:26,56884.5,23161.5
2022-06-04 01:13:27,57233.9,22812
2022-06-04 01:13:28,57090.3,22955.7
2022-06-04 01:13:29,56958.2,23087.8
2022-06-04 01:13:30,57249.4,22796.6
2022-06-04 01:13:31,57065.7,22980.3
2022-06-04 01:13:32,56817.9,23228.1
2022-06-04 01:13:33,56172.6,23873.4
2022-06-04 01:13:34,56044.1,24001.7
2022-06-04 01:13:35,56464.5,23581.3
2022-06-04 01:13:36,56932.7,23113.2
2022-06-04 01:13:37,58020.5,22025.5
2022-06-04 01:13:38,57642.6,22403.2
2022-06-04 01:13:39,57284,22761.9
2022-06-04 01:13:40,56951.5,23094.5
2022-06-04 01:13:41,56962.6,23083.4
2022-06-04 01:13:42,56591,23454.9
2022-06-04 01:13:43,56535.1,23510.8
2022-06-04 01:13:44,56429.6,23616.4
2022-06-04 01:13:45,56299.1,23746.9
2022-06-04 01:13:46,56835.2,23210.8
2022-06-04 01:13:47,57304.6,22741.2
2022-06-04 01:13:48,57345.3,22700.7
2022-06-04 01:13:49,57421.7,22624.3
2022-06-04 01:13:50,57551.1,22494.9
2022-06-04 01:13:51,57186.7,22859.2
2022-06-04 01:13:52,57275.4,22770.5
2022-06-04 01:13:53,56780.3,23265.6
2022-06-04 01:13:54,57099.5,22946.4
2022-06-04 01:13:55,56033.6,24012.4
2022-06-04 01:13:56,56450.7,23595.2
2022-06-04 01:13:57,56245.7,23800.1
2022-06-04 01:13:58,56343.8,23702.1
2022-06-04 01:13:59,57420.2,22625.8
2022-06-04 01:14:00,57424.3,22621.6
2022-06-04 01:14:01,56966.7,23079.2
2022-06-04 01:14:02,57666.3,22379.6
2022-06-04 01:14:03,57306.8,22739.2
2022-06-04 01:14:04,56560.7,23485.2
2022-06-04 01:14:05,56512.8,23533.1
2022-06-04 01:14:06,56904.6,23141.2
2022-06-04 01:14:07,56959.6,23086.3
2022-06-04 01:14:08,56555.3,23490.6
2022-06-04 01:14:09,56309.9,23736
2022-06-04 01:14:10,56280,23765.9
2022-06-04 01:14:11,56347,23698.9
2022-06-04 01:14:12,57329.8,22716.1
2022-06-04 01:14:13,57040.6,23005.2
2022-06-04 01:14:14,57871.8,22174.1
2022-06-04 01:14:15,57809.5,22236.4
2022-06-04 01:14:16,57369.3,22676.6
2022-06-04 01:14:17,57907.1,22138.8
2022-06-04 01:14:18,56960.9,23085.1
2022-06-04 01:14:19,56672.7,23373.2
2022-06-04 01:14:20,55915.4,24130.6
2022-06-04 01:14:21,56345.7,23700.2
2022-06-04 01:14:22,56457.5,23588.4
2022-06-04 01:14:23,56052.2,23993.8
2022-06-04 01:14:24,56379,23667
2022-06-04 01:14:25,56752.2,23293.7
2022-06-04 01:14:26,57135.6,22910.3
2022-06-04 01:14:27,57273.9,22772.1
2022-06-04 01:14:28,57869,22176.8
2022-06-04 01:14:29,57728.5,22317.4
2022-06-04 01:14:30,58447,21599
2022-06-04 01:14:31,57886.6,22159.4
2022-06-04 01:14:32,57575.6,22470.2
2022-06-04 01:14:33,56955.8,23090.1
2022-06-04 01:14:34,55966,24079.9
2022-06-04 01:14:35,55475.8,24570.1
2022-06-04 01:14:36,55498,24548
2022-06-04 01:14:37,55902.2,24143.6
2022-06-04 01:14:38,55098.6,24947.3
2022-06-04 01:14:39,56146.3,23899.6
2022-06-04 01:14:40,57467.7,22578.3
2022-06-04 01:14:41,58064.9,21981
2022-06-04 01:14:42,58265.4,21780.5
2022-06-04 01:14:43,58186.6,21859.3
2022-06-04 01:14:44,58652.7,21393.3
2022-06-04 01:14:45,57956.8,22089.1
2022-06-04 01:14:46,57746.5,22299.5
2022-06-04 01:14:47,56642.8,23403.1
2022-06-04 01:14:48,55811.4,24234.6
2022-06-04 01:14:49,55560.9,24485
2022-06-04 01:14:50,54586.9,25459
2022-06-04 01:14:51,55430.4,24615.6
2022-06-04 01:14:52,55849.5,24196.4
2022-06-04 01:14:53,57170.8,22875.2
2022-06-04 01:14:54,58123.2,21922.7
2022-06-04 01:14:55,58249,21797.1
2022-06-04 01:14:56,57867.7,22178.3
2022-06-04 01:14:57,58095.8,21950.1
2022-06-04 01:14:58,57799.3,22246.6
2022-06-04 01:14:59,57464.6,22581.3
2022-06-04 01:15:00,56978.1,23067.8
2022-06-04 01:15:01,56622.2,23423.7
2022-06-04 01:15:02,56007.4,24038.5
2022-06-04 01:15:03,56494.6,23551.2
2022-06-04 01:15:04,55725.8,24320.1
2022-06-04 01:15:05,55654.8,24391
2022-06-04 01:15:06,55503.4,24542.5
2022-06-04 01:15:07,56172.8,23873.1
2022-06-04 01:15:08,57899.5,22146.4
2022-06-04 01:15:09,57639.7,22406.3
2022-06-04 01:15:10,57697.7,22348.1
2022-06-04 01:15:11,57229.8,22816.1
2022-06-04 01:15:12,56919.7,23126.3
2022-06-04 01:15:13,56874.1,23171.7
2022-06-04 01:15:14,57029.6,23016.4
2022-06-04 01:15:15,57711.7,22334.3
2022-06-04 01:15:16,57488.3,22557.7
2022-06-04 01:15:17,58003.2,22042.7
2022-06-04 01:15:18,57309.6,22736.3
2022-06-04 01:15:19,56256.9,23789
2022-06-04 01:15:20,55725.1,24320.9
2022-06-04 01:15:21,54972.2,25073.8
2022-06-04 01:15:22,55777.6,24268.3
2022-06-04 01:15:23,56614.5,23431.4
2022-06-04 01:15:24,56877.3,23168.6
2022-06-04 01:15:25,57067.3,22978.6
2022-06-04 01:15:26,58054.6,21991.3
2022-06-04 01:15:27,58595,21450.9
2022-06-04 01:15:28,58141.9,21904.1
2022-06-04 01:15:29,58421,21625
2022-06-04 01:15:30,58585.9,21459.9
2022-06-04 01:15:31,57943.9,22102
2022-06-04 01:15:32,56857,23189
2022-06-04 01:15:33,55574.2,24471.7
2022-06-04 01:15:34,55439.2,24606.7
2022-06-04 01:15:35,54555.2,25490.7
2022-06-04 01:15:36,55300.1,24745.8
2022-06-04 01:15:37,55135.8,24910.1
2022-06-04 01:15:38,56920.5,23125.3
2022-06-04 01:15:39,58170.3,21875.6
2022-06-04 01:15:40,58660.5,21385.5
2022-06-04 01:15:41,58782,21263.9
2022-06-04 01:15:42,58674.7,21371.1
2022-06-04 01:15:43,57781.3,22264.5
2022-06-04 01:15:44,57131.3,22914.7
2022-06-04 01:15:45,56783.5,23262.5
2022-06-04 01:15:46,55599.5,24446.4
2022-06-04 01:15:47,55062.7,24983.3
2022-06-04 01:15:48,54761.4,25284.5
2022-06-04 01:15:49,55271,24775
2022-06-04 01:15:50,55957.4,24088.5
2022-06-04 01:15:51,56805.5,23240.5
2022-06-04 01:15:52,56730.6,23315.4
2022-06-04 01:15:53,58238.8,21807.2
2022-06-04 01:15:54,58775.8,21270.1
2022-06-04 01:15:55,58650.9,21395.1
2022-06-04 01:15:56,58035.8,22010.1
2022-06-04 01:15:57,57093.7,22952.3
2022-06-04 01:15:58,57075.3,22970.7
2022-06-04 01:15:59,56347.5,23698.4
2022-06-04 01:16:00,55907.6,24138.4
2022-06-04 01:16:01,55862.4,24183.5
2022-06-04 01:16:02,55747.1,24298.8
2022-06-04 01:16:03,56251,23794.9
2022-06-04 01:16:04,56274.2,23771.7
2022-06-04 01:16:05,56493.8,23552.1
2022-06-04 01:16:06,56431.8,23614.1
2022-06-04 01:16:07,56751,23295
2022-06-04 01:16:08,58018.6,22027.3
2022-06-04 01:16:09,58812.5,21233.4
2022-06-04 01:16:10,58078.5,21967.4
2022-06-04 01:16:11,57434.6,22611.5
2022-06-04 01:16:12,56700.4,23345.5
2022-06-04 01:16:13,56708.5,23337.4
2022-06-04 01:16:14,56944.8,23101
2022-06-04 01:16:15,56435.4,23610.5
2022-06-04 01:16:16,55856.3,24189.7
2022-06-04 01:16:17,55566.6,24479.4
2022-06-04 01:16:18,56332.5,23713.4
2022-06-04 01:16:19,56346.1,23699.8
2022-06-04 01:16:20,56908.8,23137.1
2022-06-04 01:16:21,57052.5,22993.4
2022-06-04 01:16:22,57320.5,22725.4
2022-06-04 01:16:23,57385.7,22660.1
2022-06-04 01:16:24,58560.8,21485.2
2022-06-04 01:16:25,57772.3,22273.7
2022-06-04 01:16:26,57300,22746
2022-06-04 01:16:27,56372.2,23673.8
2022-06-04 01:16:28,56674.4,23371.6
2022-06-04 01:16:29,55888.8,24157.2
2022-06-04 01:16:30,55973.3,24072.6
2022-06-04 01:16:31,56531.4,23514.5
2022-06-04 01:16:32,56942,23103.9
2022-06-04 01:16:33,57170.3,22875.7
2022-06-04 01:16:34,56977.3,23068.5
2022-06-04 01:16:35,56770.3,23275.7
2022-06-04 01:16:36,57569.9,22476.1
2022-06-04 01:16:37,56734.3,23311.8
2022-06-04 01:16:38,57720.6,22325.3
2022-06-04 01:16:39,57025.8,23020
2022-06-04 01:16:40,57513.2,22532.8
2022-06-04 01:16:41,56543.3,23502.7
2022-06-04 01:16:42,56116.6,23929.4
2022-06-04 01:16:43,56899.6,23146.2
2022-06-04 01:16:44,56825.6,23220.3
2022-06-04 01:16:45,57072.5,22973.3
2022-06-04 01:16:46,56588.8,23457
2022-06-04 01:16:47,56740.1,23305.7
2022-06-04 01:16:48,56664.5,23381.4
2022-06-04 01:16:49,57555.3,22490.6
2022-06-04 01:16:50,56681,23364.9
2022-06-04 01:16:51,56226.9,23819.1
2022-06-04 01:16:52,56650.9,23395.1
2022-06-04 01:16:53,55779.4,24266.6
2022-06-04 01:16:54,57251.2,22794.7
2022-06-04 01:16:55,57518,22528
2022-06-04 01:16:56,57679.5,22366.6
2022-06-04 01:16:57,57615.2,22430.6
2022-06-04 01:16:58,57399.7,22646.2
2022-06-04 01:16:59,56883.8,23162.2
2022-06-04 01:17:00,56293.9,23752.1
2022-06-04 01:17:01,56206.1,23839.8
2022-06-04 01:17:02,56249.1,23796.9
2022-06-04 01:17:03,55959.3,24086.6
2022-06-04 01:17:04,56135.8,23910.3
2022-06-04 01:17:05,57175.1,22870.8
2022-06-04 01:17:06,56940.4,23105.5
2022-06-04 01:17:07,57161.2,22884.9
2022-06-04 01:17:08,57417.8,22628.1
2022-06-04 01:17:09,57201.1,22844.9
2022-06-04 01:17:10,58496.2,21549.9
2022-06-04 01:17:11,57341.1,22704.8
2022-06-04 01:17:12,56997.1,23048.8
2022-06-04 01:17:13,56438.9,23607
2022-06-04 01:17:14,56035.2,24010.6
2022-06-04 01:17:15,55795.8,24250.1
2022-06-04 01:17:16,55867.4,24178.5
2022-06-04 01:17:17,56088,23957.9
2022-06-04 01:17:18,56476.8,23569.1
2022-06-04 01:17:19,58835.3,21210.7
2022-06-04 01:17:20,58208,21837.9
2022-06-04 01:17:21,57666.5,22379.4
2022-06-04 01:17:22,57019.7,23026.2
2022-06-04 01:17:23,56539.4,23506.6
2022-06-04 01:17:24,56396.3,23649.7
2022-06-04 01:17:25,56689.4,23356.5
2022-06-04 01:17:26,56679,23366.9
2022-06-04 01:17:27,56440.7,23605.1
2022-06-04 01:17:28,55820.5,24225.5
2022-06-04 01:17:29,55769,24277
2022-06-04 01:17:30,56530.4,23515.6
2022-06-04 01:17:31,56981.7,23064.1
2022-06-04 01:17:32,58243.9,21802
2022-06-04 01:17:33,58646.2,21399.7
2022-06-04 01:17:34,58337.8,21708.1
2022-06-04 01:17:35,57160.3,22885.7
2022-06-04 01:17:36,56116.8,23929.2
2022-06-04 01:17:37,55996.9,24049
2022-06-04 01:17:38,55816.3,24229.5
2022-06-04 01:17:39,55978.4,24067.4
2022-06-04 01:17:40,57044.4,23001.6
2022-06-04 01:17:41,56257.2,23788.8
2022-06-04 01:17:42,56028.3,24017.6
2022-06-04 01:17:43,56984,23061.9
2022-06-04 01:17:44,57435.6,22610.3
2022-06-04 01:17:45,57778,22267.9
2022-06-04 01:17:46,57615.7,22430.2
2022-06-04 01:17:47,57728.8,22317.1
2022-06-04 01:17:48,57582.3,22463.5
2022-06-04 01:17:49,57160.9,22885.1
2022-06-04 01:17:50,56836.3,23209.6
2022-06-04 01:17:51,56174.7,23871.3
2022-06-04 01:17:52,55150.9,24895
2022-06-04 01:17:53,55611,24434.8
2022-06-04 01:17:54,55378.3,24667.6
2022-06-04 01:17:55,57383.7,22662.3
2022-06-04 01:17:56,57591.7,22454.2
2022-06-04 01:17:57,57819.9,22226
2022-06-04 01:17:58,57666.4,22379.6
2022-06-04 01:17:59,57284.1,22761.8
2022-06-04 01:18:00,56832.2,23213.8
2022-06-04 01:18:01,57502.4,22543.6
2022-06-04 01:18:02,58028.1,22017.9
2022-06-04 01:18:03,57755.4,22290.6
2022-06-04 01:18:04,56710,23336
2022-06-04 01:18:05,55647.6,24398.4
2022-06-04 01:18:06,55239.7,24806.2
2022-06-04 01:18:07,54813,25232.8
2022-06-04 01:18:08,55505.6,24540.3
2022-06-04 01:18:09,57278.6,22767.4
2022-06-04 01:18:10,57742.9,22303.1
2022-06-04 01:18:11,57420.9,22625.1
2022-06-04 01:18:12,57412.6,22633.3
2022-06-04 01:18:13,57539.4,22506.4
2022-06-04 01:18:14,57916.3,22129.5
2022-06-04 01:18:15,57759.8,22286.1
2022-06-04 01:18:16,57999.2,22046.7
2022-06-04 01:18:17,57439.4,22606.6
2022-06-04 01:18:18,56627.4,23418.5
2022-06-04 01:18:19,55519.7,24526.2
2022-06-04 01:18:20,55339.3,24706.6
2022-06-04 01:18:21,55471.6,24574.4
2022-06-04 01:18:22,55750.5,24295.5
2022-06-04 01:18:23,55530.9,24515
2022-06-04 01:18:24,56802.4,23243.6
2022-06-04 01:18:25,57366,22679.9
2022-06-04 01:18:26,58130.5,21915.5
2022-06-04 01:18:27,58329.7,21716.3
2022-06-04 01:18:28,57557.1,22488.9
2022-06-04 01:18:29,57567.8,22478.2
2022-06-04 01:18:30,57097.7,22948.3
2022-06-04 01:18:31,56218.6,23827.4
2022-06-04 01:18:32,56141.3,23904.6
2022-06-04 01:18:33,56442,23603.9
2022-06-04 01:18:34,55800,24246
2022-06-04 01:18:35,56527.3,23518.6
2022-06-04 01:18:36,56975.7,23070.3
2022-06-04 01:18:37,56317,23729
2022-06-04 01:18:38,56454.2,23591.7
2022-06-04 01:18:39,56903,23142.9
2022-06-04 01:18:40,56661.8,23384.1
2022-06-04 01:18:41,57777.3,22268.6
2022-06-04 01:18:42,57590.5,22455.3
2022-06-04 01:18:43,56900.2,23145.8
2022-06-04 01:18:44,56701.1,23344.8
2022-06-04 01:18:45,55766.9,24279
2022-06-04 01:18:46,57026.1,23019.9
2022-06-04 01:18:47,57182.5,22863.4
2022-06-04 01:18:48,57655.4,22390.7
2022-06-04 01:18:49,57396.8,22649.2
2022-06-04 01:18:50,56503.1,23543
2022-06-04 01:18:51,55880.7,24165.2
2022-06-04 01:18:52,54970.1,25075.9
2022-06-04 01:18:53,55812.1,24233.8
2022-06-04 01:18:54,55949.6,24096.4
2022-06-04 01:18:55,56336.9,23709
2022-06-04 01:18:56,56931,23114.9
2022-06-04 01:18:57,57631.4,22414.5
2022-06-04 01:18:58,57483,22562.9
2022-06-04 01:18:59,57654.4,22391.5
2022-06-04 01:19:00,58357,21689
2022-06-04 01:19:01,58189.7,21856.2
2022-06-04 01:19:02,57713.7,22332.2
2022-06-04 01:19:03,56942.5,23103.3
2022-06-04 01:19:04,55833.4,24212.5
2022-06-04 01:19:05,55234.9,24811
2022-06-04 01:19:06,55000,25045.8
2022-06-04 01:19:07,54540.3,25505.7
2022-06-04 01:19:08,54567,25478.9
2022-06-04 01:19:09,56296.2,23749.7
2022-06-04 01:19:10,57653.2,22392.7
2022-06-04 01:19:11,58962.3,21083.6
2022-06-04 01:19:12,59327.1,20718.8
2022-06-04 01:19:13,58739.9,21306
2022-06-04 01:19:14,57761,22284.9
2022-06-04 01:19:15,57331.3,22714.7
2022-06-04 01:19:16,57034.4,23011.5
2022-06-04 01:19:17,56270.3,23775.7
2022-06-04 01:19:18,55856.2,24189.8
2022-06-04 01:19:19,55380.2,24665.7
2022-06-04 01:19:20,55491.6,24554.3
2022-06-04 01:19:21,55105.5,24940.3
2022-06-04 01:19:22,55132.7,24913.2
2022-06-04 01:19:23,56666.4,23379.5
2022-06-04 01:19:24,58510.5,21535.4
2022-06-04 01:19:25,58619.9,21426
2022-06-04 01:19:26,58176.4,21869.4
2022-06-04 01:19:27,57979.2,22066.8
2022-06-04 01:19:28,57327.8,22718.2
2022-06-04 01:19:29,56819.9,23226
2022-06-04 01:19:30,56759.1,23286.8
2022-06-04 01:19:31,56388.6,23657.3
2022-06-04 01:19:32,57036.1,23009.8
2022-06-04 01:19:33,55849.4,24196.5
2022-06-04 01:19:34,55495.8,24550.3
2022-06-04 01:19:35,55429.4,24616.7
2022-06-04 01:19:36,56184.2,23861.8
2022-06-04 01:19:37,56630.9,23415
2022-06-04 01:19:38,57266.6,22779.3
2022-06-04 01:19:39,57682.7,22363.1
2022-06-04 01:19:40,57183.2,22862.8
2022-06-04 01:19:41,57161.2,22884.8
2022-06-04 01:19:42,58730.1,21315.9
2022-06-04 01:19:43,58489,21557
2022-06-04 01:19:44,57973,22072.8
2022-06-04 01:19:45,57432,22613.9
2022-06-04 01:19:46,56888.1,23157.9
2022-06-04 01:19:47,56202.4,23843.4
2022-06-04 01:19:48,55476,24569.9
2022-06-04 01:19:49,54637.8,25408.1
2022-06-04 01:19:50,55111.9,24934
2022-06-04 01:19:51,55036.5,25009.4
2022-06-04 01:19:52,55087.9,24958.2
2022-06-04 01:19:53,56791.7,23254.3
2022-06-04 01:19:54,58100,21945.8
2022-06-04 01:19:55,58625.8,21420.2
2022-06-04 01:19:56,58378.8,21667.2
2022-06-04 01:19:57,58167.5,21878.3
2022-06-04 01:19:58,58084.4,21961.6
2022-06-04 01:19:59,57677.6,22368.2
2022-06-04 01:20:00,56804,23241.9
2022-06-04 01:20:01,56478.4,23567.5
2022-06-04 01:20:02,55506.3,24539.6
2022-06-04 01:20:03,54550.6,25495.3
2022-06-04 01:20:04,54721.5,25324.5
2022-06-04 01:20:05,55460.4,24585.5
2022-06-04 01:20:06,56374.7,23671.2
2022-06-04 01:20:07,57239.2,22806.8
2022-06-04 01:20:08,59198.4,20847.4
2022-06-04 01:20:09,58100.3,21945.7
2022-06-04 01:20:10,57472.3,22573.8
2022-06-04 01:20:11,57347.4,22698.5
2022-06-04 01:20:12,57047.5,22998.4
2022-06-04 01:20:13,57499,22546.9
2022-06-04 01:20:14,57334.4,22711.6
2022-06-04 01:20:15,56759.4,23286.5
2022-06-04 01:20:16,56218.3,23827.6
2022-06-04 01:20:17,56010.8,24035.1
2022-06-04 01:20:18,55872.8,24173.1
2022-06-04 01:20:19,55282.3,24763.6
2022-06-04 01:20:20,55782.2,24263.7
2022-06-04 01:20:21,55981.5,24064.5
2022-06-04 01:20:22,57997.5,22048.6
2022-06-04 01:20:23,57731.1,22314.9
2022-06-04 01:20:24,57924.6,22121.3
2022-06-04 01:20:25,58320.6,21725.3
2022-06-04 01:20:26,58061.5,21984.5
2022-06-04 01:20:27,57771.8,22274.1
2022-06-04 01:20:28,58382.6,21663.3
2022-06-04 01:20:29,57545.1,22500.8
2022-06-04 01:20:30,57222.5,22823.4
2022-06-04 01:20:31,56023.9,24022
2022-06-04 01:20:32,55250.5,24795.4
2022-06-04 01:20:33,54359,25686.9
2022-06-04 01:20:34,55428,24617.9
2022-06-04 01:20:35,54908,25137.9
2022-06-04 01:20:36,56030.3,24015.6
2022-06-04 01:20:37,57497.2,22548.7
2022-06-04 01:20:38,58295.9,21750
2022-06-04 01:20:39,59287.5,20758.6
2022-06-04 01:20:40,59011.6,21034.4
2022-06-04 01:20:41,58352.9,21692.9
2022-06-04 01:20:42,57370.6,22675.4
2022-06-04 01:20:43,57103.8,22942.1
2022-06-04 01:20:44,56506.7,23539.4
2022-06-04 01:20:45,55902.1,24143.8
2022-06-04 01:20:46,55651.7,24394.1
2022-06-04 01:20:47,55317,24728.9
2022-06-04 01:20:48,55289.2,24756.8
2022-06-04 01:20:49,55747.4,24298.6
2022-06-04 01:20:50,57096.6,22949.4
2022-06-04 01:20:51,58125,21921
2022-06-04 01:20:52,58958.9,21087
2022-06-04 01:20:53,58633,21413
2022-06-04 01:20:54,58286.6,21759.3
2022-06-04 01:20:55,57412.2,22633.7
2022-06-04 01:20:56,56738.7,23307.3
2022-06-04 01:20:57,56222.9,23822.9
2022-06-04 01:20:58,55777.4,24268.5
2022-06-04 01:20:59,55739.8,24306.1
2022-06-04 01:21:00,56081.6,23964.4
2022-06-04 01:21:01,56172.2,23873.7
2022-06-04 01:21:02,57596.6,22449.4
2022-06-04 01:21:03,57538.2,22507.6
2022-06-04 01:21:04,57011.6,23034.3
2022-06-04 01:21:05,56309.4,23736.5
2022-06-04 01:21:06,56878,23167.9
2022-06-04 01:21:07,56934,23112
2022-06-04 01:21:08,56930.2,23115.7
2022-06-04 01:21:09,57326.8,22719.1
2022-06-04 01:21:10,56687.4,23358.6
2022-06-04 01:21:11,56189.2,23856.7
2022-06-04 01:21:12,57290.8,22755.2
2022-06-04 01:21:13,56715.9,23330.1
2022-06-04 01:21:14,57698,22348
2022-06-04 01:21:15,57770.4,22275.6
2022-06-04 01:21:16,57536,22509.9
2022-06-04 01:21:17,56938.7,23107.3
2022-06-04 01:21:18,56575.8,23470.2
2022-06-04 01:21:19,56295.3,23750.7
2022-06-04 01:21:20,56250,23795.9
2022-06-04 01:21:21,56147.9,23898
2022-06-04 01:21:22,56625.7,23420.2
2022-06-04 01:21:23,56112.5,23933.5
2022-06-04 01:21:24,56670.1,23375.8
2022-06-04 01:21:25,57265.9,22780
2022-06-04 01:21:26,58153.5,21892.6
2022-06-04 01:21:27,57885.6,22160.3
2022-06-04 01:21:28,57371.3,22674.6
2022-06-04 01:21:29,57071.1,22974.8
2022-06-04 01:21:30,57335.3,22710.6
2022-06-04 01:21:31,57354.7,22691.2
2022-06-04 01:21:32,56489.7,23556.3
2022-06-04 01:21:33,55909.1,24136.9
2022-06-04 01:21:34,55638.6,24407.3
2022-06-04 01:21:35,54862.9,25183.1
2022-06-04 01:21:36,55159.7,24886.2
2022-06-04 01:21:37,55766.5,24279.4
2022-06-04 01:21:38,58034.8,22011.1
2022-06-04 01:21:39,58362.4,21683.5
2022-06-04 01:21:40,58183,21863
2022-06-04 01:21:41,57825,22220.9
2022-06-04 01:21:42,57724.3,22321.7
2022-06-04 01:21:43,57134.2,22911.8
2022-06-04 01:21:44,56850.9,23195
2022-06-04 01:21:45,56912.5,23133.5
2022-06-04 01:21:46,56801.6,23244.3
2022-06-04 01:21:47,56099.7,23946.3
2022-06-04 01:21:48,56079.4,23966.5
2022-06-04 01:21:49,55510.9,24535
2022-06-04 01:21:50,55974.7,24071.1
2022-06-04 01:21:51,56322.9,23723
2022-06-04 01:21:52,56509.3,23536.6
2022-06-04 01:21:53,57645.6,22400.3
2022-06-04 01:21:54,57755.4,22290.6
2022-06-04 01:21:55,58336.3,21709.7
2022-06-04 01:21:56,57475.1,22570.9
2022-06-04 01:21:57,57176.4,22869.6
2022-06-04 01:21:58,56958.9,23087
2022-06-04 01:21:59,57425.1,22620.9
2022-06-04 01:22:00,56726.1,23319.8
2022-06-04 01:22:01,55782.8,24263.1
2022-06-04 01:22:02,55448.7,24597.1
2022-06-04 01:22:03,56249.9,23796
2022-06-04 01:22:04,57251.4,22794.5
2022-06-04 01:22:05,56922.3,23123.6
2022-06-04 01:22:06,56960.7,23085.3
2022-06-04 01:22:07,56812.3,23233.6
2022-06-04 01:22:08,56628.6,23417.4
2022-06-04 01:22:09,57813.2,22232.7
2022-06-04 01:22:10,57750,22295.8
2022-06-04 01:22:11,57331.6,22714.4
2022-06-04 01:22:12,57035.9,23009.9
2022-06-04 01:22:13,57522.2,22523.8
2022-06-04 01:22:14,56742.3,23303.6
2022-06-04 01:22:15,56694.6,23351.3
2022-06-04 01:22:16,56773.9,23272.1
2022-06-04 01:22:17,57361.9,22684
2022-06-04 01:22:18,56865.9,23179.9
2022-06-04 01:22:19,56739.6,23306.3
2022-06-04 01:22:20,56938.1,23107.8
2022-06-04 01:22:21,56704.5,23341.4
2022-06-04 01:22:22,56420.1,23625.8
2022-06-04 01:22:23,56837.4,23208.7
2022-06-04 01:22:24,56709.3,23336.8
2022-06-04 01:22:25,56537.5,23508.4
2022-06-04 01:22:26,56268.8,23777.1
2022-06-04 01:22:27,57066.7,22979.2
2022-06-04 01:22:28,57620.3,22425.8
2022-06-04 01:22:29,57715,22330.9
2022-06-04 01:22:30,57609.3,22436.7
2022-06-04 01:22:31,58178.8,21867
2022-06-04 01:22:32,57313.8,22732.2
2022-06-04 01:22:33,56476,23569.9
2022-06-04 01:22:34,55665.7,24380.2
2022-06-04 01:22:35,55779.2,24266.8
2022-06-04 01:22:36,55260.2,24785.8
2022-06-04 01:22:37,54730.1,25315.8
2022-06-04 01:22:38,55884.7,24161.3
2022-06-04 01:22:39,56775.2,23270.8
2022-06-04 01:22:40,57138.2,22907.7
2022-06-04 01:22:41,59366,20679.9
2022-06-04 01:22:42,59440,20605.9
2022-06-04 01:22:43,58712.2,21333.7
2022-06-04 01:22:44,58125,21920.9
2022-06-04 01:22:45,57218.6,22827.3
2022-06-04 01:22:46,56485.4,23560.5
2022-06-04 01:22:47,55557.2,24488.7
2022-06-04 01:22:48,55027.4,25018.4
2022-06-04 01:22:49,54945.9,25100.1
2022-06-04 01:22:50,55570.5,24475.3
2022-06-04 01:22:51,55220.9,24824.9
2022-06-04 01:22:52,56429.1,23616.8
2022-06-04 01:22:53,57194.3,22851.7
2022-06-04 01:22:54,58386.3,21659.7
2022-06-04 01:22:55,58395.1,21650.9
2022-06-04 01:22:56,58595.1,21450.9
2022-06-04 01:22:57,57947.2,22098.7
2022-06-04 01:22:58,57022.4,23023.6
2022-06-04 01:22:59,56356.8,23689.1
2022-06-04 01:23:00,56409.6,23636.3
2022-06-04 01:23:01,55999.8,24046.1
2022-06-04 01:23:02,56143.7,23902.2
2022-06-04 01:23:03,55897,24148.9
2022-06-04 01:23:04,55707,24338.9
2022-06-04 01:23:05,56686.4,23359.5
2022-06-04 01:23:06,57584.5,22461.4
2022-06-04 01:23:07,57293.2,22752.8
2022-06-04 01:23:08,56894.6,23151.4
2022-06-04 01:23:09,58116.7,21929.2
2022-06-04 01:23:10,57517.4,22528.4
2022-06-04 01:23:11,57821.2,22224.8
2022-06-04 01:23:12,56939,23106.9
2022-06-04 01:23:13,56224,23821.9
2022-06-04 01:23:14,56037.7,24008.3
2022-06-04 01:23:15,55789.5,24256.4
2022-06-04 01:23:16,57135.5,22910.4
2022-06-04 01:23:17,57119.2,22926.8
2022-06-04 01:23:18,56618.2,23427.9
2022-06-04 01:23:19,56374.8,23671.2
2022-06-04 01:23:20,56832.1,23213.8
2022-06-04 01:23:21,56549,23497
2022-06-04 01:23:22,57279.2,22766.7
2022-06-04 01:23:23,57813.5,22232.4
2022-06-04 01:23:24,57612.6,22433.3
2022-06-04 01:23:25,57120.4,22925.5
2022-06-04 01:23:26,57148.7,22897.2
2022-06-04 01:23:27,56598.5,23447.3
2022-06-04 01:23:28,57412.9,22633
2022-06-04 01:23:29,57637.7,22408.2
2022-06-04 01:23:30,56915.6,23130.3
2022-06-04 01:23:31,56677.6,23368.2
2022-06-04 01:23:32,56003.7,24042.1
2022-06-04 01:23:33,55862.6,24183.3
2022-06-04 01:23:34,55991.3,24054.7
2022-06-04 01:23:35,56002,24043.8
2022-06-04 01:23:36,56657.1,23388.8
2022-06-04 01:23:37,57480.4,22565.4
2022-06-04 01:23:38,57259.1,22786.9
2022-06-04 01:23:39,57882.1,22163.7
2022-06-04 01:23:40,57265.2,22780.7
2022-06-04 01:23:41,57436,22609.9
2022-06-04 01:23:42,57373.6,22672.4
2022-06-04 01:23:43,57438.6,22607.2
2022-06-04 01:23:44,57467.1,22578.8
2022-06-04 01:23:45,56972.2,23073.8
2022-06-04 01:23:46,56041.7,24004.2
2022-06-04 01:23:47,55882.9,24163.1
2022-06-04 01:23:48,55159.7,24886.3
2022-06-04 01:23:49,55088.5,24957.4
2022-06-04 01:23:50,56815.1,23231
2022-06-04 01:23:51,57063.5,22982.5
2022-06-04 01:23:52,56730.4,23315.4
2022-06-04 01:23:53,57631.8,22414.1
2022-06-04 01:23:54,57768.4,22277.6
2022-06-04 01:23:55,58235.7,21810.2
2022-06-04 01:23:56,57756.2,22289.8
2022-06-04 01:23:57,57335.2,22710.7
2022-06-04 01:23:58,58291.9,21754
2022-06-04 01:23:59,57225.7,22820.3
2022-06-04 01:24:00,56376.1,23669.9
2022-06-04 01:24:01,55547.2,24498.8
2022-06-04 01:24:02,54915.6,25130.3
2022-06-04 01:24:03,54573.8,25472.3
2022-06-04 01:24:04,55121.4,24924.4
2022-06-04 01:24:05,57432.9,22613.1
2022-06-04 01:24:06,57045.1,23000.9
2022-06-04 01:24:07,57497.4,22548.6
2022-06-04 01:24:08,58258.9,21787
2022-06-04 01:24:09,58835.8,21210.1
2022-06-04 01:24:10,57986.1,22059.8
2022-06-04 01:24:11,58258,21787.9
2022-06-04 01:24:12,57751.5,22294.5
2022-06-04 01:24:13,56717.7,23328.2
2022-06-04 01:24:14,55946,24100
2022-06-04 01:24:15,55180.6,24865.4
2022-06-04 01:24:16,54667.8,25378.1
2022-06-04 01:24:17,55275.4,24770.6
2022-06-04 01:24:18,56314.7,23731.3
2022-06-04 01:24:19,57140.8,22905.1
2022-06-04 01:24:20,57143.9,22902.1
2022-06-04 01:24:21,58556.8,21489
2022-06-04 01:24:22,58198.1,21847.9
2022-06-04 01:24:23,58340.6,21705.4
2022-06-04 01:24:24,58297,21748.9
2022-06-04 01:24:25,57707.9,22338.1
2022-06-04 01:24:26,57114,22931.9
2022-06-04 01:24:27,56262.8,23783.1
2022-06-04 01:24:28,55534.8,24511.2
2022-06-04 01:24:29,55731,24314.9
2022-06-04 01:24:30,56217.7,23828.3
2022-06-04 01:24:31,56185,23861
2022-06-04 01:24:32,56771.9,23274
2022-06-04 01:24:33,57192.4,22853.6
2022-06-04 01:24:34,57300.6,22745.3
2022-06-04 01:24:35,58082.3,21963.6
2022-06-04 01:24:36,57526.9,22519
2022-06-04 01:24:37,56872,23174
2022-06-04 01:24:38,56927.9,23118
2022-06-04 01:24:39,56271.3,23774.6
2022-06-04 01:24:40,56476.7,23569.3
2022-06-04 01:24:41,56345.8,23700.2
2022-06-04 01:24:42,55850.9,24195
2022-06-04 01:24:43,56326.8,23719.1
2022-06-04 01:24:44,56782.6,23263.3
2022-06-04 01:24:45,57244.6,22801.3
2022-06-04 01:24:46,56982.9,23063
2022-06-04 01:24:47,56703.9,23342
2022-06-04 01:24:48,56264.3,23781.5
2022-06-04 01:24:49,57606.2,22439.7
2022-06-04 01:24:50,57801.5,22244.4
2022-06-04 01:24:51,56686.6,23359.3
2022-06-04 01:24:52,56262.6,23783.2
2022-06-04 01:24:53,56278.5,23767.5
2022-06-04 01:24:54,56623.3,23422.6
2022-06-04 01:24:55,58617.8,21428.2
2022-06-04 01:24:56,58116.1,21929.8
2022-06-04 01:24:57,57485.2,22560.7
2022-06-04 01:24:58,57500.5,22545.4
2022-06-04 01:24:59,56343.6,23702.3
2022-06-04 01:25:00,55367.8,24678.2
2022-06-04 01:25:01,55368.4,24677.5
2022-06-04 01:25:02,55566.3,24479.6
2022-06-04 01:25:03,56218.5,23827.5
2022-06-04 01:25:04,56659.8,23386.1
2022-06-04 01:25:05,56538.5,23507.4
2022-06-04 01:25:06,56563.2,23482.7
2022-06-04 01:25:07,58133.3,21912.6
2022-06-04 01:25:08,57646.4,22399.6
2022-06-04 01:25:09,58308,21737.9
2022-06-04 01:25:10,58059.2,21986.8
2022-06-04 01:25:11,57144,22901.8
2022-06-04 01:25:12,57001.7,23044.1
2022-06-04 01:25:13,56371.7,23674.2
2022-06-04 01:25:14,55567.1,24478.8
2022-06-04 01:25:15,55068.6,24977.4
2022-06-04 01:25:16,55064.2,24981.7
2022-06-04 01:25:17,56314.6,23731.4
2022-06-04 01:25:18,56524.1,23521.9
2022-06-04 01:25:19,57875.1,22170.8
2022-06-04 01:25:20,58594.8,21451.1
2022-06-04 01:25:21,57999.3,22046.7
2022-06-04 01:25:22,57565.4,22480.6
2022-06-04 01:25:23,57353.7,22692.3
2022-06-04 01:25:24,56497.9,23548
2022-06-04 01:25:25,57114.8,22931.2
2022-06-04 01:25:26,57386.1,22659.8
2022-06-04 01:25:27,56286,23760
2022-06-04 01:25:28,56342.5,23703.4
2022-06-04 01:25:29,55840.8,24205.2
2022-06-04 01:25:30,55952.8,24093.1
2022-06-04 01:25:31,56029.1,24016.8
2022-06-04 01:25:32,56919,23126.9
2022-06-04 01:25:33,57583.2,22462.7
2022-06-04 01:25:34,57907.9,22138
2022-06-04 01:25:35,57378.2,22667.7
2022-06-04 01:25:36,56339.9,23706
2022-06-04 01:25:37,56017.9,24028
2022-06-04 01:25:38,56119.6,23926.3
2022-06-04 01:25:39,56954.5,23091.5
2022-06-04 01:25:40,57490.8,22555.1
2022-06-04 01:25:41,57324.5,22721.4
2022-06-04 01:25:42,56463.8,23582.1
2022-06-04 01:25:43,55458.3,24587.6
2022-06-04 01:25:44,56277.4,23768.6
2022-06-04 01:25:45,57201.9,22844
2022-06-04 01:25:46,57207.7,22838.2
2022-06-04 01:25:47,57664.1,22381.8
2022-06-04 01:25:48,57273.1,22772.8
2022-06-04 01:25:49,57321.4,22724.6
2022-06-04 01:25:50,57006.5,23039.5
2022-06-04 01:25:51,56834.9,23210.9
2022-06-04 01:25:52,57255.7,22790.2
2022-06-04 01:25:53,57152.9,22892.9
2022-06-04 01:25:54,56350.2,23695.7
2022-06-04 01:25:55,56083.1,23963
2022-06-04 01:25:56,55889,24157
2022-06-04 01:25:57,55746.8,24299.1
2022-06-04 01:25:58,56704.5,23341.4
2022-06-04 01:25:59,57019.1,23026.8
2022-06-04 01:26:00,57092.5,22953.5
2022-06-04 01:26:01,57419.7,22626.1
2022-06-04 01:26:02,58122.8,21923.1
2022-06-04 01:26:03,58625.3,21420.7
2022-06-04 01:26:04,57840.9,22205.1
2022-06-04 01:26:05,57197.6,22848.3
2022-06-04 01:26:06,56448.4,23597.6
2022-06-04 01:26:07,56269,23776.9
2022-06-04 01:26:08,55784.9,24261
2022-06-04 01:26:09,55597,24448.9
2022-06-04 01:26:10,56772.1,23273.8
2022-06-04 01:26:11,56979.9,23066
2022-06-04 01:26:12,56952.2,23093.7
2022-06-04 01:26:13,57719.2,22326.7
2022-06-04 01:26:14,57182.6,22863.4
2022-06-04 01:26:15,58205.6,21840.3
2022-06-04 01:26:16,57766.3,22279.6
2022-06-04 01:26:17,57159.2,22886.6
2022-06-04 01:26:18,57019.4,23026.4
2022-06-04 01:26:19,56296.1,23749.9
2022-06-04 01:26:20,55938.1,24107.9
2022-06-04 01:26:21,55581.4,24464.4
2022-06-04 01:26:22,56489.2,23556.7
2022-06-04 01:26:23,56942.1,23103.8
2022-06-04 01:26:24,57785.2,22260.7
2022-06-04 01:26:25,57559.5,22486.4
2022-06-04 01:26:26,57465.6,22580.2
2022-06-04 01:26:27,57432.2,22613.8
2022-06-04 01:26:28,57125.6,22920.4
2022-06-04 01:26:29,57777.3,22268.6
2022-06-04 01:26:30,57011.4,23034.5
2022-06-04 01:26:31,55835.9,24210.1
2022-06-04 01:26:32,55143.8,24902.2
2022-06-04 01:26:33,55582.6,24463.4
2022-06-04 01:26:34,56211.1,23834.8
2022-06-04 01:26:35,57441.7,22604.2
2022-06-04 01:26:36,58038.9,22007.1
2022-06-04 01:26:37,57956.3,22089.6
2022-06-04 01:26:38,57810.1,22235.9
2022-06-04 01:26:39,57258.2,22787.7
2022-06-04 01:26:40,57550.9,22495
2022-06-04 01:26:41,56861.1,23184.9
2022-06-04 01:26:42,56427.3,23618.7
2022-06-04 01:26:43,56791.1,23254.9
2022-06-04 01:26:44,56858.7,23187.3
2022-06-04 01:26:45,56018.2,24027.7
2022-06-04 01:26:46,55832.5,24213.4
2022-06-04 01:26:47,56197.8,23848.1
2022-06-04 01:26:48,57712.6,22333.4
2022-06-04 01:26:49,57806.5,22239.4
2022-06-04 01:26:50,57826.2,22219.8
2022-06-04 01:26:51,57647.2,22398.8
2022-06-04 01:26:52,56697.8,23348.2
2022-06-04 01:26:53,56089.9,23955.9
2022-06-04 01:26:54,56360.2,23685.7
2022-06-04 01:26:55,55662.8,24383.2
2022-06-04 01:26:56,55568.8,24477.2
2022-06-04 01:26:57,57243,22802.9
2022-06-04 01:26:58,57610.8,22435.1
2022-06-04 01:26:59,57633.5,22412.3
2022-06-04 01:27:00,56900.3,23145.7
2022-06-04 01:27:01,58028.1,22017.8
2022-06-04 01:27:02,57838.9,22206.9
2022-06-04 01:27:03,57060.6,22985.4
2022-06-04 01:27:04,57162.2,22883.7
2022-06-04 01:27:05,56395.3,23650.6
2022-06-04 01:27:06,55433.3,24612.7
2022-06-04 01:27:07,55034.1,25011.9
2022-06-04 01:27:08,55316.1,24729.7
2022-06-04 01:27:09,56692.3,23353.7
2022-06-04 01:27:10,56604.1,23441.8
2022-06-04 01:27:11,57474.5,22571.3
2022-06-04 01:27:12,58047.2,21998.7
2022-06-04 01:27:13,58277.7,21768.3
2022-06-04 01:27:14,57520.6,22525.3
2022-06-04 01:27:15,57403.5,22642.5
2022-06-04 01:27:16,56603.1,23442.8
2022-06-04 01:27:17,56903.7,23142.3
2022-06-04 01:27:18,57591.6,22454.3
2022-06-04 01:27:19,56406.7,23639.2
2022-06-04 01:27:20,55939.5,24106.4
2022-06-04 01:27:21,55609.4,24436.4
2022-06-04 01:27:22,55591.4,24454.4
2022-06-04 01:27:23,55834.1,24211.9
2022-06-04 01:27:24,57124.4,22921.5
2022-06-04 01:27:25,58367.3,21678.6
2022-06-04 01:27:26,58378.4,21667.7
2022-06-04 01:27:27,57606.9,22439
2022-06-04 01:27:28,57497.9,22548
2022-06-04 01:27:29,57383,22662.8
2022-06-04 01:27:30,56782.8,23263.1
2022-06-04 01:27:31,56645.5,23400.4
2022-06-04 01:27:32,57955.9,22090
2022-06-04 01:27:33,57183.7,22862.3
2022-06-04 01:27:34,56342.7,23703.3
2022-06-04 01:27:35,55689.3,24356.7
2022-06-04 01:27:36,55254.4,24791.6
2022-06-04 01:27:37,55788.4,24257.5
2022-06-04 01:27:38,57188.8,22857.1
2022-06-04 01:27:39,57342.6,22703.3
2022-06-04 01:27:40,57950.7,22095.3
2022-06-04 01:27:41,57550.6,22495.3
2022-06-04 01:27:42,56728.1,23317.8
2022-06-04 01:27:43,57399.7,22646.1
2022-06-04 01:27:44,57420.2,22625.6
2022-06-04 01:27:45,56912.6,23133.4
2022-06-04 01:27:46,57340.3,22705.6
2022-06-04 01:27:47,56875.3,23170.6
2022-06-04 01:27:48,56498.3,23547.5
2022-06-04 01:27:49,55525.1,24520.8
2022-06-04 01:27:50,56998,23048.1
2022-06-04 01:27:51,56537.7,23508.3
2022-06-04 01:27:52,56315.2,23730.7
2022-06-04 01:27:53,56578.2,23467.8
2022-06-04 01:27:54,56535.8,23510.2
2022-06-04 01:27:55,57831.5,22214.4
2022-06-04 01:27:56,57654.4,22391.4
2022-06-04 01:27:57,56747.5,23298.3
2022-06-04 01:27:58,56497.6,23548.3
2022-06-04 01:27:59,56026.6,24019.3
2022-06-04 01:28:00,56948.3,23097.5
2022-06-04 01:28:01,56643.5,23402.4
2022-06-04 01:28:02,57523.6,22522.5
2022-06-04 01:28:03,57264.6,22781.4
2022-06-04 01:28:04,56665.9,23380
2022-06-04 01:28:05,55919.1,24126.9
2022-06-04 01:28:06,57410.8,22635.2
2022-06-04 01:28:07,57661.5,22384.4
2022-06-04 01:28:08,57220.5,22825.4
2022-06-04 01:28:09,56123.2,23922.8
2022-06-04 01:28:10,56537.5,23508.5
2022-06-04 01:28:11,56234.1,23811.8
2022-06-04 01:28:12,57019.5,23026.5
2022-06-04 01:28:13,56781.3,23264.6
2022-06-04 01:28:14,56678,23368
2022-06-04 01:28:15,57859.3,22186.7
2022-06-04 01:28:16,58014.8,22031.1
2022-06-04 01:28:17,57029.7,23016.2
2022-06-04 01:28:18,57279.1,22766.9
2022-06-04 01:28:19,56727.7,23318.2
2022-06-04 01:28:20,56418.3,23627.6
2022-06-04 01:28:21,56331,23714.9
2022-06-04 01:28:22,56463.2,23582.7
2022-06-04 01:28:23,55988.1,24057.9
2022-06-04 01:28:24,55763.7,24282.4
2022-06-04 01:28:25,55402.2,24643.6
2022-06-04 01:28:26,56513.3,23532.6
2022-06-04 01:28:27,57414.5,22631.3
2022-06-04 01:28:28,58109.9,21936
2022-06-04 01:28:29,58237.7,21808.2
2022-06-04 01:28:30,57824,22221.9
2022-06-04 01:28:31,57451.2,22594.8
2022-06-04 01:28:32,56627.4,23418.5
2022-06-04 01:28:33,56198.9,23847
2022-06-04 01:28:34,56754,23291.9
2022-06-04 01:28:35,56941.1,23104.8
2022-06-04 01:28:36,56330.8,23715.3
2022-06-04 01:28:37,56031.8,24014.1
2022-06-04 01:28:38,55952.5,24093.4
2022-06-04 01:28:39,56142,23903.8
2022-06-04 01:28:40,58901.5,21144.5
2022-06-04 01:28:41,58547.8,21498.2
2022-06-04 01:28:42,58267.9,21778.1
2022-06-04 01:28:43,57514.7,22531.2
2022-06-04 01:28:44,57082.1,22963.9
2022-06-04 01:28:45,56202.6,23843.3
2022-06-04 01:28:46,56508,23537.8
2022-06-04 01:28:47,56525.4,23520.5
2022-06-04 01:28:48,56388.3,23657.7
2022-06-04 01:28:49,57005.3,23040.6
2022-06-04 01:28:50,57015.5,23030.4
2022-06-04 01:28:51,57091.8,22954.2
2022-06-04 01:28:52,57414.9,22631.1
2022-06-04 01:28:53,56974.7,23071.1
2022-06-04 01:28:54,56813.2,23232.6
2022-06-04 01:28:55,56885.3,23160.5
2022-06-04 01:28:56,56888.8,23157.1
2022-06-04 01:28:57,56838.8,23207
2022-06-04 01:28:58,56437,23608.9
2022-06-04 01:28:59,56474.9,23571.2
2022-06-04 01:29:00,55724.9,24321.1
2022-06-04 01:29:01,57152.2,22893.6
2022-06-04 01:29:02,57866.2,22179.8
2022-06-04 01:29:03,57463.1,22582.8
2022-06-04 01:29:04,57982.2,22063.8
2022-06-04 01:29:05,57528.8,22517.2
2022-06-04 01:29:06,56950,23095.9
2022-06-04 01:29:07,56172.3,23873.7
2022-06-04 01:29:08,55605.3,24440.7
2022-06-04 01:29:09,55595,24450.8
2022-06-04 01:29:10,56433.7,23612.3
2022-06-04 01:29:11,57045.5,23000.4
2022-06-04 01:29:12,57520.9,22525
2022-06-04 01:29:13,57243.9,22802
2022-06-04 01:29:14,57270.9,22775.1
2022-06-04 01:29:15,57349.9,22696
2022-06-04 01:29:16,57700.1,22346
2022-06-04 01:29:17,58057.2,21988.8
2022-06-04 01:29:18,57822.3,22223.6
2022-06-04 01:29:19,56973.7,23072.1
2022-06-04 01:29:20,56342.1,23703.8
2022-06-04 01:29:21,56330.4,23715.5
2022-06-04 01:29:22,56192.6,23853.4
2022-06-04 01:29:23,56385.7,23660.1
2022-06-04 01:29:24,56907.2,23138.7
2022-06-04 01:29:25,56598.7,23447.3
2022-06-04 01:29:26,56074.5,23971.3
2022-06-04 01:29:27,55984.5,24061.4
2022-06-04 01:29:28,56274.2,23771.7
2022-06-04 01:29:29,56989.5,23056.4
2022-06-04 01:29:30,57186,22859.9
2022-06-04 01:29:31,56842.3,23203.7
2022-06-04 01:29:32,57143.3,22902.6
2022-06-04 01:29:33,57027.4,23018.6
2022-06-04 01:29:34,57820.5,22225.4
2022-06-04 01:29:35,57649.4,22396.6
2022-06-04 01:29:36,57408.8,22637.2
2022-06-04 01:29:37,57074.4,22971.5
2022-06-04 01:29:38,56467.5,23578.4
2022-06-04 01:29:39,55879.3,24166.7
2022-06-04 01:29:40,55866.7,24179.2
2022-06-04 01:29:41,56399.9,23646.1
2022-06-04 01:29:42,56953.4,23092.5
2022-06-04 01:29:43,56787.9,23258.1
2022-06-04 01:29:44,57052.9,22993.1
2022-06-04 01:29:45,57001.8,23044.1
2022-06-04 01:29:46,58124.6,21921.3
2022-06-04 01:29:47,57828.5,22217.4
2022-06-04 01:29:48,57440.6,22605.3
2022-06-04 01:29:49,57084.6,22961.3
2022-06-04 01:29:50,56825.8,23220.1
2022-06-04 01:29:51,56720.3,23325.6
2022-06-04 01:29:52,56481.1,23564.8
2022-06-04 01:29:53,56071.2,23974.7
2022-06-04 01:29:54,55882.5,24163.5
2022-06-04 01:29:55,56405.5,23640.4
2022-06-04 01:29:56,55851.6,24194.4
2022-06-04 01:29:57,57268.2,22777.9
2022-06-04 01:29:58,57323.6,22722.3
2022-06-04 01:29:59,57270.8,22775.2
2022-06-04 01:30:00,56949.4,23096.5
2022-06-04 01:30:01,57112,22934
2022-06-04 01:30:02,57340.8,22705.1
2022-06-04 01:30:03,57043.2,23002.8
2022-06-04 01:30:04,55896.8,24149.1
2022-06-04 01:30:05,55883.1,24162.8
2022-06-04 01:30:06,56513.1,23532.8
2022-06-04 01:30:07,57183.6,22862.3
2022-06-04 01:30:08,57694.8,22351.1
2022-06-04 01:30:09,56812,23234
2022-06-04 01:30:10,56241.7,23804.3
2022-06-04 01:30:11,55687.9,24358
2022-06-04 01:30:12,56218.6,23827.2
2022-06-04 01:30:13,56925.7,23120.2
2022-06-04 01:30:14,56949.2,23096.8
2022-06-04 01:30:15,56907,23138.8
2022-06-04 01:30:16,56686.1,23359.7
2022-06-04 01:30:17,56796.5,23249.4
2022-06-04 01:30:18,57305.8,22740
2022-06-04 01:30:19,57693.1,22352.9
2022-06-04 01:30:20,58559.5,21486.5
2022-06-04 01:30:21,57922.1,22123.8
2022-06-04 01:30:22,56990,23055.9
2022-06-04 01:30:23,56105.1,23940.8
2022-06-04 01:30:24,55144.7,24901.2
2022-06-04 01:30:25,54517.6,25528.3
2022-06-04 01:30:26,54846.7,25199.2
2022-06-04 01:30:27,56136.1,23909.9
2022-06-04 01:30:28,57657,22389
2022-06-04 01:30:29,58079.8,21966.1
2022-06-04 01:30:30,58196.2,21849.7
2022-06-04 01:30:31,58281.6,21764.4
2022-06-04 01:30:32,58241.4,21804.5
2022-06-04 01:30:33,58195.2,21850.7
2022-06-04 01:30:34,58111.5,21934.4
2022-06-04 01:30:35,57152.7,22893.1
2022-06-04 01:30:36,56035.6,24010.4
2022-06-04 01:30:37,55378.8,24667.2
2022-06-04 01:30:38,54776.4,25269.6
2022-06-04 01:30:39,54759.9,25286
2022-06-04 01:30:40,55821.8,24224.1
2022-06-04 01:30:41,56949.9,23096
2022-06-04 01:30:42,57483.3,22562.6
2022-06-04 01:30:43,57950.7,22095.2
2022-06-04 01:30:44,58250.9,21795.1
2022-06-04 01:30:45,57714.8,22331.2
2022-06-04 01:30:46,57615.8,22430.1
2022-06-04 01:30:47,57595.6,22450.3
2022-06-04 01:30:48,57695.8,22350.1
2022-06-04 01:30:49,56591.3,23454.6
2022-06-04 01:30:50,56249.8,23796.3
2022-06-04 01:30:51,56157.2,23888.8
2022-06-04 01:30:52,56242.3,23803.5
2022-06-04 01:30:53,56847.3,23198.6
2022-06-04 01:30:54,56432.3,23613.7
2022-06-04 01:30:55,56285.2,23760.6
2022-06-04 01:30:56,55608.3,24437.7
2022-06-04 01:30:57,57145.2,22900.8
2022-06-04 01:30:58,58271,21774.8
2022-06-04 01:30:59,58203.9,21842.1
2022-06-04 01:31:00,57434.6,22611.4
2022-06-04 01:31:01,57575.5,22470.4
2022-06-04 01:31:02,57012.7,23033.1
2022-06-04 01:31:03,56887.3,23158.6
2022-06-04 01:31:04,57484.5,22561.5
2022-06-04 01:31:05,57753.5,22292.4
2022-06-04 01:31:06,57318.7,22727.2
2022-06-04 01:31:07,56731.9,23314
2022-06-04 01:31:08,56084.1,23961.8
2022-06-04 01:31:09,55751.1,24294.9
2022-06-04 01:31:10,55362.4,24683.6
2022-06-04 01:31:11,55909.7,24136.2
2022-06-04 01:31:12,56046.2,23999.8
2022-06-04 01:31:13,57186,22860.1
2022-06-04 01:31:14,58253.4,21792.5
2022-06-04 01:31:15,57681.7,22364.2
2022-06-04 01:31:16,57977.4,22068.6
2022-06-04 01:31:17,57311.1,22735
2022-06-04 01:31:18,57780.3,22265.8
2022-06-04 01:31:19,57645.9,22400
2022-06-04 01:31:20,57260.8,22785.1
2022-06-04 01:31:21,57350.5,22695.4
2022-06-04 01:31:22,57072.1,22973.8
2022-06-04 01:31:23,55966.5,24079.5
2022-06-04 01:31:24,54832.4,25213.5
2022-06-04 01:31:25,55009.5,25036.5
2022-06-04 01:31:26,54878.2,25167.6
2022-06-04 01:31:27,57032.6,23013.3
2022-06-04 01:31:28,56784.5,23261.4
2022-06-04 01:31:29,57605,22440.8
2022-06-04 01:31:30,57691,22355
2022-06-04 01:31:31,58716.4,21329.6
2022-06-04 01:31:32,57869.7,22176.2
2022-06-04 01:31:33,58090.6,21955.3
2022-06-04 01:31:34,57178.3,22867.6
2022-06-04 01:31:35,56781.1,23264.9
2022-06-04 01:31:36,56671.3,23374.6
2022-06-04 01:31:37,56171.9,23874
2022-06-04 01:31:38,55765,24280.8
2022-06-04 01:31:39,54990,25055.9
2022-06-04 01:31:40,54401,25644.9
2022-06-04 01:31:41,56475.9,23569.9
2022-06-04 01:31:42,56618.7,23427.2
2022-06-04 01:31:43,57491.8,22554.2
2022-06-04 01:31:44,59454.1,20591.8
2022-06-04 01:31:45,58847.5,21198.4
2022-06-04 01:31:46,57898.1,22147.9
2022-06-04 01:31:47,57481.6,22564.4
2022-06-04 01:31:48,57151.8,22894.2
2022-06-04 01:31:49,57245.7,22800.2
2022-06-04 01:31:50,57567.5,22478.5
2022-06-04 01:31:51,56385,23660.8
2022-06-04 01:31:52,56004,24041.9
2022-06-04 01:31:53,55305.6,24740.3
2022-06-04 01:31:54,54676.8,25369.1
2022-06-04 01:31:55,55108.8,24937.1
2022-06-04 01:31:56,56140.2,23905.7
2022-06-04 01:31:57,57216,22829.9
2022-06-04 01:31:58,58096.3,21949.7
2022-06-04 01:31:59,58219.5,21826.4
2022-06-04 01:32:00,58389.3,21656.6
2022-06-04 01:32:01,57592.4,22453.5
2022-06-04 01:32:02,57820.2,22225.7
2022-06-04 01:32:03,57833.2,22212.7
2022-06-04 01:32:04,57311.9,22733.9
2022-06-04 01:32:05,56301.6,23744.4
2022-06-04 01:32:06,55467.2,24578.7
2022-06-04 01:32:07,55435.2,24610.6
2022-06-04 01:32:08,55205.8,24840.1
2022-06-04 01:32:09,55850.8,24195.2
2022-06-04 01:32:10,56344.9,23701.2
2022-06-04 01:32:11,56704.9,23341
2022-06-04 01:32:12,57524.4,22521.7
2022-06-04 01:32:13,58143,21902.9
2022-06-04 01:32:14,58324.7,21721.3
2022-06-04 01:32:15,57610.2,22435.7
2022-06-04 01:32:16,57395.5,22650.4
2022-06-04 01:32:17,56815.7,23230.2
2022-06-04 01:32:18,56508.2,23537.6
2022-06-04 01:32:19,56430.1,23615.9
2022-06-04 01:32:20,56413.5,23632.4
2022-06-04 01:32:21,55767.1,24278.9
2022-06-04 01:32:22,57129.3,22916.6
2022-06-04 01:32:23,57466.4,22579.5
2022-06-04 01:32:24,57196.6,22849.4
2022-06-04 01:32:25,56925.5,23120.4
2022-06-04 01:32:26,57178.9,22867.1
2022-06-04 01:32:27,56466,23580
2022-06-04 01:32:28,56325.2,23720.7
2022-06-04 01:32:29,56658.4,23387.5
2022-06-04 01:32:30,57154,22891.9
2022-06-04 01:32:31,56997,23048.9
2022-06-04 01:32:32,56681.7,23364.3
2022-06-04 01:32:33,57285.8,22760.2
2022-06-04 01:32:34,57652.7,22393.2
2022-06-04 01:32:35,57498,22547.9
2022-06-04 01:32:36,57134,22912
2022-06-04 01:32:37,56636.5,23409.5
2022-06-04 01:32:38,56456,23589.8
2022-06-04 01:32:39,56277.7,23768.3
2022-06-04 01:32:40,55961,24084.9
2022-06-04 01:32:41,56013.2,24032.7
2022-06-04 01:32:42,55933.1,24112.8
2022-06-04 01:32:43,56306.3,23739.6
2022-06-04 01:32:44,57676.5,22369.5
2022-06-04 01:32:45,58596.2,21449.8
2022-06-04 01:32:46,59071.9,20974
2022-06-04 01:32:47,58017.9,22028.1
2022-06-04 01:32:48,57362.2,22683.7
2022-06-04 01:32:49,56829.2,23216.7
2022-06-04 01:32:50,55797.1,24248.9
2022-06-04 01:32:51,56181.7,23864.3
2022-06-04 01:32:52,55774.3,24271.6
2022-06-04 01:32:53,55213.9,24832
2022-06-04 01:32:54,56084,23961.9
2022-06-04 01:32:55,54891.8,25154.1
2022-06-04 01:32:56,57332.2,22713.7
2022-06-04 01:32:57,57844.8,22201.1
2022-06-04 01:32:58,58831.3,21214.7
2022-06-04 01:32:59,58949.4,21096.5
2022-06-04 01:33:00,58414.8,21631.1
2022-06-04 01:33:01,57415.8,22630.2
2022-06-04 01:33:02,57061.2,22984.7
2022-06-04 01:33:03,56184.3,23861.6
2022-06-04 01:33:04,55128.6,24917.3
2022-06-04 01:33:05,54867.4,25178.5
2022-06-04 01:33:06,54828.3,25217.6
2022-06-04 01:33:07,56178.9,23867.1
2022-06-04 01:33:08,55896.3,24149.7
2022-06-04 01:33:09,56382.5,23663.4
2022-06-04 01:33:10,57630.6,22415.4
2022-06-04 01:33:11,58589.6,21456.2
2022-06-04 01:33:12,58046.3,21999.7
2022-06-04 01:33:13,57477.5,22568.6
2022-06-04 01:33:14,57402,22644
2022-06-04 01:33:15,57016,23029.9
2022-06-04 01:33:16,56810,23235.9
2022-06-04 01:33:17,56434.2,23611.7
2022-06-04 01:33:18,56043,24003
2022-06-04 01:33:19,56518.7,23527.1
2022-06-04 01:33:20,56017,24028.9
2022-06-04 01:33:21,55690.9,24355.1
2022-06-04 01:33:22,56428.4,23617.5
2022-06-04 01:33:23,56831.6,23214.4
2022-06-04 01:33:24,58002.2,22043.8
2022-06-04 01:33:25,57891.8,22154.1
2022-06-04 01:33:26,57528.7,22517.3
2022-06-04 01:33:27,56721.6,23324.4
2022-06-04 01:33:28,57015.6,23030.3
2022-06-04 01:33:29,57401.7,22644.2
2022-06-04 01:33:30,57624.4,22421.5
2022-06-04 01:33:31,57116,22929.9
2022-06-04 01:33:32,56147.6,23898.3
2022-06-04 01:33:33,56280.4,23765.4
2022-06-04 01:33:34,56284.3,23761.7
2022-06-04 01:33:35,56733.9,23312.1
2022-06-04 01:33:36,56829,23217
2022-06-04 01:33:37,57188.3,22857.7
2022-06-04 01:33:38,57281.3,22764.6
2022-06-04 01:33:39,57305.8,22740.1
2022-06-04 01:33:40,57776.8,22269.1
2022-06-04 01:33:41,58114.9,21931
2022-06-04 01:33:42,57605.4,22440.7
2022-06-04 01:33:43,56703.3,23342.6
2022-06-04 01:33:44,56997.2,23048.7
2022-06-04 01:33:45,56961.3,23084.6
2022-06-04 01:33:46,56399.9,23646.2
2022-06-04 01:33:47,56656.6,23389.4
2022-06-04 01:33:48,56580.8,23465.1
2022-06-04 01:33:49,56550.3,23495.7
2022-06-04 01:33:50,56403.4,23642.5
2022-06-04 01:33:51,56843.1,23202.8
2022-06-04 01:33:52,57411.3,22634.6
2022-06-04 01:33:53,57579.4,22466.5
2022-06-04 01:33:54,57381.6,22664.3
2022-06-04 01:33:55,57381.8,22664.2
2022-06-04 01:33:56,57277.8,22768.1
2022-06-04 01:33:57,56436.5,23609.6
2022-06-04 01:33:58,55886.5,24159.3
2022-06-04 01:33:59,55773.6,24272.3
2022-06-04 01:34:00,56070.5,23975.4
2022-06-04 01:34:01,57011.2,23034.6
2022-06-04 01:34:02,57240,22805.8
2022-06-04 01:34:03,57471.2,22574.7
2022-06-04 01:34:04,57951,22095
2022-06-04 01:34:05,57283.9,22762
2022-06-04 01:34:06,57611.6,22434.2
2022-06-04 01:34:07,57525,22521
2022-06-04 01:34:08,57654.2,22391.8
2022-06-04 01:34:09,56268.3,23777.6
2022-06-04 01:34:10,55764.2,24281.9
2022-06-04 01:34:11,55562.3,24483.6
2022-06-04 01:34:12,55931.1,24114.8
2022-06-04 01:34:13,56473.1,23572.8
2022-06-04 01:34:14,57212.3,22833.6
2022-06-04 01:34:15,57911.3,22134.7
2022-06-04 01:34:16,57584.6,22461.3
2022-06-04 01:34:17,57747,22299
2022-06-04 01:34:18,57677.9,22368.1
2022-06-04 01:34:19,57461.7,22584.2
2022-06-04 01:34:20,56584.8,23461.1
2022-06-04 01:34:21,56395.9,23650
2022-06-04 01:34:22,56479,23566.9
2022-06-04 01:34:23,56454.5,23591.4
2022-06-04 01:34:24,56277.2,23768.7
2022-06-04 01:34:25,56905.4,23140.5
2022-06-04 01:34:26,56281.5,23764.4
2022-06-04 01:34:27,56972.8,23073.2
2022-06-04 01:34:28,57074.8,22971.2
2022-06-04 01:34:29,57221.8,22824.2
2022-06-04 01:34:30,56948.9,23097
2022-06-04 01:34:31,57076.1,22969.7
2022-06-04 01:34:32,56863,23182.8
2022-06-04 01:34:33,56244.2,23801.8
2022-06-04 01:34:34,55969.4,24076.6
2022-06-04 01:34:35,56049.2,23996.7
2022-06-04 01:34:36,56678.8,23367.1
2022-06-04 01:34:37,57115.4,22930.6
2022-06-04 01:34:38,56906,23139.9
2022-06-04 01:34:39,58375.4,21670.5
2022-06-04 01:34:40,57288,22757.8
2022-06-04 01:34:41,56646.8,23399.1
2022-06-04 01:34:42,55969.5,24076.3
2022-06-04 01:34:43,55575.2,24470.7
2022-06-04 01:34:44,56293.9,23752.1
2022-06-04 01:34:45,56714.1,23331.9
2022-06-04 01:34:46,57532.5,22513.4
2022-06-04 01:34:47,56540.5,23505.3
2022-06-04 01:34:48,56374.5,23671.4
2022-06-04 01:34:49,56300.3,23745.7
2022-06-04 01:34:50,56940.4,23105.5
2022-06-04 01:34:51,58200.1,21845.8
2022-06-04 01:34:52,57258.4,22787.6
2022-06-04 01:34:53,56697.9,23347.9
2022-06-04 01:34:54,57361.2,22684.6
2022-06-04 01:34:55,56830.6,23215.3
2022-06-04 01:34:56,56199.8,23846.1
2022-06-04 01:34:57,55985.4,24060.6
2022-06-04 01:34:58,55188.2,24857.7
2022-06-04 01:34:59,55635.5,24410.4
2022-06-04 01:35:00,56096.6,23949.3
2022-06-04 01:35:01,57386.9,22659.1
2022-06-04 01:35:02,56578.1,23467.9
2022-06-04 01:35:03,57882.3,22163.6
2022-06-04 01:35:04,57292.2,22753.6
2022-06-04 01:35:05,57019.7,23026.3
2022-06-04 01:35:06,56967.8,23078.2
2022-06-04 01:35:07,56825.7,23220.3
2022-06-04 01:35:08,58066.1,21979.8
2022-06-04 01:35:09,57609.3,22436.6
2022-06-04 01:35:10,56623.7,23422.2
2022-06-04 01:35:11,56385,23661
2022-06-04 01:35:12,55408.9,24637
2022-06-04 01:35:13,56050.9,23995
2022-06-04 01:35:14,56528.1,23517.9
2022-06-04 01:35:15,57484.8,22561.1
2022-06-04 01:35:16,57510.7,22535.2
2022-06-04 01:35:17,57793.5,22252.4
2022-06-04 01:35:18,57082.6,22963.4
2022-06-04 01:35:19,56633.5,23412.4
2022-06-04 01:35:20,56846.2,23199.8
2022-06-04 01:35:21,57327.8,22718.2
2022-06-04 01:35:22,57773.7,22272.2
2022-06-04 01:35:23,57665.1,22380.9
2022-06-04 01:35:24,57309.4,22736.5
2022-06-04 01:35:25,56164.3,23881.6
2022-06-04 01:35:26,56227.7,23818.3
2022-06-04 01:35:27,56014,24031.9
2022-06-04 01:35:28,55880.5,24165.4
2022-06-04 01:35:29,56106.7,23939.2
2022-06-04 01:35:30,56634.6,23411.2
2022-06-04 01:35:31,57336.3,22709.7
2022-06-04 01:35:32,58111.1,21934.9
2022-06-04 01:35:33,58366.6,21679.4
2022-06-04 01:35:34,57696.8,22349.1
2022-06-04 01:35:35,56953.8,23092.2
2022-06-04 01:35:36,57215.3,22830.6
2022-06-04 01:35:37,56922.9,23123
2022-06-04 01:35:38,56701.4,23344.5
2022-06-04 01:35:39,57146,22899.9
2022-06-04 01:35:40,56191,23854.9
2022-06-04 01:35:41,55774.4,24271.5
2022-06-04 01:35:42,55336.3,24709.7
2022-06-04 01:35:43,55520.7,24525.2
2022-06-04 01:35:44,57904.3,22141.5
2022-06-04 01:35:45,58522.1,21523.8
2022-06-04 01:35:46,58627.8,21418.1
2022-06-04 01:35:47,57912,22133.9
2022-06-04 01:35:48,57016.3,23029.7
2022-06-04 01:35:49,57106.4,22939.5
2022-06-04 01:35:50,56633,23412.9
2022-06-04 01:35:51,56307.4,23738.5
2022-06-04 01:35:52,56368.7,23677.2
2022-06-04 01:35:53,56076.5,23969.4
2022-06-04 01:35:54,56688.2,23357.7
2022-06-04 01:35:55,57516.4,22529.5
2022-06-04 01:35:56,57174.5,22871.4
2022-06-04 01:35:57,56133,23913
2022-06-04 01:35:58,56922.2,23123.8
2022-06-04 01:35:59,56406.7,23639.2
2022-06-04 01:36:00,56764.1,23281.9
2022-06-04 01:36:01,57008.7,23037.2
2022-06-04 01:36:02,56557.5,23488.3
2022-06-04 01:36:03,56751.9,23294.1
2022-06-04 01:36:04,56461.8,23584.2
2022-06-04 01:36:05,56390.9,23654.8
2022-06-04 01:36:06,57467.4,22578.5
2022-06-04 01:36:07,58361.9,21684.1
2022-06-04 01:36:08,57755.1,22290.8
2022-06-04 01:36:09,57273.9,22772
2022-06-04 01:36:10,56704,23342
2022-06-04 01:36:11,55564.7,24481.3
2022-06-04 01:36:12,55784.6,24261.3
2022-06-04 01:36:13,54480.1,25565.9
2022-06-04 01:36:14,54910,25135.8
2022-06-04 01:36:15,56135.7,23910.2
2022-06-04 01:36:16,56478.1,23567.8
2022-06-04 01:36:17,58257.3,21788.6
2022-06-04 01:36:18,58450.9,21595
2022-06-04 01:36:19,58193.3,21852.7
2022-06-04 01:36:20,57450.1,22595.9
2022-06-04 01:36:21,57940,22106
2022-06-04 01:36:22,57741.6,22304.4
2022-06-04 01:36:23,57147.3,22898.6
2022-06-04 01:36:24,56112.7,23933.3
2022-06-04 01:36:25,55890.7,24155.3
2022-06-04 01:36:26,55445.6,24600.3
2022-06-04 01:36:27,55868.5,24177.5
2022-06-04 01:36:28,56125,23921
2022-06-04 01:36:29,57093.7,22952.2
2022-06-04 01:36:30,57544,22501.9
2022-06-04 01:36:31,57360.2,22685.8
2022-06-04 01:36:32,57965.9,22080
2022-06-04 01:36:33,57307,22738.9
2022-06-04 01:36:34,56691.7,23354.2
2022-06-04 01:36:35,57295.1,22750.9
2022-06-04 01:36:36,56383.1,23662.7
2022-06-04 01:36:37,56410.4,23635.5
2022-06-04 01:36:38,56987.2,23058.8
2022-06-04 01:36:39,56490.1,23556
2022-06-04 01:36:40,57362.6,22683.4
2022-06-04 01:36:41,58474.6,21571.3
2022-06-04 01:36:42,57391.2,22654.8
2022-06-04 01:36:43,56689.7,23356.2
2022-06-04 01:36:44,55671.9,24374.1
2022-06-04 01:36:45,56171.2,23874.8
2022-06-04 01:36:46,56480.3,23565.7
2022-06-04 01:36:47,57155.4,22890.5
2022-06-04 01:36:48,57213.5,22832.5
2022-06-04 01:36:49,56247.3,23798.5
2022-06-04 01:36:50,56306.7,23739.3
2022-06-04 01:36:51,56567.6,23478.3
2022-06-04 01:36:52,57718.3,22327.7
2022-06-04 01:36:53,58304.1,21741.8
2022-06-04 01:36:54,58147.9,21898
2022-06-04 01:36:55,57366,22679.9
2022-06-04 01:36:56,56598.5,23447.4
2022-06-04 01:36:57,55589.7,24456.2
2022-06-04 01:36:58,55734.9,24311
2022-06-04 01:36:59,55581.2,24464.7
2022-06-04 01:37:00,55773.5,24272.4
2022-06-04 01:37:01,56227.9,23818.1
2022-06-04 01:37:02,56972.3,23073.6
2022-06-04 01:37:03,57312.1,22733.9
2022-06-04 01:37:04,57436.4,22609.5
2022-06-04 01:37:05,58500.5,21545.4
2022-06-04 01:37:06,58146.9,21898.9
2022-06-04 01:37:07,57914.5,22131.5
2022-06-04 01:37:08,57268.5,22777.4
2022-06-04 01:37:09,57110,22935.9
2022-06-04 01:37:10,56565.8,23480.1
2022-06-04 01:37:11,56483.9,23562.1
2022-06-04 01:37:12,55871.3,24174.6
2022-06-04 01:37:13,55691.3,24354.7
2022-06-04 01:37:14,56005.8,24040.1
2022-06-04 01:37:15,56184.8,23861.1
2022-06-04 01:37:16,56869.7,23176.3
2022-06-04 01:37:17,56875.9,23170
2022-06-04 01:37:18,57429.4,22616.5
2022-06-04 01:37:19,58093,21952.9
2022-06-04 01:37:20,57795.3,22250.7
2022-06-04 01:37:21,57677.9,22368.1
2022-06-04 01:37:22,57678.9,22367.1
2022-06-04 01:37:23,57468.8,22577.1
2022-06-04 01:37:24,56670.2,23375.7
2022-06-04 01:37:25,56581.9,23464
2022-06-04 01:37:26,56244.8,23801.2
2022-06-04 01:37:27,55997.6,24048.3
2022-06-04 01:37:28,55920.5,24125.4
2022-06-04 01:37:29,56240.7,23805.3
2022-06-04 01:37:30,56074.2,23971.6
2022-06-04 01:37:31,56850.4,23195.6
2022-06-04 01:37:32,56966.8,23079.1
2022-06-04 01:37:33,57570.3,22475.7
2022-06-04 01:37:34,57445.5,22600.4
2022-06-04 01:37:35,58151.1,21894.8
2022-06-04 01:37:36,57536.8,22509.1
2022-06-04 01:37:37,58347.5,21698.5
2022-06-04 01:37:38,57770.3,22275.6
2022-06-04 01:37:39,56796.3,23249.6
2022-06-04 01:37:40,56081,23964.9
2022-06-04 01:37:41,55650.6,24395.3
2022-06-04 01:37:42,54926.8,25119.1
2022-06-04 01:37:43,55912.6,24133.3
2022-06-04 01:37:44,56192.2,23853.7
2022-06-04 01:37:45,56853.6,23192.4
2022-06-04 01:37:46,56787.5,23258.4
2022-06-04 01:37:47,57795.7,22250.3
2022-06-04 01:37:48,57515,22530.9
2022-06-04 01:37:49,57850.6,22195.2
2022-06-04 01:37:50,57929.4,22116.5
2022-06-04 01:37:51,58098.1,21947.8
2022-06-04 01:37:52,57534.7,22511.2
2022-06-04 01:37:53,56574,23471.9
2022-06-04 01:37:54,55957.5,24088.4
2022-06-04 01:37:55,55713,24333
2022-06-04 01:37:56,56324.1,23721.9
2022-06-04 01:37:57,56690.1,23355.8
2022-06-04 01:37:58,56164.9,23881
2022-06-04 01:37:59,56692.8,23353.1
2022-06-04 01:38:00,56823,23222.8
2022-06-04 01:38:01,57710.2,22335.8
2022-06-04 01:38:02,57540.1,22505.9
2022-06-04 01:38:03,57096.4,22949.5
2022-06-04 01:38:04,57285,22760.9
2022-06-04 01:38:05,57475.8,22570.1
2022-06-04 01:38:06,57294.5,22751.4
2022-06-04 01:38:07,57666.1,22379.8
2022-06-04 01:38:08,57089.5,22956.4
2022-06-04 01:38:09,57284.3,22761.7
2022-06-04 01:38:10,56929.1,23116.9
2022-06-04 01:38:11,56965.4,23080.4
2022-06-04 01:38:12,55867.4,24178.5
2022-06-04 01:38:13,55447.3,24598.7
2022-06-04 01:38:14,55409.9,24636.1
2022-06-04 01:38:15,56277.1,23768.8
2022-06-04 01:38:16,57547,22499
2022-06-04 01:38:17,57432,22613.8
2022-06-04 01:38:18,56936.3,23109.6
2022-06-04 01:38:19,57369.1,22676.9
2022-06-04 01:38:20,58194.7,21851.3
2022-06-04 01:38:21,58089.2,21956.7
2022-06-04 01:38:22,58971.1,21074.8
2022-06-04 01:38:23,57845.8,22200.2
2022-06-04 01:38:24,57087.9,22958.1
2022-06-04 01:38:25,56472.2,23573.7
2022-06-04 01:38:26,55037.9,25007.9
2022-06-04 01:38:27,54496.5,25549.4
2022-06-04 01:38:28,53903.4,26142.6
2022-06-04 01:38:29,54378.5,25667.5
2022-06-04 01:38:30,56562.8,23483.2
2022-06-04 01:38:31,58381.5,21664.4
2022-06-04 01:38:32,58262.2,21783.7
2022-06-04 01:38:33,58574,21472
2022-06-04 01:38:34,59085,20961
2022-06-04 01:38:35,58741.5,21304.3
2022-06-04 01:38:36,57780.9,22265
2022-06-04 01:38:37,57264.7,22781.1
2022-06-04 01:38:38,56643.6,23402.3
2022-06-04 01:38:39,56010.1,24035.8
2022-06-04 01:38:40,54939.7,25106.2
2022-06-04 01:38:41,54861.6,25184.3
2022-06-04 01:38:42,54504.8,25541.1
2022-06-04 01:38:43,55055.5,24990.5
2022-06-04 01:38:44,56218.2,23827.8
2022-06-04 01:38:45,57784,22262
2022-06-04 01:38:46,58713.5,21332.3
2022-06-04 01:38:47,58864.9,21181
2022-06-04 01:38:48,58440,21605.9
2022-06-04 01:38:49,58413.3,21632.6
2022-06-04 01:38:50,57746,22299.9
2022-06-04 01:38:51,56548.4,23497.6
2022-06-04 01:38:52,56467.3,23578.6
2022-06-04 01:38:53,55639.2,24406.7
2022-06-04 01:38:54,56684,23362
2022-06-04 01:38:55,56261.4,23784.5
2022-06-04 01:38:56,55605.9,24440.1
2022-06-04 01:38:57,55308.3,24737.6
2022-06-04 01:38:58,54584.9,25461
2022-06-04 01:38:59,56081.2,23964.7
2022-06-04 01:39:00,58445.6,21600.3
2022-06-04 01:39:01,58533.7,21512.3
2022-06-04 01:39:02,58379.2,21666.7
2022-06-04 01:39:03,58005.4,22040.5
2022-06-04 01:39:04,57988.1,22057.9
2022-06-04 01:39:05,57739.7,22306.2
2022-06-04 01:39:06,57403.4,22642.6
2022-06-04 01:39:07,57341.1,22704.8
2022-06-04 01:39:08,56968.9,23077
2022-06-04 01:39:09,56034.6,24011.3
2022-06-04 01:39:10,55384.7,24661.2
2022-06-04 01:39:11,55934.8,24111.1
2022-06-04 01:39:12,55482.4,24563.5
2022-06-04 01:39:13,55375.2,24670.7
2022-06-04 01:39:14,56211.2,23834.7
2022-06-04 01:39:15,57603.2,22442.7
2022-06-04 01:39:16,58650.2,21395.8
2022-06-04 01:39:17,58825.8,21220.3
2022-06-04 01:39:18,58865,21180.9
2022-06-04 01:39:19,58229.8,21816.1
2022-06-04 01:39:20,57155.5,22890.5
2022-06-04 01:39:21,57202.7,22843.2
2022-06-04 01:39:22,57110.4,22935.6
2022-06-04 01:39:23,56340.1,23705.7
2022-06-04 01:39:24,56408.7,23637.3
2022-06-04 01:39:25,55386.2,24659.8
2022-06-04 01:39:26,55121.8,24924.1
2022-06-04 01:39:27,54971.7,25074.3
2022-06-04 01:39:28,56361.1,23684.8
2022-06-04 01:39:29,56664.9,23381
2022-06-04 01:39:30,58197.5,21848.4
2022-06-04 01:39:31,58517.9,21528.1
2022-06-04 01:39:32,58505.7,21540.4
2022-06-04 01:39:33,58469.5,21576.4
2022-06-04 01:39:34,57827.2,22218.7
2022-06-04 01:39:35,58000.9,22045
2022-06-04 01:39:36,56768.7,23277.3
2022-06-04 01:39:37,56282.9,23763.1
2022-06-04 01:39:38,55739.5,24306.4
2022-06-04 01:39:39,55981.8,24064.1
2022-06-04 01:39:40,55822.2,24223.8
2022-06-04 01:39:41,55178.9,24867
2022-06-04 01:39:42,55711.6,24334.3
2022-06-04 01:39:43,56182.7,23863.1
2022-06-04 01:39:44,57246.4,22799.4
2022-06-04 01:39:45,58579.6,21466.4
2022-06-04 01:39:46,58581.3,21464.5
2022-06-04 01:39:47,58305,21740.9
2022-06-04 01:39:48,57292.8,22753.1
2022-06-04 01:39:49,57286.4,22759.5
2022-06-04 01:39:50,57999.3,22046.7
2022-06-04 01:39:51,57295.3,22750.6
2022-06-04 01:39:52,56760,23285.9
2022-06-04 01:39:53,56040.7,24005.1
2022-06-04 01:39:54,55594.5,24451.4
2022-06-04 01:39:55,54835.5,25210.5
2022-06-04 01:39:56,55994.1,24051.8
2022-06-04 01:39:57,55961.6,24084.2
2022-06-04 01:39:58,56028.6,24017.3
2022-06-04 01:39:59,56784.3,23261.6
2022-06-04 01:40:00,57800.1,22245.9
2022-06-04 01:40:01,57832.1,22213.8
2022-06-04 01:40:02,58349.4,21696.7
2022-06-04 01:40:03,58206.4,21839.5
2022-06-04 01:40:04,58492.2,21553.8
2022-06-04 01:40:05,57583.2,22462.7
2022-06-04 01:40:06,56894.7,23151.3
2022-06-04 01:40:07,56325,23721
2022-06-04 01:40:08,55339.7,24706.3
2022-06-04 01:40:09,55870.8,24175.2
2022-06-04 01:40:10,55320.1,24725.8
2022-06-04 01:40:11,55454.2,24591.6
2022-06-04 01:40:12,55532.1,24513.9
2022-06-04 01:40:13,56353.1,23692.9
2022-06-04 01:40:14,57952.5,22093.6
2022-06-04 01:40:15,59404.7,20641.3
2022-06-04 01:40:16,59575.4,20470.6
2022-06-04 01:40:17,58599.8,21446
2022-06-04 01:40:18,57709.1,22336.9
2022-06-04 01:40:19,57450.1,22595.9
2022-06-04 01:40:20,56487.1,23558.8
2022-06-04 01:40:21,55836.7,24209.2
2022-06-04 01:40:22,55501,24544.8
2022-06-04 01:40:23,54803.5,25242.4
2022-06-04 01:40:24,55661.2,24384.6
2022-06-04 01:40:25,55809.5,24236.5
2022-06-04 01:40:26,56855,23190.9
2022-06-04 01:40:27,57388.1,22657.9
2022-06-04 01:40:28,58295.5,21750.4
2022-06-04 01:40:29,58063.7,21982.2
2022-06-04 01:40:30,58913.6,21132.4
2022-06-04 01:40:31,57975,22071
2022-06-04 01:40:32,56958.4,23087.7
2022-06-04 01:40:33,56680.1,23365.8
2022-06-04 01:40:34,56056.2,23989.8
2022-06-04 01:40:35,55485.5,24560.5
2022-06-04 01:40:36,55830.2,24215.6
2022-06-04 01:40:37,56301.1,23744.8
2022-06-04 01:40:38,57005.3,23040.6
2022-06-04 01:40:39,57564.6,22481.3
2022-06-04 01:40:40,57063,22983
2022-06-04 01:40:41,56823,23222.8
2022-06-04 01:40:42,56621.2,23424.6
2022-06-04 01:40:43,57035.3,23010.6
2022-06-04 01:40:44,57026.6,23019.3
2022-06-04 01:40:45,57470.7,22575.2
2022-06-04 01:40:46,56939.4,23106.6
2022-06-04 01:40:47,56498.1,23547.8
2022-06-04 01:40:48,56775.9,23270
2022-06-04 01:40:49,57010.2,23035.8
2022-06-04 01:40:50,57241.9,22804
2022-06-04 01:40:51,56732.6,23313.3
2022-06-04 01:40:52,56894.7,23151.3
2022-06-04 01:40:53,55910.1,24135.8
2022-06-04 01:40:54,56904.1,23141.8
2022-06-04 01:40:55,56731.2,23314.6
2022-06-04 01:40:56,55630.5,24415.4
2022-06-04 01:40:57,56096,23949.9
2022-06-04 01:40:58,56424.6,23621.3
2022-06-04 01:40:59,58089.2,21956.7
2022-06-04 01:41:00,58417.9,21627.9
2022-06-04 01:41:01,57594.8,22451.2
2022-06-04 01:41:02,57455.9,22590
2022-06-04 01:41:03,57201.7,22844.2
2022-06-04 01:41:04,57024,23022
2022-06-04 01:41:05,56590.5,23455.5
2022-06-04 01:41:06,55802,24244
2022-06-04 01:41:07,56168.9,23877
2022-06-04 01:41:08,56478,23568
2022-06-04 01:41:09,56529.4,23516.5
2022-06-04 01:41:10,55937.8,24108.2
2022-06-04 01:41:11,56435,23610.9
2022-06-04 01:41:12,56610.8,23435
2022-06-04 01:41:13,57698.6,22347.4
2022-06-04 01:41:14,57442.4,22603.5
2022-06-04 01:41:15,58100.3,21945.6
2022-06-04 01:41:16,57766.3,22279.6
2022-06-04 01:41:17,57592.8,22453.1
2022-06-04 01:41:18,56759.7,23286.1
2022-06-04 01:41:19,56119,23926.9
2022-06-04 01:41:20,56267.2,23778.8
2022-06-04 01:41:21,56257.9,23788.2
2022-06-04 01:41:22,57130.4,22915.6
2022-06-04 01:41:23,57419.5,22626.5
2022-06-04 01:41:24,57812.6,22233.5
2022-06-04 01:41:25,56575.1,23470.8
2022-06-04 01:41:26,56078.8,23967.1
2022-06-04 01:41:27,56635.1,23410.9
2022-06-04 01:41:28,57090.1,22955.8
2022-06-04 01:41:29,56724.6,23321.4
2022-06-04 01:41:30,57684,22362
2022-06-04 01:41:31,56908.7,23137.3
2022-06-04 01:41:32,56102.2,23943.7
2022-06-04 01:41:33,55960.2,24085.7
2022-06-04 01:41:34,56548,23498
2022-06-04 01:41:35,57576.7,22469.3
2022-06-04 01:41:36,58270.9,21775.1
2022-06-04 01:41:37,58082.5,21963.5
2022-06-04 01:41:38,57260.7,22785.1
2022-06-04 01:41:39,56942.2,23103.7
2022-06-04 01:41:40,56247.3,23798.6
2022-06-04 01:41:41,56218.5,23827.5
2022-06-04 01:41:42,56080.6,23965.3
2022-06-04 01:41:43,55937.8,24108.2
2022-06-04 01:41:44,56298.1,23747.7
2022-06-04 01:41:45,57116.4,22929.6
2022-06-04 01:41:46,57549.5,22496.3
2022-06-04 01:41:47,57100.4,22945.6
2022-06-04 01:41:48,57213.3,22832.7
2022-06-04 01:41:49,57562.3,22483.6
2022-06-04 01:41:50,58520.6,21525.4
2022-06-04 01:41:51,58012.2,22033.6
2022-06-04 01:41:52,57245.1,22800.8
2022-06-04 01:41:53,56180.5,23865.4
2022-06-04 01:41:54,55390.8,24655
2022-06-04 01:41:55,55263.3,24782.6
2022-06-04 01:41:56,55317.6,24728.3
2022-06-04 01:41:57,56176.6,23869.4
2022-06-04 01:41:58,56799,23246.9
2022-06-04 01:41:59,57706.2,22339.8
2022-06-04 01:42:00,56949.3,23096.7
2022-06-04 01:42:01,57064,22982
2022-06-04 01:42:02,57603,22442.9
2022-06-04 01:42:03,57810.3,22235.6
2022-06-04 01:42:04,57551.3,22494.6
2022-06-04 01:42:05,57743.3,22302.7
2022-06-04 01:42:06,57126.8,22919.1
2022-06-04 01:42:07,56229.8,23816.1
2022-06-04 01:42:08,56910.9,23135
2022-06-04 01:42:09,56558,23487.8
2022-06-04 01:42:10,55542.7,24503.2
2022-06-04 01:42:11,55844,24201.9
2022-06-04 01:42:12,55562.2,24483.8
2022-06-04 01:42:13,57249.3,22796.6
2022-06-04 01:42:14,56873.2,23172.8
2022-06-04 01:42:15,57233,22813
2022-06-04 01:42:16,57343.4,22702.5
2022-06-04 01:42:17,57107.6,22938.4
2022-06-04 01:42:18,57273.3,22772.6
2022-06-04 01:42:19,58341.6,21704.4
2022-06-04 01:42:20,58321.8,21724.2
2022-06-04 01:42:21,57491.1,22554.8
2022-06-04 01:42:22,56685.2,23360.8
2022-06-04 01:42:23,56838.4,23207.6
2022-06-04 01:42:24,56109.9,23936
2022-06-04 01:42:25,55583.4,24462.5
2022-06-04 01:42:26,55351.5,24694.3
2022-06-04 01:42:27,55482,24563.8
2022-06-04 01:42:28,56477.8,23568.1
2022-06-04 01:42:29,57320.5,22725.5
2022-06-04 01:42:30,58130.9,21915
2022-06-04 01:42:31,57987.4,22058.6
2022-06-04 01:42:32,57590.2,22455.7
2022-06-04 01:42:33,57481.5,22564.5
2022-06-04 01:42:34,57672.5,22373.4
2022-06-04 01:42:35,57571.6,22474.3
2022-06-04 01:42:36,57000.7,23045.2
2022-06-04 01:42:37,56213.5,23832.4
2022-06-04 01:42:38,55939.4,24106.6
2022-06-04 01:42:39,55777.1,24268.9
2022-06-04 01:42:40,55899.2,24146.6
2022-06-04 01:42:41,56077,23969
2022-06-04 01:42:42,56876.3,23169.7
2022-06-04 01:42:43,57561.6,22484.4
2022-06-04 01:42:44,58155.5,21890.5
2022-06-04 01:42:45,57722.2,22323.7
2022-06-04 01:42:46,57550.2,22495.7
2022-06-04 01:42:47,57433.9,22612
2022-06-04 01:42:48,57133.8,22912.1
2022-06-04 01:42:49,56458.1,23587.7
2022-06-04 01:42:50,56657.6,23388.3
2022-06-04 01:42:51,56892.6,23153.5
2022-06-04 01:42:52,56990.8,23055.2
2022-06-04 01:42:53,56741.9,23304
2022-06-04 01:42:54,56890.6,23155.3
2022-06-04 01:42:55,55865.2,24180.7
2022-06-04 01:42:56,55903,24142.9
2022-06-04 01:42:57,55930.8,24115.1
2022-06-04 01:42:58,56546.8,23499.1
2022-06-04 01:42:59,56941.4,23104.5
2022-06-04 01:43:00,57653.7,22392.3
2022-06-04 01:43:01,57092.5,22953.4
2022-06-04 01:43:02,57116.7,22929.4
2022-06-04 01:43:03,57185.1,22860.9
2022-06-04 01:43:04,57662,22383.9
2022-06-04 01:43:05,58008.9,22037.1
2022-06-04 01:43:06,57533.4,22512.5
2022-06-04 01:43:07,57551.9,22494
2022-06-04 01:43:08,56609.1,23436.8
2022-06-04 01:43:09,55618.3,24427.6
2022-06-04 01:43:10,54963.7,25082.2
2022-06-04 01:43:11,55093.9,24952
2022-06-04 01:43:12,56043,24002.9
2022-06-04 01:43:13,56321.5,23724.4
2022-06-04 01:43:14,56773.8,23272.1
2022-06-04 01:43:15,57075.4,22970.6
2022-06-04 01:43:16,58612.8,21433.1
2022-06-04 01:43:17,59246,20799.9
2022-06-04 01:43:18,58803.3,21242.6
2022-06-04 01:43:19,57875.5,22170.4
2022-06-04 01:43:20,57218.4,22827.6
2022-06-04 01:43:21,56597.8,23448.1
2022-06-04 01:43:22,56111.6,23934.3
2022-06-04 01:43:23,56200.4,23845.6
2022-06-04 01:43:24,55191.6,24854.3
2022-06-04 01:43:25,54385,25661
2022-06-04 01:43:26,54676.7,25369.1
2022-06-04 01:43:27,55973.4,24072.5
2022-06-04 01:43:28,56586.9,23459
2022-06-04 01:43:29,59368,20677.9
2022-06-04 01:43:30,59298.7,20747.2
2022-06-04 01:43:31,58633.8,21412
2022-06-04 01:43:32,57961.7,22084.3
2022-06-04 01:43:33,57438.7,22607.2
2022-06-04 01:43:34,57810.5,22235.4
2022-06-04 01:43:35,56781,23265
2022-06-04 01:43:36,56130.8,23915.1
2022-06-04 01:43:37,56642.5,23403.3
2022-06-04 01:43:38,55838.9,24207.1
2022-06-04 01:43:39,55357.7,24688.3
2022-06-04 01:43:40,55309.4,24736.4
2022-06-04 01:43:41,55685.5,24360.4
2022-06-04 01:43:42,57075.4,22970.5
2022-06-04 01:43:43,57075.3,22970.7
2022-06-04 01:43:44,57865.6,22180.2
2022-06-04 01:43:45,58152.9,21893
2022-06-04 01:43:46,58064.9,21981
2022-06-04 01:43:47,58193,21853.1
2022-06-04 01:43:48,57680.5,22365.3
2022-06-04 01:43:49,57399.5,22646.5
2022-06-04 01:43:50,56623,23422.9
2022-06-04 01:43:51,56745.1,23300.9
2022-06-04 01:43:52,56283.8,23762.2
2022-06-04 01:43:53,55280.4,24765.4
2022-06-04 01:43:54,54970.2,25075.7
2022-06-04 01:43:55,56196.8,23849.1
2022-06-04 01:43:56,56306.5,23739.5
2022-06-04 01:43:57,57069.5,22976.5
2022-06-04 01:43:58,57472.7,22573.2
2022-06-04 01:43:59,57688.1,22357.8
2022-06-04 01:44:00,58079.9,21966
2022-06-04 01:44:01,58472.1,21573.8
2022-06-04 01:44:02,57892.4,22153.5
2022-06-04 01:44:03,57631.7,22414.2
2022-06-04 01:44:04,56876.6,23169.4
2022-06-04 01:44:05,56192.5,23853.5
2022-06-04 01:44:06,55432.3,24613.6
2022-06-04 01:44:07,55600.8,24445
2022-06-04 01:44:08,56424.1,23621.8
2022-06-04 01:44:09,56677.8,23368.2
2022-06-04 01:44:10,56189,23856.9
2022-06-04 01:44:11,56865.1,23180.7
2022-06-04 01:44:12,57553,22492.9
2022-06-04 01:44:13,58137.7,21908.3
2022-06-04 01:44:14,57605.4,22440.6
2022-06-04 01:44:15,58034.9,22011
2022-06-04 01:44:16,57762.6,22283.3
2022-06-04 01:44:17,56880.7,23165.3
2022-06-04 01:44:18,56735.3,23310.6
2022-06-04 01:44:19,56495.4,23550.4
2022-06-04 01:44:20,56279.2,23766.8
2022-06-04 01:44:21,56521.3,23524.6
2022-06-04 01:44:22,56059.4,23986.5
2022-06-04 01:44:23,55897.8,24148.1
2022-06-04 01:44:24,56154.4,23891.6
2022-06-04 01:44:25,56915.2,23130.7
2022-06-04 01:44:26,57258,22787.9
2022-06-04 01:44:27,57464.4,22581.6
2022-06-04 01:44:28,57131.1,22914.8
2022-06-04 01:44:29,57445.9,22600.1
2022-06-04 01:44:30,57037.2,23008.7
2022-06-04 01:44:31,57331.3,22714.7
2022-06-04 01:44:32,56937.8,23108.1
2022-06-04 01:44:33,56698.5,23347.4
2022-06-04 01:44:34,57281.5,22764.4
2022-06-04 01:44:35,57241.4,22804.5
2022-06-04 01:44:36,56548,23497.9
2022-06-04 01:44:37,56324.4,23721.6
2022-06-04 01:44:38,55574.8,24471.1
2022-06-04 01:44:39,55804.5,24241.3
2022-06-04 01:44:40,55709,24336.9
2022-06-04 01:44:41,56815.2,23230.8
2022-06-04 01:44:42,57664.5,22381.4
2022-06-04 01:44:43,57258.6,22787.3
2022-06-04 01:44:44,56720.9,23325.1
2022-06-04 01:44:45,58059.9,21986
2022-06-04 01:44:46,58169.2,21876.8
2022-06-04 01:44:47,58749.3,21296.7
2022-06-04 01:44:48,57968.3,22077.7
2022-06-04 01:44:49,57322.4,22723.6
2022-06-04 01:44:50,56841.5,23204.4
2022-06-04 01:44:51,56543.7,23502.3
2022-06-04 01:44:52,56001.6,24044.4
2022-06-04 01:44:53,55973.6,24072.4
2022-06-04 01:44:54,55294.7,24751.2
2022-06-04 01:44:55,55812.5,24233.4
2022-06-04 01:44:56,56163.5,23882.4
2022-06-04 01:44:57,57345,22701
2022-06-04 01:44:58,57697.4,22348.5
2022-06-04 01:44:59,58445.8,21600.1
2022-06-04 01:45:00,57488.7,22557.2
2022-06-04 01:45:01,57811.7,22234.3
2022-06-04 01:45:02,57741.7,22304.4
2022-06-04 01:45:03,56856.1,23189.8
2022-06-04 01:45:04,56329.7,23716.3
2022-06-04 01:45:05,56301.4,23744.5
2022-06-04 01:45:06,55898.7,24147.3
2022-06-04 01:45:07,54699.9,25346.1
2022-06-04 01:45:08,54479.5,25566.5
2022-06-04 01:45:09,55414.7,24631.1
2022-06-04 01:45:10,56288.4,23757.4
2022-06-04 01:45:11,57551.1,22494.9
2022-06-04 01:45:12,58419.3,21626.8
2022-06-04 01:45:13,57352.7,22693.2
2022-06-04 01:45:14,57449.9,22596.1
2022-06-04 01:45:15,57253.9,22792
2022-06-04 01:45:16,57710.5,22335.4
2022-06-04 01:45:17,57912.6,22133.5
2022-06-04 01:45:18,57158.5,22887.4
2022-06-04 01:45:19,56390.7,23655.2
2022-06-04 01:45:20,55615.3,24430.7
2022-06-04 01:45:21,55704.1,24341.8
2022-06-04 01:45:22,55308,24738.1
2022-06-04 01:45:23,55651.7,24394.2
2022-06-04 01:45:24,58186.5,21859.4
2022-06-04 01:45:25,57950.3,22095.6
2022-06-04 01:45:26,58908.7,21137.3
2022-06-04 01:45:27,57999.2,22046.7
2022-06-04 01:45:28,58006.3,22039.7
2022-06-04 01:45:29,57888.1,22157.8
2022-06-04 01:45:30,57666.7,22379.3
2022-06-04 01:45:31,57416.5,22629.5
2022-06-04 01:45:32,56971.5,23074.4
2022-06-04 01:45:33,56372.3,23673.6
2022-06-04 01:45:34,55580.9,24465.2
2022-06-04 01:45:35,55397.7,24648.3
2022-06-04 01:45:36,54702.8,25343.2
2022-06-04 01:45:37,55023.8,25022.1
2022-06-04 01:45:38,57506.6,22539.3
2022-06-04 01:45:39,58013.9,22032.1
2022-06-04 01:45:40,58586.9,21458.9
2022-06-04 01:45:41,58903,21142.9
2022-06-04 01:45:42,57934.8,22111.1
2022-06-04 01:45:43,57267.8,22778.2
2022-06-04 01:45:44,56655.3,23390.6
2022-06-04 01:45:45,56202.6,23843.4
2022-06-04 01:45:46,56404.2,23641.7
2022-06-04 01:45:47,56043.1,24002.9
2022-06-04 01:45:48,56459,23586.9
2022-06-04 01:45:49,56095.4,23950.6
2022-06-04 01:45:50,56445.1,23600.7
2022-06-04 01:45:51,56415,23631
2022-06-04 01:45:52,56574.5,23471.3
2022-06-04 01:45:53,56507.5,23538.4
2022-06-04 01:45:54,57564.5,22481.3
2022-06-04 01:45:55,58161.6,21884.3
2022-06-04 01:45:56,57703.2,22342.7
2022-06-04 01:45:57,56971.8,23074.2
2022-06-04 01:45:58,56706,23339.9
2022-06-04 01:45:59,56701.6,23344.3
2022-06-04 01:46:00,55727,24319
2022-06-04 01:46:01,56272.6,23773.2
2022-06-04 01:46:02,58289.3,21756.6
2022-06-04 01:46:03,57809.6,22236.4
2022-06-04 01:46:04,57413.8,22632.2
2022-06-04 01:46:05,56370.9,23675
2022-06-04 01:46:06,55416.9,24629
2022-06-04 01:46:07,56096.6,23949.2
2022-06-04 01:46:08,56295.4,23750.5
2022-06-04 01:46:09,57058,22987.9
2022-06-04 01:46:10,57277.6,22768.2
2022-06-04 01:46:11,57692,22353.9
2022-06-04 01:46:12,56909.7,23136.3
2022-06-04 01:46:13,57015.9,23029.9
2022-06-04 01:46:14,56299.9,23746
2022-06-04 01:46:15,56876.9,23169
2022-06-04 01:46:16,57535,22510.9
2022-06-04 01:46:17,57183.1,22862.9
2022-06-04 01:46:18,56626.3,23419.6
2022-06-04 01:46:19,56060.2,23985.8
2022-06-04 01:46:20,56126.7,23919.2
2022-06-04 01:46:21,56165,23880.9
2022-06-04 01:46:22,56845.1,23200.9
2022-06-04 01:46:23,56760.4,23285.5
2022-06-04 01:46:24,57315.7,22730.2
2022-06-04 01:46:25,57041.9,23004
2022-06-04 01:46:26,57669.3,22376.6
2022-06-04 01:46:27,57148.1,22897.8
2022-06-04 01:46:28,56854.3,23191.5
2022-06-04 01:46:29,56696.4,23349.6
2022-06-04 01:46:30,55903.6,24142.4
2022-06-04 01:46:31,56874,23171.9
2022-06-04 01:46:32,56753.7,23292.3
2022-06-04 01:46:33,55986.5,24059.4
2022-06-04 01:46:34,56935.3,23110.7
2022-06-04 01:46:35,56762.8,23283.2
2022-06-04 01:46:36,56339.2,23706.8
2022-06-04 01:46:37,56829.6,23216.3
2022-06-04 01:46:38,56944,23101.9
2022-06-04 01:46:39,57359.3,22686.6
2022-06-04 01:46:40,57257,22788.9
2022-06-04 01:46:41,57652.7,22393.2
2022-06-04 01:46:42,57423.4,22622.5
2022-06-04 01:46:43,56464.8,23581.1
2022-06-04 01:46:44,55664.2,24381.7
2022-06-04 01:46:45,56459.2,23586.7
2022-06-04 01:46:46,56578.4,23467.5
2022-06-04 01:46:47,57296.6,22749.3
2022-06-04 01:46:48,56672.6,23373.3
2022-06-04 01:46:49,56809.1,23236.9
2022-06-04 01:46:50,56171.1,23874.9
2022-06-04 01:46:51,55579.9,24466
2022-06-04 01:46:52,55927.8,24118.1
2022-06-04 01:46:53,58017.1,22028.9
2022-06-04 01:46:54,57974.8,22071.1
2022-06-04 01:46:55,56973.1,23072.8
2022-06-04 01:46:56,56047.3,23998.7
2022-06-04 01:46:57,57219.3,22826.6
2022-06-04 01:46:58,57324.6,22721.3
2022-06-04 01:46:59,56950.6,23095.2
2022-06-04 01:47:00,56094.9,23951.1
2022-06-04 01:47:01,56455.1,23590.8
2022-06-04 01:47:02,56726.7,23319.1
2022-06-04 01:47:03,56712,23333.9
2022-06-04 01:47:04,56451.6,23594.3
2022-06-04 01:47:05,56531.5,23514.5
2022-06-04 01:47:06,56791.7,23254.4
2022-06-04 01:47:07,56562.3,23483.5
2022-06-04 01:47:08,57702.3,22343.7
2022-06-04 01:47:09,57820.5,22225.4
2022-06-04 01:47:10,57074.4,22971.5
2022-06-04 01:47:11,56703,23342.9
2022-06-04 01:47:12,56592.3,23453.7
2022-06-04 01:47:13,56222.1,23823.8
2022-06-04 01:47:14,56871.8,23174.2
2022-06-04 01:47:15,56595.1,23450.8
2022-06-04 01:47:16,57288.1,22757.9
2022-06-04 01:47:17,57764,22282
2022-06-04 01:47:18,56816.2,23229.7
2022-06-04 01:47:19,57476.2,22569.6
2022-06-04 01:47:20,56889.2,23156.8
2022-06-04 01:47:21,57028.3,23017.6
2022-06-04 01:47:22,56840.3,23205.7
2022-06-04 01:47:23,57604.7,22441.3
2022-06-04 01:47:24,57384.6,22661.4
2022-06-04 01:47:25,56496.7,23549.3
2022-06-04 01:47:26,55870.6,24175.4
2022-06-04 01:47:27,56205.5,23840.4
2022-06-04 01:47:28,55967.1,24078.8
2022-06-04 01:47:29,56262.6,23783.3
2022-06-04 01:47:30,58326.1,21720
2022-06-04 01:47:31,59091.9,20954
2022-06-04 01:47:32,58256.9,21789
2022-06-04 01:47:33,57802.4,22243.5
2022-06-04 01:47:34,57068.6,22977.2
2022-06-04 01:47:35,56418.4,23627.6
2022-06-04 01:47:36,56895.5,23150.4
2022-06-04 01:47:37,57116.6,22929.3
2022-06-04 01:47:38,56302.8,23743.1
2022-06-04 01:47:39,55935.6,24110.3
2022-06-04 01:47:40,55603.9,24442.1
2022-06-04 01:47:41,55785.7,24260.2
2022-06-04 01:47:42,56162.9,23882.9
2022-06-04 01:47:43,57777.4,22268.6
2022-06-04 01:47:44,57805,22241
2022-06-04 01:47:45,59020.6,21025.3
2022-06-04 01:47:46,58052.3,21993.7
2022-06-04 01:47:47,57704.7,22341.2
2022-06-04 01:47:48,57061.6,22984.4
2022-06-04 01:47:49,56629,23417
2022-06-04 01:47:50,56052.1,23993.8
2022-06-04 01:47:51,56249.5,23796.4
2022-06-04 01:47:52,55793.1,24252.9
2022-06-04 01:47:53,56582.3,23463.6
2022-06-04 01:47:54,56651.1,23394.8
2022-06-04 01:47:55,56867.9,23178.1
2022-06-04 01:47:56,56690.9,23355.2
2022-06-04 01:47:57,56808.9,23237
2022-06-04 01:47:58,57133.3,22912.6
2022-06-04 01:47:59,58478.8,21567.1
2022-06-04 01:48:00,58379.1,21666.8
2022-06-04 01:48:01,57275.7,22770.4
2022-06-04 01:48:02,56305.4,23740.6
2022-06-04 01:48:03,56017.6,24028.2
2022-06-04 01:48:04,56795.6,23250.3
2022-06-04 01:48:05,56554,23491.8
2022-06-04 01:48:06,56264.1,23781.8
2022-06-04 01:48:07,56418.8,23627.2
2022-06-04 01:48:08,56572.5,23473.4
2022-06-04 01:48:09,56872.8,23173.2
2022-06-04 01:48:10,57393.1,22652.8
2022-06-04 01:48:11,57475.3,22570.8
2022-06-04 01:48:12,56885.6,23160.2
2022-06-04 01:48:13,57447.4,22598.5
2022-06-04 01:48:14,57611.9,22434.2
2022-06-04 01:48:15,57308.5,22737.4
2022-06-04 01:48:16,57248.8,22797.2
2022-06-04 01:48:17,56567.1,23478.9
2022-06-04 01:48:18,56120.3,23925.6
2022-06-04 01:48:19,56136.1,23909.8
2022-06-04 01:48:20,56219.2,23826.8
2022-06-04 01:48:21,57138.6,22907.4
2022-06-04 01:48:22,56587,23458.9
2022-06-04 01:48:23,57263.1,22782.9
2022-06-04 01:48:24,56952.2,23093.8
2022-06-04 01:48:25,56415.6,23630.4
2022-06-04 01:48:26,56993.9,23052.1
2022-06-04 01:48:27,56344.9,23701
2022-06-04 01:48:28,57780.4,22265.5
2022-06-04 01:48:29,57367.2,22678.8
2022-06-04 01:48:30,56568.1,23477.8
2022-06-04 01:48:31,56708,23337.8
2022-06-04 01:48:32,56558.3,23487.7
2022-06-04 01:48:33,56309.6,23736.3
2022-06-04 01:48:34,56143.2,23902.7
2022-06-04 01:48:35,56679.1,23366.8
2022-06-04 01:48:36,57065.8,22980.1
2022-06-04 01:48:37,57504.6,22541.3
2022-06-04 01:48:38,57540.4,22505.5
2022-06-04 01:48:39,56692.9,23353
2022-06-04 01:48:40,56244.5,23801.4
2022-06-04 01:48:41,56132.7,23913.2
2022-06-04 01:48:42,56974.6,23071.5
2022-06-04 01:48:43,57512.2,22533.7
2022-06-04 01:48:44,57267.4,22778.5
2022-06-04 01:48:45,56957.2,23088.7
2022-06-04 01:48:46,56289.2,23756.7
2022-06-04 01:48:47,56614.2,23431.6
2022-06-04 01:48:48,56974.3,23071.7
2022-06-04 01:48:49,58083.9,21962.1
2022-06-04 01:48:50,57023.4,23022.5
2022-06-04 01:48:51,56187.6,23858.4
2022-06-04 01:48:52,57078.8,22967.2
2022-06-04 01:48:53,56450.9,23595
2022-06-04 01:48:54,56796.2,23249.8
2022-06-04 01:48:55,57067.2,22978.8
2022-06-04 01:48:56,55980.4,24065.5
2022-06-04 01:48:57,56055.5,23990.5
2022-06-04 01:48:58,57454.6,22591.1
2022-06-04 01:48:59,57871.3,22174.7
2022-06-04 01:49:00,58027.3,22018.6
2022-06-04 01:49:01,57145.7,22900.3
2022-06-04 01:49:02,56412.9,23633
2022-06-04 01:49:03,56571.6,23474.3
2022-06-04 01:49:04,56648.1,23397.9
2022-06-04 01:49:05,56616,23429.9
2022-06-04 01:49:06,56249.4,23796.6
2022-06-04 01:49:07,56403.2,23642.7
2022-06-04 01:49:08,56445.5,23600.4
2022-06-04 01:49:09,56269.8,23776.1
2022-06-04 01:49:10,58414.2,21631.8
2022-06-04 01:49:11,58228.7,21817.2
2022-06-04 01:49:12,58099,21947
2022-06-04 01:49:13,57669.9,22375.9
2022-06-04 01:49:14,56940.6,23105.4
2022-06-04 01:49:15,56379.5,23666.5
2022-06-04 01:49:16,55677.5,24368.5
2022-06-04 01:49:17,55359,24687.1
2022-06-04 01:49:18,55429.3,24616.8
2022-06-04 01:49:19,56370.7,23675.2
2022-06-04 01:49:20,56527.5,23518.4
2022-06-04 01:49:21,56239.4,23806.5
2022-06-04 01:49:22,57278.5,22767.3
2022-06-04 01:49:23,58012.8,22033.1
2022-06-04 01:49:24,58330.1,21715.9
2022-06-04 01:49:25,57870,22175.9
2022-06-04 01:49:26,57371.1,22674.8
2022-06-04 01:49:27,57063.5,22982.4
2022-06-04 01:49:28,57377.1,22668.8
2022-06-04 01:49:29,56788,23258
2022-06-04 01:49:30,56205.2,23840.7
2022-06-04 01:49:31,55747.2,24298.8
2022-06-04 01:49:32,55872.7,24173.2
2022-06-04 01:49:33,55889.7,24156.3
2022-06-04 01:49:34,56746.3,23299.6
2022-06-04 01:49:35,56973.9,23072.1
2022-06-04 01:49:36,58199.5,21846.4
2022-06-04 01:49:37,57923.6,22122.3
2022-06-04 01:49:38,57233.7,22812.2
2022-06-04 01:49:39,58267.3,21778.7
2022-06-04 01:49:40,57695.5,22350.5
2022-06-04 01:49:41,56916.5,23129.4
2022-06-04 01:49:42,56766.6,23279.3
2022-06-04 01:49:43,55905,24141
2022-06-04 01:49:44,55867.1,24178.9
2022-06-04 01:49:45,55722.5,24323.4
2022-06-04 01:49:46,55699.5,24346.3
2022-06-04 01:49:47,56810.7,23235.1
2022-06-04 01:49:48,57744.6,22301.2
2022-06-04 01:49:49,58285.2,21760.6
2022-06-04 01:49:50,58132.5,21913.3
2022-06-04 01:49:51,57337.1,22708.8
2022-06-04 01:49:52,57573.8,22472
2022-06-04 01:49:53,57501.8,22544.1
2022-06-04 01:49:54,58021.9,22024
2022-06-04 01:49:55,56879.5,23166.5
2022-06-04 01:49:56,56208.3,23837.6
2022-06-04 01:49:57,55679,24366.8
2022-06-04 01:49:58,55367.1,24678.7
2022-06-04 01:49:59,55204.8,24841.1
2022-06-04 01:50:00,55870.1,24175.9
2022-06-04 01:50:01,56903.1,23142.8
2022-06-04 01:50:02,58184.9,21860.9
2022-06-04 01:50:03,58538.9,21506.9
2022-06-04 01:50:04,58141,21905
2022-06-04 01:50:05,57619,22427
2022-06-04 01:50:06,57533.8,22512
2022-06-04 01:50:07,57328.2,22717.8
2022-06-04 01:50:08,57653.2,22392.6
2022-06-04 01:50:09,56749.2,23296.7
2022-06-04 01:50:10,56261.7,23784.2
2022-06-04 01:50:11,55286.9,24759.1
2022-06-04 01:50:12,55079.4,24966.6
2022-06-04 01:50:13,55622.1,24423.9
2022-06-04 01:50:14,56473.6,23572.3
2022-06-04 01:50:15,56877.2,23168.7
2022-06-04 01:50:16,56828.6,23217.3
2022-06-04 01:50:17,57609.3,22436.7
2022-06-04 01:50:18,58207.4,21838.4
2022-06-04 01:50:19,58099.1,21946.9
2022-06-04 01:50:20,57580.1,22465.9
2022-06-04 01:50:21,57107.9,22937.9
2022-06-04 01:50:22,56928.4,23117.5
2022-06-04 01:50:23,56781.4,23264.6
2022-06-04 01:50:24,57252.3,22793.7
2022-06-04 01:50:25,57012.7,23033.3
2022-06-04 01:50:26,56580.3,23465.6
2022-06-04 01:50:27,56236.7,23809.1
2022-06-04 01:50:28,56417.2,23628.8
2022-06-04 01:50:29,56331.8,23714.1
2022-06-04 01:50:30,57118.9,22927
2022-06-04 01:50:31,57401.1,22644.8
2022-06-04 01:50:32,57319.6,22726.3
2022-06-04 01:50:33,57522.1,22523.8
2022-06-04 01:50:34,57273.7,22772.2
2022-06-04 01:50:35,57387.1,22658.8
2022-06-04 01:50:36,57612.9,22433.2
2022-06-04 01:50:37,57231.6,22814.4
2022-06-04 01:50:38,57263.1,22782.9
2022-06-04 01:50:39,57187.9,22858
2022-06-04 01:50:40,56879.7,23166.2
2022-06-04 01:50:41,56860,23185.9
2022-06-04 01:50:42,56144.7,23901.3
2022-06-04 01:50:43,55254,24791.8
2022-06-04 01:50:44,56046.5,23999.3
2022-06-04 01:50:45,56656,23389.8
2022-06-04 01:50:46,57455.2,22590.9
2022-06-04 01:50:47,57980.4,22065.5
2022-06-04 01:50:48,57439.9,22606
2022-06-04 01:50:49,57231.1,22814.8
2022-06-04 01:50:50,57313.6,22732.1
2022-06-04 01:50:51,56890.7,23155.3
2022-06-04 01:50:52,57100.4,22945.4
2022-06-04 01:50:53,57317.2,22728.8
2022-06-04 01:50:54,57612,22433.9
2022-06-04 01:50:55,56591.1,23454.9
2022-06-04 01:50:56,55642.8,24403.1
2022-06-04 01:50:57,54976.1,25069.9
2022-06-04 01:50:58,55514.3,24531.6
2022-06-04 01:50:59,56318.3,23727.7
2022-06-04 01:51:00,56671.9,23374.2
2022-06-04 01:51:01,57406.6,22639.4
2022-06-04 01:51:02,58321,21725
2022-06-04 01:51:03,57668.5,22377.4
2022-06-04 01:51:04,57795.7,22250.3
2022-06-04 01:51:05,57807.3,22238.6
2022-06-04 01:51:06,57627.9,22418.1
2022-06-04 01:51:07,57451.1,22594.8
2022-06-04 01:51:08,57637.7,22408.1
2022-06-04 01:51:09,56452.8,23593.1
2022-06-04 01:51:10,55913,24132.9
2022-06-04 01:51:11,55170.2,24875.6
2022-06-04 01:51:12,54440.8,25605.2
2022-06-04 01:51:13,55066.4,24979.6
2022-06-04 01:51:14,56073.6,23972.3
2022-06-04 01:51:15,58212.1,21833.9
2022-06-04 01:51:16,59325.5,20720.5
2022-06-04 01:51:17,58454.2,21591.7
2022-06-04 01:51:18,58146.1,21899.7
2022-06-04 01:51:19,57668.2,22377.8
2022-06-04 01:51:20,57288,22757.8
2022-06-04 01:51:21,57006.6,23039.4
2022-06-04 01:51:22,56774.5,23271.4
2022-06-04 01:51:23,56821,23225
2022-06-04 01:51:24,55688.7,24357.2
2022-06-04 01:51:25,55415.1,24630.9
2022-06-04 01:51:26,54984.4,25061.6
2022-06-04 01:51:27,56524.8,23521.3
2022-06-04 01:51:28,56612,23433.9
2022-06-04 01:51:29,56441.3,23604.7
2022-06-04 01:51:30,58968.4,21077.6
2022-06-04 01:51:31,59416.7,20629.1
2022-06-04 01:51:32,58392.4,21653.5
2022-06-04 01:51:33,58347.2,21698.8
2022-06-04 01:51:34,58000.6,22045.4
2022-06-04 01:51:35,56980.4,23065.5
2022-06-04 01:51:36,56643.5,23402.5
2022-06-04 01:51:37,55993.1,24052.8
2022-06-04 01:51:38,57028.4,23017.5
2022-06-04 01:51:39,56692.5,23353.4
2022-06-04 01:51:40,55647.9,24398
2022-06-04 01:51:41,54774.2,25271.7
2022-06-04 01:51:42,55103.3,24942.7
2022-06-04 01:51:43,55260.5,24785.4
2022-06-04 01:51:44,57264,22781.8
2022-06-04 01:51:45,58910.8,21135.1
2022-06-04 01:51:46,58793.2,21252.8
2022-06-04 01:51:47,58468.2,21577.6
2022-06-04 01:51:48,58032.3,22013.7
2022-06-04 01:51:49,57472.1,22573.8
2022-06-04 01:51:50,57148.1,22897.8
2022-06-04 01:51:51,57250.9,22794.9
2022-06-04 01:51:52,56119.3,23926.6
2022-06-04 01:51:53,56315.4,23730.5
2022-06-04 01:51:54,55542.5,24503.4
2022-06-04 01:51:55,54739,25306.8
2022-06-04 01:51:56,54953.2,25092.6
2022-06-04 01:51:57,55071.8,24974.2
2022-06-04 01:51:58,56531.1,23514.7
2022-06-04 01:51:59,58450.1,21595.9
2022-06-04 01:52:00,59124.4,20921.6
2022-06-04 01:52:01,58803.6,21242.3
2022-06-04 01:52:02,57762.6,22283.3
2022-06-04 01:52:03,56940.4,23105.5
2022-06-04 01:52:04,57045.8,23000.1
2022-06-04 01:52:05,56584.5,23461.5
2022-06-04 01:52:06,56166.3,23879.5
2022-06-04 01:52:07,55931.2,24114.7
2022-06-04 01:52:08,55535.6,24510.3
2022-06-04 01:52:09,56312.3,23733.6
2022-06-04 01:52:10,56198.8,23847.2
2022-06-04 01:52:11,56392.7,23653.2
2022-06-04 01:52:12,56440.6,23605.4
2022-06-04 01:52:13,57223.6,22822.3
2022-06-04 01:52:14,57434.2,22611.8
2022-06-04 01:52:15,58480.4,21565.5
2022-06-04 01:52:16,58245.1,21800.8
2022-06-04 01:52:17,57734.6,22311.4
2022-06-04 01:52:18,57167.4,22878.5
2022-06-04 01:52:19,56699.2,23346.8
2022-06-04 01:52:20,56144.3,23901.7
2022-06-04 01:52:21,56572.5,23473.6
2022-06-04 01:52:22,56774.3,23271.6
2022-06-04 01:52:23,56545.2,23500.8
2022-06-04 01:52:24,56045.2,24000.8
2022-06-04 01:52:25,55786,24260
2022-06-04 01:52:26,55322.1,24723.8
2022-06-04 01:52:27,56936,23109.9
2022-06-04 01:52:28,56515.5,23530.5
2022-06-04 01:52:29,57978.1,22067.8
2022-06-04 01:52:30,58563.2,21482.7
2022-06-04 01:52:31,57995.4,22050.5
2022-06-04 01:52:32,57935.4,22110.5
2022-06-04 01:52:33,58245.7,21800.2
2022-06-04 01:52:34,57163.7,22882.2
2022-06-04 01:52:35,56285.7,23760.1
2022-06-04 01:52:36,56141.4,23904.6
2022-06-04 01:52:37,55182.2,24863.6
2022-06-04 01:52:38,56078.7,23967.2
2022-06-04 01:52:39,56164.2,23881.7
2022-06-04 01:52:40,55494.1,24551.9
2022-06-04 01:52:41,56233.2,23812.7
2022-06-04 01:52:42,56804.2,23241.7
2022-06-04 01:52:43,58030.5,22015.4
2022-06-04 01:52:44,59571.1,20474.8
2022-06-04 01:52:45,59581.8,20464.1
2022-06-04 01:52:46,58676.4,21369.5
2022-06-04 01:52:47,57874.1,22171.9
2022-06-04 01:52:48,57281.1,22764.8
2022-06-04 01:52:49,56399,23646.8
2022-06-04 01:52:50,55591.7,24454.3
2022-06-04 01:52:51,55266.1,24779.9
2022-06-04 01:52:52,54316.4,25729.5
2022-06-04 01:52:53,54930.9,25115.1
2022-06-04 01:52:54,56075.2,23970.7
2022-06-04 01:52:55,57218,22827.9
2022-06-04 01:52:56,58373.7,21672.2
2022-06-04 01:52:57,58547,21498.9
2022-06-04 01:52:58,58482.5,21563.4
2022-06-04 01:52:59,59485.1,20560.9
2022-06-04 01:53:00,59022.5,21023.3
2022-06-04 01:53:01,57937.1,22108.9
2022-06-04 01:53:02,56924.8,23121.1
2022-06-04 01:53:03,55515.4,24530.5
2022-06-04 01:53:04,54814.8,25231.1
2022-06-04 01:53:05,54922.4,25123.6
2022-06-04 01:53:06,55255.2,24790.7
2022-06-04 01:53:07,55510.5,24535.4
2022-06-04 01:53:08,57031,23014.9
2022-06-04 01:53:09,57225.6,22820.3
2022-06-04 01:53:10,57966.5,22079.5
2022-06-04 01:53:11,58925,21120.9
2022-06-04 01:53:12,58593.2,21452.7
2022-06-04 01:53:13,58164.4,21881.6
2022-06-04 01:53:14,57836.1,22209.8
2022-06-04 01:53:15,57334.2,22711.8
2022-06-04 01:53:16,56968.6,23077.3
2022-06-04 01:53:17,56465.9,23580
2022-06-04 01:53:18,55732.6,24313.3
2022-06-04 01:53:19,55154.1,24891.9
2022-06-04 01:53:20,55106.6,24939.4
2022-06-04 01:53:21,56074.8,23971.1
2022-06-04 01:53:22,57942.5,22103.4
2022-06-04 01:53:23,57659.9,22386.1
2022-06-04 01:53:24,57494.1,22551.9
2022-06-04 01:53:25,56821.5,23224.4
2022-06-04 01:53:26,58016.6,22029.3
2022-06-04 01:53:27,57898.5,22147.3
2022-06-04 01:53:28,58288.5,21757.4
2022-06-04 01:53:29,57517.5,22528.4
2022-06-04 01:53:30,57060.4,22985.6
2022-06-04 01:53:31,56466.5,23579.5
2022-06-04 01:53:32,55861.2,24184.8
2022-06-04 01:53:33,55798.1,24247.8
2022-06-04 01:53:34,55677.1,24368.8
2022-06-04 01:53:35,56384.7,23661.3
2022-06-04 01:53:36,56441.2,23604.7
2022-06-04 01:53:37,57333.9,22712.1
2022-06-04 01:53:38,57513.9,22532
2022-06-04 01:53:39,57677,22368.9
2022-06-04 01:53:40,57856.1,22189.9
2022-06-04 01:53:41,57936.8,22109.2
2022-06-04 01:53:42,57432.2,22613.7
2022-06-04 01:53:43,56807.6,23238.3
2022-06-04 01:53:44,56723.6,23322.4
2022-06-04 01:53:45,56698.8,23347.1
2022-06-04 01:53:46,56363.8,23682.2
2022-06-04 01:53:47,56449.5,23596.3
2022-06-04 01:53:48,56135.1,23910.8
2022-06-04 01:53:49,56077.6,23968.3
2022-06-04 01:53:50,56826.9,23219
2022-06-04 01:53:51,57799.8,22246.1
2022-06-04 01:53:52,57430.6,22615.3
2022-06-04 01:53:53,56538.4,23507.5
2022-06-04 01:53:54,56711.5,23334.5
2022-06-04 01:53:55,56735.4,23310.6
2022-06-04 01:53:56,57470.1,22575.9
2022-06-04 01:53:57,57340.6,22705.4
2022-06-04 01:53:58,57882.3,22163.5
2022-06-04 01:53:59,57726.9,22318.9
2022-06-04 01:54:00,57273.7,22772.1
2022-06-04 01:54:01,56400.2,23645.8
2022-06-04 01:54:02,56078.5,23967.4
2022-06-04 01:54:03,55812.2,24233.8
2022-06-04 01:54:04,56490.4,23555.6
2022-06-04 01:54:05,56610.7,23435.1
2022-06-04 01:54:06,55744.1,24301.7
2022-06-04 01:54:07,55794.5,24251.5
2022-06-04 01:54:08,56260.8,23785.2
2022-06-04 01:54:09,58137,21909
2022-06-04 01:54:10,57553,22492.9
2022-06-04 01:54:11,58389.6,21656.5
2022-06-04 01:54:12,58017.1,22028.8
2022-06-04 01:54:13,58003.7,22042.1
2022-06-04 01:54:14,57155.2,22890.8
2022-06-04 01:54:15,56672.6,23373.4
2022-06-04 01:54:16,55645.1,24400.8
2022-06-04 01:54:17,55668.7,24377.3
2022-06-04 01:54:18,55943,24102.9
2022-06-04 01:54:19,56832.2,23213.8
2022-06-04 01:54:20,57555.6,22490.2
2022-06-04 01:54:21,57484,22562
2022-06-04 01:54:22,56893.1,23152.8
2022-06-04 01:54:23,56980,23066
2022-06-04 01:54:24,57978.6,22067.4
2022-06-04 01:54:25,58244.3,21801.7
2022-06-04 01:54:26,57849.1,22196.8
2022-06-04 01:54:27,56863.4,23182.4
2022-06-04 01:54:28,56528.7,23517.3
2022-06-04 01:54:29,55716.1,24329.8
2022-06-04 01:54:30,55743.5,24302.3
2022-06-04 01:54:31,56189.5,23856.5
2022-06-04 01:54:32,57201.5,22844.5
2022-06-04 01:54:33,57236,22810
2022-06-04 01:54:34,57742.6,22303.3
2022-06-04 01:54:35,57310.2,22735.8
2022-06-04 01:54:36,57057.9,22988
2022-06-04 01:54:37,56832.6,23213.3
2022-06-04 01:54:38,56407.8,23638.1
2022-06-04 01:54:39,56853.3,23192.7
2022-06-04 01:54:40,57597.6,22448.2
2022-06-04 01:54:41,56852.5,23193.3
2022-06-04 01:54:42,56199.4,23846.5
2022-06-04 01:54:43,56983,23063
2022-06-04 01:54:44,56309.7,23736.2
2022-06-04 01:54:45,56403.4,23642.5
2022-06-04 01:54:46,57053.8,22992.1
2022-06-04 01:54:47,57882.4,22163.7
2022-06-04 01:54:48,58014,22031.8
2022-06-04 01:54:49,58078,21967.9
2022-06-04 01:54:50,57216.2,22829.8
2022-06-04 01:54:51,56645.3,23400.6
2022-06-04 01:54:52,56266.2,23779.8
2022-06-04 01:54:53,56108.9,23937
2022-06-04 01:54:54,55846.1,24199.9
2022-06-04 01:54:55,57084.7,22961.2
2022-06-04 01:54:56,56801.3,23244.7
2022-06-04 01:54:57,56918.3,23127.7
2022-06-04 01:54:58,56928.4,23117.6
2022-06-04 01:54:59,56725.5,23320.6
2022-06-04 01:55:00,57101.4,22944.6
2022-06-04 01:55:01,58122.2,21923.7
2022-06-04 01:55:02,58471.6,21574.3
2022-06-04 01:55:03,57712.6,22333.4
2022-06-04 01:55:04,57135.3,22910.7
2022-06-04 01:55:05,56596.9,23449
2022-06-04 01:55:06,56054.3,23991.7
2022-06-04 01:55:07,55843.6,24202.3
2022-06-04 01:55:08,56443.4,23602.6
2022-06-04 01:55:09,56287.5,23758.3
2022-06-04 01:55:10,56547.6,23498.3
2022-06-04 01:55:11,56130.5,23915.5
2022-06-04 01:55:12,56279.4,23766.6
2022-06-04 01:55:13,56985.8,23060.2
2022-06-04 01:55:14,57308.5,22737.5
2022-06-04 01:55:15,58285.8,21760.1
2022-06-04 01:55:16,58300.6,21745.3
2022-06-04 01:55:17,58130.2,21915.6
2022-06-04 01:55:18,57514.3,22531.6
2022-06-04 01:55:19,58214.7,21831.3
2022-06-04 01:55:20,56918.9,23127
2022-06-04 01:55:21,56074.6,23971.3
2022-06-04 01:55:22,56414.6,23631.3
2022-06-04 01:55:23,55897.2,24148.8
2022-06-04 01:55:24,56028.5,24017.5
2022-06-04 01:55:25,56317.4,23728.5
2022-06-04 01:55:26,56905.2,23140.8
2022-06-04 01:55:27,57183.7,22862.2
2022-06-04 01:55:28,57281.6,22764.4
2022-06-04 01:55:29,57486.3,22559.6
2022-06-04 01:55:30,58273.5,21772.5
2022-06-04 01:55:31,58152,21893.8
2022-06-04 01:55:32,57544.4,22501.5
2022-06-04 01:55:33,57123.9,22922
2022-06-04 01:55:34,56366.7,23679.1
2022-06-04 01:55:35,55364.4,24681.5
2022-06-04 01:55:36,55718.3,24327.6
2022-06-04 01:55:37,57036,23010
2022-06-04 01:55:38,56093.9,23952
2022-06-04 01:55:39,57195.4,22850.6
2022-06-04 01:55:40,56731.3,23314.6
2022-06-04 01:55:41,56537.1,23508.8
2022-06-04 01:55:42,56340.8,23705.1
2022-06-04 01:55:43,57595.6,22450.2
2022-06-04 01:55:44,57868.6,22177.3
2022-06-04 01:55:45,57435.8,22610.1
2022-06-04 01:55:46,57584,22461.9
2022-06-04 01:55:47,56815.1,23231
2022-06-04 01:55:48,56603.4,23442.5
2022-06-04 01:55:49,55885.5,24160.4
2022-06-04 01:55:50,56657.9,23388
2022-06-04 01:55:51,56408.5,23637.5
2022-06-04 01:55:52,57171.4,22874.5
2022-06-04 01:55:53,57879.5,22166.4
2022-06-04 01:55:54,57193,22852.9
2022-06-04 01:55:55,56326.1,23719.8
2022-06-04 01:55:56,55771.7,24274.2
2022-06-04 01:55:57,57333.8,22712.2
2022-06-04 01:55:58,57758.7,22287.3
2022-06-04 01:55:59,57106.1,22939.9
2022-06-04 01:56:00,56769.6,23276.3
2022-06-04 01:56:01,56397.4,23648.5
2022-06-04 01:56:02,57157,22888.9
2022-06-04 01:56:03,56876.1,23169.8
2022-06-04 01:56:04,56918.5,23127.5
2022-06-04 01:56:05,56732.3,23313.7
2022-06-04 01:56:06,56620.9,23425.1
2022-06-04 01:56:07,56001.2,24044.8
2022-06-04 01:56:08,57375.8,22670.1
2022-06-04 01:56:09,56967.2,23078.7
2022-06-04 01:56:10,56424.7,23621.2
2022-06-04 01:56:11,56055.5,23990.5
2022-06-04 01:56:12,56700.5,23345.4
2022-06-04 01:56:13,57271.5,22774.4
2022-06-04 01:56:14,58239.3,21806.7
2022-06-04 01:56:15,58336,21710
2022-06-04 01:56:16,57137.8,22908.2
2022-06-04 01:56:17,56498,23547.9
2022-06-04 01:56:18,56185.9,23860
2022-06-04 01:56:19,56799.9,23246.1
2022-06-04 01:56:20,56099.9,23946.2
2022-06-04 01:56:21,56320,23725.9
2022-06-04 01:56:22,56738.7,23307.2
2022-06-04 01:56:23,56592,23453.9
2022-06-04 01:56:24,56355,23691
2022-06-04 01:56:25,57080.5,22965.4
2022-06-04 01:56:26,57429.5,22616.4
2022-06-04 01:56:27,57447.6,22598.3
2022-06-04 01:56:28,58300.8,21745.2
2022-06-04 01:56:29,57971.5,22074.3
2022-06-04 01:56:30,57388.2,22657.7
2022-06-04 01:56:31,56149.5,23896.6
2022-06-04 01:56:32,55858,24187.9
2022-06-04 01:56:33,55785.6,24260.2
2022-06-04 01:56:34,56268.4,23777.5
2022-06-04 01:56:35,56014.5,24031.3
2022-06-04 01:56:36,56779.8,23266.1
2022-06-04 01:56:37,56687.9,23358
2022-06-04 01:56:38,56870.9,23175
2022-06-04 01:56:39,56379.5,23666.4
2022-06-04 01:56:40,57434.5,22611.5
2022-06-04 01:56:41,57909.9,22136
2022-06-04 01:56:42,57460.5,22585.5
2022-06-04 01:56:43,57294.2,22751.6
2022-06-04 01:56:44,56899.7,23146.2
2022-06-04 01:56:45,56547.7,23498.3
2022-06-04 01:56:46,56166.3,23879.6
2022-06-04 01:56:47,56407.7,23638.2
2022-06-04 01:56:48,57255.1,22790.7
2022-06-04 01:56:49,56366.6,23679.3
2022-06-04 01:56:50,56186.5,23859.4
2022-06-04 01:56:51,56351.1,23694.9
2022-06-04 01:56:52,56331.6,23714.3
2022-06-04 01:56:53,57229.3,22816.6
2022-06-04 01:56:54,57081.8,22964
2022-06-04 01:56:55,56974.7,23071.1
2022-06-04 01:56:56,57091.5,22954.4
2022-06-04 01:56:57,56634,23411.9
2022-06-04 01:56:58,57207.8,22838.1
2022-06-04 01:56:59,57812.4,22233.5
2022-06-04 01:57:00,57456.2,22589.7
2022-06-04 01:57:01,57338.7,22707.2
2022-06-04 01:57:02,56700.2,23345.7
2022-06-04 01:57:03,56233,23813
2022-06-04 01:57:04,55825.3,24220.5
2022-06-04 01:57:05,55564.9,24481.1
2022-06-04 01:57:06,55951.2,24094.8
2022-06-04 01:57:07,56116.4,23929.5
2022-06-04 01:57:08,56299.9,23746
2022-06-04 01:57:09,56985,23061
2022-06-04 01:57:10,58237.2,21808.8
2022-06-04 01:57:11,58781.1,21264.8
2022-06-04 01:57:12,58266.3,21779.6
2022-06-04 01:57:13,57773.1,22272.7
2022-06-04 01:57:14,57058.5,22987.4
2022-06-04 01:57:15,56821.6,23224.3
2022-06-04 01:57:16,56314,23731.9
2022-06-04 01:57:17,55510.5,24535.5
2022-06-04 01:57:18,55053.3,24992.6
2022-06-04 01:57:19,56468.2,23577.7
2022-06-04 01:57:20,56188.7,23857.2
2022-06-04 01:57:21,57557.3,22488.5
2022-06-04 01:57:22,57569.5,22476.5
2022-06-04 01:57:23,58023.3,22022.5
2022-06-04 01:57:24,58113.8,21932
2022-06-04 01:57:25,57868.7,22177.3
2022-06-04 01:57:26,57282.8,22763.1
2022-06-04 01:57:27,57317.2,22728.7
2022-06-04 01:57:28,56449.3,23596.5
2022-06-04 01:57:29,55506.9,24539.1
2022-06-04 01:57:30,55725.3,24320.7
2022-06-04 01:57:31,55315.1,24730.8
2022-06-04 01:57:32,55514.2,24531.9
2022-06-04 01:57:33,56681.7,23364.2
2022-06-04 01:57:34,57564.1,22481.8
2022-06-04 01:57:35,57792.7,22253.3
2022-06-04 01:57:36,58165.4,21880.6
2022-06-04 01:57:37,58368.4,21677.5
2022-06-04 01:57:38,58463.4,21582.5
2022-06-04 01:57:39,57279.2,22766.8
2022-06-04 01:57:40,56640.7,23405.3
2022-06-04 01:57:41,55676.6,24369.4
2022-06-04 01:57:42,55463.2,24582.8
2022-06-04 01:57:43,55865.8,24180.1
2022-06-04 01:57:44,56027.3,24018.7
2022-06-04 01:57:45,57599.3,22446.6
2022-06-04 01:57:46,57016.6,23029.3
2022-06-04 01:57:47,56518.3,23527.6
2022-06-04 01:57:48,56912.5,23133.4
2022-06-04 01:57:49,57667.4,22378.5
2022-06-04 01:57:50,57987.9,22058.1
2022-06-04 01:57:51,57789.5,22256.4
2022-06-04 01:57:52,57437.3,22608.6
2022-06-04 01:57:53,56570.2,23475.8
2022-06-04 01:57:54,56345.6,23700.3
2022-06-04 01:57:55,56727.9,23318
2022-06-04 01:57:56,56462.3,23583.7
2022-06-04 01:57:57,56804.8,23241.3
2022-06-04 01:57:58,56408.5,23637.4
2022-06-04 01:57:59,55971.5,24074.5
2022-06-04 01:58:00,56415.8,23630.1
2022-06-04 01:58:01,56927,23118.9
2022-06-04 01:58:02,56805.4,23240.6
2022-06-04 01:58:03,56483.6,23562.2
2022-06-04 01:58:04,57220.5,22825.5
2022-06-04 01:58:05,57343.6,22702.4
2022-06-04 01:58:06,57493.6,22552.4
2022-06-04 01:58:07,57324.7,22721.2
2022-06-04 01:58:08,57464,22582
2022-06-04 01:58:09,56968.5,23077.6
2022-06-04 01:58:10,56295.8,23750.1
2022-06-04 01:58:11,56546.7,23499.2
2022-06-04 01:58:12,57037.8,23008.2
2022-06-04 01:58:13,56388.3,23657.7
2022-06-04 01:58:14,56816,23229.8
2022-06-04 01:58:15,56430.3,23615.6
2022-06-04 01:58:16,56223.6,23822.3
2022-06-04 01:58:17,56620.5,23425.5
2022-06-04 01:58:18,58028.5,22017.5
2022-06-04 01:58:19,58143.5,21902.3
2022-06-04 01:58:20,57605,22440.9
2022-06-04 01:58:21,57770.1,22275.8
2022-06-04 01:58:22,57462.2,22583.6
2022-06-04 01:58:23,56998.1,23047.7
2022-06-04 01:58:24,56498.3,23547.7
2022-06-04 01:58:25,56541.3,23504.6
2022-06-04 01:58:26,55969.7,24076.2
2022-06-04 01:58:27,55868.9,24177.1
2022-06-04 01:58:28,55962.9,24082.9
2022-06-04 01:58:29,55859,24187
2022-06-04 01:58:30,57168.8,22877.2
2022-06-04 01:58:31,57107.5,22938.5
2022-06-04 01:58:32,57302,22744
2022-06-04 01:58:33,58564.9,21481.1
2022-06-04 01:58:34,58147.9,21898.1
2022-06-04 01:58:35,56946.1,23099.9
2022-06-04 01:58:36,56788.9,23257
2022-06-04 01:58:37,56403.9,23642.1
2022-06-04 01:58:38,56295.9,23750
2022-06-04 01:58:39,57032.3,23013.6
2022-06-04 01:58:40,56559.9,23486.1
2022-06-04 01:58:41,56147.7,23898.2
2022-06-04 01:58:42,55890.7,24155.1
2022-06-04 01:58:43,55988.5,24057.4
2022-06-04 01:58:44,56294.9,23751.1
2022-06-04 01:58:45,57972.5,22073.4
2022-06-04 01:58:46,57590.1,22455.7
2022-06-04 01:58:47,57742.2,22303.7
2022-06-04 01:58:48,57380.9,22665.1
2022-06-04 01:58:49,56498.9,23547
2022-06-04 01:58:50,56888.1,23157.8
2022-06-04 01:58:51,57250.6,22795.3
2022-06-04 01:58:52,58126.9,21919.2
2022-06-04 01:58:53,57172.6,22873.5
2022-06-04 01:58:54,56261.8,23784.1
2022-06-04 01:58:55,56028.7,24017.1
2022-06-04 01:58:56,55852.1,24193.8
2022-06-04 01:58:57,55799.7,24246.2
2022-06-04 01:58:58,56246.2,23799.8
2022-06-04 01:58:59,56790.3,23255.6
2022-06-04 01:59:00,56228.9,23817
2022-06-04 01:59:01,56583,23463
2022-06-04 01:59:02,57512,22533.9
2022-06-04 01:59:03,58384,21661.8
2022-06-04 01:59:04,58064.1,21981.8
2022-06-04 01:59:05,58541.1,21505
2022-06-04 01:59:06,57432,22614
2022-06-04 01:59:07,56933.2,23112.7
2022-06-04 01:59:08,56014.8,24031.2
2022-06-04 01:59:09,55672.6,24373.3
2022-06-04 01:59:10,55239.7,24806.1
2022-06-04 01:59:11,55878.1,24167.9
2022-06-04 01:59:12,56760.8,23285.1
2022-06-04 01:59:13,56413.5,23632.5
2022-06-04 01:59:14,57754.8,22291.3
2022-06-04 01:59:15,58098.8,21947
2022-06-04 01:59:16,57862.6,22183.2
2022-06-04 01:59:17,57702.5,22343.5
2022-06-04 01:59:18,57889,22157
2022-06-04 01:59:19,57256.8,22789.1
2022-06-04 01:59:20,56614.8,23431.2
2022-06-04 01:59:21,56695.4,23350.6
2022-06-04 01:59:22,56012,24033.9
2022-06-04 01:59:23,56280.6,23765.3
2022-06-04 01:59:24,56124.4,23921.5
2022-06-04 01:59:25,55956.7,24089.2
2022-06-04 01:59:26,57469.2,22576.8
2022-06-04 01:59:27,57465.5,22580.3
2022-06-04 01:59:28,57817.7,22228.2
2022-06-04 01:59:29,57579.9,22466.1
2022-06-04 01:59:30,57133.9,22912
2022-06-04 01:59:31,56831.3,23214.6
2022-06-04 01:59:32,56082.9,23963.1
2022-06-04 01:59:33,56288.8,23757.1
2022-06-04 01:59:34,55982.1,24063.8
2022-06-04 01:59:35,55876,24169.9
2022-06-04 01:59:36,57483.3,22562.5
2022-06-04 01:59:37,57531.9,22514.1
2022-06-04 01:59:38,58047.7,21998.3
2022-06-04 01:59:39,57149.6,22896.3
2022-06-04 01:59:40,56801.7,23244.2
2022-06-04 01:59:41,57149,22896.9
2022-06-04 01:59:42,57291.7,22754.3
2022-06-04 01:59:43,57081.7,22964.2
2022-06-04 01:59:44,56417.6,23628.3
2022-06-04 01:59:45,55889.5,24156.4
2022-06-04 01:59:46,55815.7,24230.3
2022-06-04 01:59:47,55586.3,24459.6
2022-06-04 01:59:48,57279.2,22766.7
2022-06-04 01:59:49,58218.9,21827.1
2022-06-04 01:59:50,57889.6,22156.4
2022-06-04 01:59:51,57777.1,22268.9
2022-06-04 01:59:52,56698.7,23347.3
2022-06-04 01:59:53,56334.2,23711.8
2022-06-04 01:59:54,56420.5,23625.5
2022-06-04 01:59:55,56808.9,23237.1
2022-06-04 01:59:56,57139.3,22906.6
2022-06-04 01:59:57,56894,23151.8
2022-06-04 01:59:58,55909.8,24136.2
2022-06-04 01:59:59,56370.9,23675
2022-06-04 02:00:00,56643.9,23402.2
2022-06-04 02:00:01,58087.6,21958.3
2022-06-04 02:00:02,58487.2,21558.7
2022-06-04 02:00:03,57798.2,22247.8
2022-06-04 02:00:04,56994.7,23051.3
2022-06-04 02:00:05,57378.6,22667.3
2022-06-04 02:00:06,57249.7,22796.3
2022-06-04 02:00:07,56666.1,23379.9
2022-06-04 02:00:08,56866.7,23179.3
2022-06-04 02:00:09,55842.8,24203.1
2022-06-04 02:00:10,57003.1,23042.9
2022-06-04 02:00:11,57096.8,22949
2022-06-04 02:00:12,56711.6,23334.4
2022-06-04 02:00:13,56390.1,23655.9
2022-06-04 02:00:14,56668.7,23377.3
2022-06-04 02:00:15,57137.2,22908.8
2022-06-04 02:00:16,57639,22407.1
2022-06-04 02:00:17,58306,21740
2022-06-04 02:00:18,57543.6,22502.4
2022-06-04 02:00:19,56821.7,23224.3
2022-06-04 02:00:20,56061,23985
2022-06-04 02:00:21,56288.1,23757.9
2022-06-04 02:00:22,57184.8,22861.1
2022-06-04 02:00:23,57007.1,23038.8
2022-06-04 02:00:24,57060,22986
2022-06-04 02:00:25,57058.8,22987.1
2022-06-04 02:00:26,56463.5,23582.5
2022-06-04 02:00:27,56020.2,24025.8
2022-06-04 02:00:28,56866.7,23179.2
2022-06-04 02:00:29,56248.9,23797
2022-06-04 02:00:30,57020.3,23025.6
2022-06-04 02:00:31,57376.8,22669.1
2022-06-04 02:00:32,57519.4,22526.6
2022-06-04 02:00:33,57029.7,23016.2
2022-06-04 02:00:34,56539.6,23506.4
2022-06-04 02:00:35,56806.7,23239.3
2022-06-04 02:00:36,57135,22911
2022-06-04 02:00:37,56971.4,23074.6
2022-06-04 02:00:38,57044.6,23001.3
2022-06-04 02:00:39,56863.1,23182.9
2022-06-04 02:00:40,57298.4,22747.5
2022-06-04 02:00:41,57493.7,22552.2
2022-06-04 02:00:42,56709.6,23336.3
2022-06-04 02:00:43,56403.1,23642.8
2022-06-04 02:00:44,56369.4,23676.5
2022-06-04 02:00:45,57091.7,22954.2
2022-06-04 02:00:46,57211.6,22834.3
2022-06-04 02:00:47,57194.9,22851
2022-06-04 02:00:48,57120.2,22925.7
2022-06-04 02:00:49,56282.1,23763.7
2022-06-04 02:00:50,56572.5,23473.5
2022-06-04 02:00:51,56439.6,23606.4
2022-06-04 02:00:52,57323.4,22722.6
2022-06-04 02:00:53,58106.7,21939.2
2022-06-04 02:00:54,57345.1,22700.9
2022-06-04 02:00:55,57778.5,22267.3
2022-06-04 02:00:56,57213.7,22832.2
2022-06-04 02:00:57,56203.1,23842.8
2022-06-04 02:00:58,55890.1,24155.7
2022-06-04 02:00:59,56661.1,23384.9
2022-06-04 02:01:00,56997.6,23048.5
2022-06-04 02:01:01,56473.7,23572.2
2022-06-04 02:01:02,55973.2,24072.8
2022-06-04 02:01:03,55323.4,24722.5
2022-06-04 02:01:04,55864.9,24181
2022-06-04 02:01:05,57536.3,22509.7
2022-06-04 02:01:06,59020.7,21025.3
2022-06-04 02:01:07,58661.9,21384
2022-06-04 02:01:08,57832.3,22213.6
2022-06-04 02:01:09,56878.2,23167.6
2022-06-04 02:01:10,56777.7,23268.3
2022-06-04 02:01:11,56632.3,23413.8
2022-06-04 02:01:12,55973,24072.9
2022-06-04 02:01:13,56169.5,23876.6
2022-06-04 02:01:14,55337.8,24708.1
2022-06-04 02:01:15,55713.6,24332.3
2022-06-04 02:01:16,56216.3,23829.7
2022-06-04 02:01:17,56612,23433.8
2022-06-04 02:01:18,58024.5,22021.5
2022-06-04 02:01:19,58578.3,21467.7
2022-06-04 02:01:20,58927.1,21118.7
2022-06-04 02:01:21,58713.7,21332.1
2022-06-04 02:01:22,57856.8,22189.1
2022-06-04 02:01:23,56962,23084
2022-06-04 02:01:24,56733.6,23312.3
2022-06-04 02:01:25,55845.3,24200.7
2022-06-04 02:01:26,55455.4,24590.6
2022-06-04 02:01:27,55302,24744.1
2022-06-04 02:01:28,55511.1,24534.7
2022-06-04 02:01:29,55959.1,24086.7
2022-06-04 02:01:30,57305.4,22740.6
2022-06-04 02:01:31,57115.7,22930.2
2022-06-04 02:01:32,57958.7,22087.3
2022-06-04 02:01:33,58121.9,21924
2022-06-04 02:01:34,58232.8,21813
2022-06-04 02:01:35,58113.4,21932.4
2022-06-04 02:01:36,57290.2,22755.9
2022-06-04 02:01:37,56978.7,23067.3
2022-06-04 02:01:38,56471.3,23574.6
2022-06-04 02:01:39,55816.2,24229.7
2022-06-04 02:01:40,56118.5,23927.4
2022-06-04 02:01:41,55684.5,24361.4
2022-06-04 02:01:42,56506.3,23539.6
2022-06-04 02:01:43,56362.5,23683.4
2022-06-04 02:01:44,56080.7,23965.2
2022-06-04 02:01:45,56940.1,23105.8
2022-06-04 02:01:46,57355.9,22690
2022-06-04 02:01:47,57630.9,22415.2
2022-06-04 02:01:48,58176.7,21869.3
2022-06-04 02:01:49,58629.3,21416.6
2022-06-04 02:01:50,57960.9,22085
2022-06-04 02:01:51,57736.8,22309.1
2022-06-04 02:01:52,56833.7,23212.3
2022-06-04 02:01:53,56228.5,23817.6
2022-06-04 02:01:54,56577.6,23468.3
2022-06-04 02:01:55,56796.5,23249.5
2022-06-04 02:01:56,56391.9,23654.1
2022-06-04 02:01:57,55651.1,24394.8
2022-06-04 02:01:58,56123.1,23922.8
2022-06-04 02:01:59,55660.1,24385.7
2022-06-04 02:02:00,55932.3,24113.6
2022-06-04 02:02:01,57898.4,22147.5
2022-06-04 02:02:02,59125.6,20920.4
2022-06-04 02:02:03,58619.7,21426.2
2022-06-04 02:02:04,58320.4,21725.5
2022-06-04 02:02:05,57561,22485
2022-06-04 02:02:06,56953.3,23092.6
2022-06-04 02:02:07,56695.7,23350.4
2022-06-04 02:02:08,56233.3,23812.6
2022-06-04 02:02:09,55631.2,24414.7
2022-06-04 02:02:10,55508.8,24537.1
2022-06-04 02:02:11,55620.7,24425.2
2022-06-04 02:02:12,55972.3,24073.6
2022-06-04 02:02:13,56103.5,23942.3
2022-06-04 02:02:14,56771.9,23274.2
2022-06-04 02:02:15,57259.5,22786.4
2022-06-04 02:02:16,57790.7,22255.2
2022-06-04 02:02:17,58224.5,21821.4
2022-06-04 02:02:18,57619.9,22426
2022-06-04 02:02:19,57858.3,22187.5
2022-06-04 02:02:20,57494.1,22551.9
2022-06-04 02:02:21,57009.7,23036.2
2022-06-04 02:02:22,56018.4,24027.5
2022-06-04 02:02:23,55402.1,24643.9
2022-06-04 02:02:24,55614.8,24431
2022-06-04 02:02:25,55858.6,24187.3
2022-06-04 02:02:26,57271.1,22774.9
2022-06-04 02:02:27,56609.8,23436.2
2022-06-04 02:02:28,56214.8,23831
2022-06-04 02:02:29,56461.2,23584.7
2022-06-04 02:02:30,57007.7,23038.2
2022-06-04 02:02:31,57835.2,22210.8
2022-06-04 02:02:32,58809.7,21236.2
2022-06-04 02:02:33,58264.6,21781.3
2022-06-04 02:02:34,57199.3,22846.7
2022-06-04 02:02:35,56389.8,23656.1
2022-06-04 02:02:36,56613.3,23432.7
2022-06-04 02:02:37,56969.5,23076.4
2022-06-04 02:02:38,56362.9,23683.1
2022-06-04 02:02:39,55571.2,24474.8
2022-06-04 02:02:40,55898.2,24147.7
2022-06-04 02:02:41,55774.3,24271.6
2022-06-04 02:02:42,56286.5,23759.4
2022-06-04 02:02:43,56292.5,23753.4
2022-06-04 02:02:44,56984.9,23061.1
2022-06-04 02:02:45,58233,21812.9
2022-06-04 02:02:46,58029.4,22016.6
2022-06-04 02:02:47,58750.8,21295
2022-06-04 02:02:48,58573.7,21472.2
2022-06-04 02:02:49,57625.9,22420
2022-06-04 02:02:50,56798.5,23247.4
2022-06-04 02:02:51,56533.1,23512.8
2022-06-04 02:02:52,56061.6,23984.3
2022-06-04 02:02:53,55704.2,24341.7
2022-06-04 02:02:54,55413.4,24632.6
2022-06-04 02:02:55,55471.7,24574.2
2022-06-04 02:02:56,56192,23853.9
2022-06-04 02:02:57,56373.3,23672.7
2022-06-04 02:02:58,57434.5,22611.4
2022-06-04 02:02:59,58629.8,21416
2022-06-04 02:03:00,59311.4,20734.6
2022-06-04 02:03:01,59052.5,20993.4
2022-06-04 02:03:02,58175.8,21870
2022-06-04 02:03:03,57735,22310.9
2022-06-04 02:03:04,56940.4,23105.6
2022-06-04 02:03:05,56652.5,23393.4
2022-06-04 02:03:06,56112.8,23933.1
2022-06-04 02:03:07,55043.7,25002.3
2022-06-04 02:03:08,54378,25668
2022-06-04 02:03:09,54547.5,25498.4
2022-06-04 02:03:10,55958.2,24087.8
2022-06-04 02:03:11,56643,23403
2022-06-04 02:03:12,57767.1,22278.8
2022-06-04 02:03:13,58338.5,21707.4
2022-06-04 02:03:14,58384.7,21661.1
2022-06-04 02:03:15,59009.1,21036.8
2022-06-04 02:03:16,58085.5,21960.3
2022-06-04 02:03:17,57433.3,22612.6
2022-06-04 02:03:18,56726.1,23319.7
2022-06-04 02:03:19,56024.4,24021.5
2022-06-04 02:03:20,55347.5,24698.5
2022-06-04 02:03:21,55550.1,24495.9
2022-06-04 02:03:22,55956.2,24089.7
2022-06-04 02:03:23,57204.5,22841.5
2022-06-04 02:03:24,57468.4,22577.6
2022-06-04 02:03:25,57037.6,23008.3
2022-06-04 02:03:26,57291.5,22754.4
2022-06-04 02:03:27,57327.6,22718.3
2022-06-04 02:03:28,57171.1,22874.8
2022-06-04 02:03:29,56637.1,23408.9
2022-06-04 02:03:30,57454.8,22591.2
2022-06-04 02:03:31,56873.3,23172.6
2022-06-04 02:03:32,56087.5,23958.4
2022-06-04 02:03:33,56199.4,23846.5
2022-06-04 02:03:34,57295.3,22750.7
2022-06-04 02:03:35,57893,22152.9
2022-06-04 02:03:36,57026.5,23019.5
2022-06-04 02:03:37,56341.1,23704.8
2022-06-04 02:03:38,56237.5,23808.5
2022-06-04 02:03:39,56094.9,23951
2022-06-04 02:03:40,56156.6,23889.3
2022-06-04 02:03:41,56402.2,23643.8
2022-06-04 02:03:42,56987.7,23058.1
2022-06-04 02:03:43,56571.8,23474.2
2022-06-04 02:03:44,56892.2,23153.8
2022-06-04 02:03:45,58366.3,21679.5
2022-06-04 02:03:46,58426.1,21619.8
2022-06-04 02:03:47,58178.6,21867.3
2022-06-04 02:03:48,57944.5,22101.5
2022-06-04 02:03:49,57226.9,22819.1
2022-06-04 02:03:50,56106.3,23939.6
2022-06-04 02:03:51,55652.2,24393.8
2022-06-04 02:03:52,55364.2,24681.7
2022-06-04 02:03:53,56072.7,23973.2
2022-06-04 02:03:54,56131,23914.9
2022-06-04 02:03:55,56927.1,23118.8
2022-06-04 02:03:56,56801.3,23244.7
2022-06-04 02:03:57,57214.8,22831.1
2022-06-04 02:03:58,57187.4,22858.4
2022-06-04 02:03:59,58404.9,21641
2022-06-04 02:04:00,58989.3,21056.7
2022-06-04 02:04:01,58449.8,21596
2022-06-04 02:04:02,57172.2,22873.8
2022-06-04 02:04:03,56226.5,23819.4
2022-06-04 02:04:04,55401.3,24644.6
2022-06-04 02:04:05,55479.7,24566.3
2022-06-04 02:04:06,55122.5,24923.4
2022-06-04 02:04:07,55692.8,24353.1
2022-06-04 02:04:08,57884.6,22161.3
2022-06-04 02:04:09,57466.6,22579.4
2022-06-04 02:04:10,57464.4,22581.6
2022-06-04 02:04:11,56835.1,23210.8
2022-06-04 02:04:12,57177.3,22868.5
2022-06-04 02:04:13,57920.5,22125.5
2022-06-04 02:04:14,58071.8,21974
2022-06-04 02:04:15,57865.1,22180.9
2022-06-04 02:04:16,57096.6,22949.4
2022-06-04 02:04:17,56203.6,23842.2
2022-06-04 02:04:18,55095.2,24950.8
2022-06-04 02:04:19,55202.3,24843.7
2022-06-04 02:04:20,56586.1,23459.9
2022-06-04 02:04:21,56603.5,23442.5
2022-06-04 02:04:22,57551.1,22494.7
2022-06-04 02:04:23,57059.5,22986.4
2022-06-04 02:04:24,57482.9,22563.1
2022-06-04 02:04:25,57560.3,22485.5
2022-06-04 02:04:26,57222.5,22823.5
2022-06-04 02:04:27,56602.3,23443.7
2022-06-04 02:04:28,57181.9,22863.9
2022-06-04 02:04:29,56809.3,23236.5
2022-06-04 02:04:30,57471.4,22574.5
2022-06-04 02:04:31,57427.3,22618.6
2022-06-04 02:04:32,57329.4,22716.5
2022-06-04 02:04:33,56559.5,23486.4
2022-06-04 02:04:34,56471.6,23574.3
2022-06-04 02:04:35,56407.9,23638.2
2022-06-04 02:04:36,57218.6,22827.3
2022-06-04 02:04:37,56953.8,23092.1
2022-06-04 02:04:38,56987.6,23058.4
2022-06-04 02:04:39,56988.8,23057.1
2022-06-04 02:04:40,56699.1,23346.8
2022-06-04 02:04:41,56622.7,23423.2
2022-06-04 02:04:42,56965.1,23080.8
2022-06-04 02:04:43,57119.2,22926.7
2022-06-04 02:04:44,57504.3,22541.5
2022-06-04 02:04:45,57619.2,22426.6
2022-06-04 02:04:46,56796.3,23249.7
2022-06-04 02:04:47,56616.1,23429.8
2022-06-04 02:04:48,56348.6,23697.5
2022-06-04 02:04:49,56805.1,23240.9
2022-06-04 02:04:50,57347.1,22698.8
2022-06-04 02:04:51,57383.1,22662.8
2022-06-04 02:04:52,56433.5,23612.5
2022-06-04 02:04:53,57131.9,22914
2022-06-04 02:04:54,57249.2,22796.7
2022-06-04 02:04:55,57280,22765.8
2022-06-04 02:04:56,56300.9,23745
2022-06-04 02:04:57,56351.3,23694.7
2022-06-04 02:04:58,56552.7,23493.3
2022-06-04 02:04:59,57153.5,22892.4
2022-06-04 02:05:00,56876,23169.9
2022-06-04 02:05:01,56686.7,23359.2
2022-06-04 02:05:02,57024.5,23021.4
2022-06-04 02:05:03,56951.4,23094.4
2022-06-04 02:05:04,57743.4,22302.4
2022-06-04 02:05:05,57950.7,22095.3
2022-06-04 02:05:06,57375.7,22670.3
2022-06-04 02:05:07,56420.3,23625.6
2022-06-04 02:05:08,56813,23232.9
2022-06-04 02:05:09,56680.1,23365.9
2022-06-04 02:05:10,56557.3,23488.6
2022-06-04 02:05:11,55924.7,24121.2
2022-06-04 02:05:12,56300.2,23745.9
2022-06-04 02:05:13,56771.8,23274.1
2022-06-04 02:05:14,57668.4,22377.5
2022-06-04 02:05:15,57976.8,22069.1
2022-06-04 02:05:16,57772.5,22273.5
2022-06-04 02:05:17,57324.6,22721.4
2022-06-04 02:05:18,57397.1,22648.8
2022-06-04 02:05:19,57385.3,22660.6
2022-06-04 02:05:20,56926.6,23119.3
2022-06-04 02:05:21,56601.2,23444.6
2022-06-04 02:05:22,56625,23420.9
2022-06-04 02:05:23,56715.8,23330.1
2022-06-04 02:05:24,56766.6,23279.2
2022-06-04 02:05:25,55904.9,24141.1
2022-06-04 02:05:26,56995.2,23050.8
2022-06-04 02:05:27,57473.5,22572.5
2022-06-04 02:05:28,57763.4,22282.5
2022-06-04 02:05:29,57337.4,22708.6
2022-06-04 02:05:30,57812.5,22233.3
2022-06-04 02:05:31,57141.6,22904.3
2022-06-04 02:05:32,56438.4,23607.5
2022-06-04 02:05:33,57225.4,22820.3
2022-06-04 02:05:34,56811.5,23234.5
2022-06-04 02:05:35,56637.5,23408.4
2022-06-04 02:05:36,56487.2,23558.7
2022-06-04 02:05:37,57625.4,22420.7
2022-06-04 02:05:38,56706.9,23339
2022-06-04 02:05:39,56863.9,23181.9
2022-06-04 02:05:40,56223.5,23822.4
2022-06-04 02:05:41,56992.4,23053.4
2022-06-04 02:05:42,57213.9,22832.1
2022-06-04 02:05:43,56833.9,23212.1
2022-06-04 02:05:44,56847.3,23198.5
2022-06-04 02:05:45,56733,23313
2022-06-04 02:05:46,56472.7,23573.2
2022-06-04 02:05:47,56937.4,23108.5
2022-06-04 02:05:48,58043,22002.9
2022-06-04 02:05:49,57907.1,22138.8
2022-06-04 02:05:50,56790.2,23255.8
2022-06-04 02:05:51,56804,23242
2022-06-04 02:05:52,56388.7,23657.2
2022-06-04 02:05:53,55771.8,24274.1
2022-06-04 02:05:54,56704.4,23341.6
2022-06-04 02:05:55,55960.5,24085.4
2022-06-04 02:05:56,56720.6,23325.3
2022-06-04 02:05:57,57813.8,22232
2022-06-04 02:05:58,57644.6,22401.3
2022-06-04 02:05:59,58334.7,21711.3
2022-06-04 02:06:00,57739.8,22306.1
2022-06-04 02:06:01,57351.7,22694.2
2022-06-04 02:06:02,56977,23068.9
2022-06-04 02:06:03,56860.1,23185.9
2022-06-04 02:06:04,56459.9,23586
2022-06-04 02:06:05,56068.7,23977.1
2022-06-04 02:06:06,56385.1,23660.8
2022-06-04 02:06:07,56375.6,23670.2
2022-06-04 02:06:08,55831.4,24214.5
2022-06-04 02:06:09,56342.1,23703.8
2022-06-04 02:06:10,57255.8,22790.1
2022-06-04 02:06:11,56926.3,23119.6
2022-06-04 02:06:12,58051.1,21994.8
2022-06-04 02:06:13,58280.3,21765.6
2022-06-04 02:06:14,57538.1,22507.9
2022-06-04 02:06:15,56472.1,23573.8
2022-06-04 02:06:16,55909.2,24136.7
2022-06-04 02:06:17,56576.7,23469.2
2022-06-04 02:06:18,56376.3,23669.6
2022-06-04 02:06:19,56654.4,23391.5
2022-06-04 02:06:20,57509.1,22536.8
2022-06-04 02:06:21,57552.6,22493.3
2022-06-04 02:06:22,57041.7,23004.2
2022-06-04 02:06:23,56906.3,23139.5
2022-06-04 02:06:24,57231.4,22814.5
2022-06-04 02:06:25,56787.2,23258.7
2022-06-04 02:06:26,56751.8,23294.1
2022-06-04 02:06:27,56760.6,23285.3
2022-06-04 02:06:28,56484.1,23561.9
2022-06-04 02:06:29,56733.9,23312
2022-06-04 02:06:30,56858.6,23187.4
2022-06-04 02:06:31,57294.4,22751.5
2022-06-04 02:06:32,57758.8,22287.2
2022-06-04 02:06:33,57661.7,22384.3
2022-06-04 02:06:34,57063.7,22982.3
2022-06-04 02:06:35,56654.2,23391.8
2022-06-04 02:06:36,57104.3,22941.6
2022-06-04 02:06:37,56287.2,23758.8
2022-06-04 02:06:38,55982.4,24063.5
2022-06-04 02:06:39,56558.6,23487.3
2022-06-04 02:06:40,56716.9,23329
2022-06-04 02:06:41,56509.2,23536.8
2022-06-04 02:06:42,56705.8,23340.1
2022-06-04 02:06:43,56904.9,23141.1
2022-06-04 02:06:44,58711.5,21334.3
2022-06-04 02:06:45,58670.3,21375.6
2022-06-04 02:06:46,57615.3,22430.6
2022-06-04 02:06:47,56524.1,23521.9
2022-06-04 02:06:48,56384.6,23661.3
2022-06-04 02:06:49,56267.1,23778.9
2022-06-04 02:06:50,55957.9,24088
2022-06-04 02:06:51,56235.3,23810.6
2022-06-04 02:06:52,56757.6,23288.4
2022-06-04 02:06:53,57615.1,22430.9
2022-06-04 02:06:54,57726.7,22319.2
2022-06-04 02:06:55,57529,22516.9
2022-06-04 02:06:56,57098.3,22947.6
2022-06-04 02:06:57,57065.1,22980.9
2022-06-04 02:06:58,57019.2,23026.8
2022-06-04 02:06:59,57852.8,22193.1
2022-06-04 02:07:00,57094.4,22951.5
2022-06-04 02:07:01,56263.7,23782.2
2022-06-04 02:07:02,56437.9,23608
2022-06-04 02:07:03,56780.3,23265.6
2022-06-04 02:07:04,57027,23018.8
2022-06-04 02:07:05,56954.1,23092
2022-06-04 02:07:06,56755.9,23290
2022-06-04 02:07:07,56670.4,23375.4
2022-06-04 02:07:08,57398.6,22647.2
2022-06-04 02:07:09,56951.8,23094.1
2022-06-04 02:07:10,56745.6,23300.4
2022-06-04 02:07:11,56195,23851
2022-06-04 02:07:12,55228,24818
2022-06-04 02:07:13,56787.7,23258.4
2022-06-04 02:07:14,57688.9,22357.1
2022-06-04 02:07:15,57074.4,22971.5
2022-06-04 02:07:16,57552.7,22493.2
2022-06-04 02:07:17,56965.1,23080.8
2022-06-04 02:07:18,56517.8,23528.1
2022-06-04 02:07:19,56733.9,23312
2022-06-04 02:07:20,56535.3,23510.6
2022-06-04 02:07:21,56472.5,23573.5
2022-06-04 02:07:22,57561.2,22484.8
2022-06-04 02:07:23,57240.8,22805.1
2022-06-04 02:07:24,56316.2,23729.8
2022-06-04 02:07:25,56592.7,23453.4
2022-06-04 02:07:26,56229.5,23816.5
2022-06-04 02:07:27,57236.5,22809.5
2022-06-04 02:07:28,57894.7,22151.3
2022-06-04 02:07:29,58366.2,21679.8
2022-06-04 02:07:30,57044.5,23001.5
2022-06-04 02:07:31,56102.6,23943.4
2022-06-04 02:07:32,55855.5,24190.4
2022-06-04 02:07:33,55562.5,24483.5
2022-06-04 02:07:34,55818.6,24227.4
2022-06-04 02:07:35,56206.8,23839.1
2022-06-04 02:07:36,57816.3,22229.6
2022-06-04 02:07:37,57556.6,22489.3
2022-06-04 02:07:38,57620.7,22425.2
2022-06-04 02:07:39,57891.6,22154.3
2022-06-04 02:07:40,56898.7,23147.2
2022-06-04 02:07:41,56249.6,23796.4
2022-06-04 02:07:42,56874,23171.9
2022-06-04 02:07:43,56918.6,23127.3
2022-06-04 02:07:44,57301.1,22744.9
2022-06-04 02:07:45,57119.6,22926.2
2022-06-04 02:07:46,56591.6,23454.2
2022-06-04 02:07:47,56007.5,24038.3
2022-06-04 02:07:48,55992.8,24053.2
2022-06-04 02:07:49,55911.2,24134.7
2022-06-04 02:07:50,57088.2,22957.7
2022-06-04 02:07:51,58814.2,21231.8
2022-06-04 02:07:52,58105.3,21940.6
2022-06-04 02:07:53,57306.9,22739
2022-06-04 02:07:54,57017.3,23028.7
2022-06-04 02:07:55,56529.5,23516.4
2022-06-04 02:07:56,57286.4,22759.5
2022-06-04 02:07:57,56955.3,23090.7
2022-06-04 02:07:58,56773.4,23272.6
2022-06-04 02:07:59,56586.6,23459.3
2022-06-04 02:08:00,56454.1,23591.8
2022-06-04 02:08:01,57064.1,22981.9
2022-06-04 02:08:02,56444.3,23601.6
2022-06-04 02:08:03,56120,23925.9
2022-06-04 02:08:04,56784.4,23261.5
2022-06-04 02:08:05,56908.3,23137.5
2022-06-04 02:08:06,57363.8,22682.1
2022-06-04 02:08:07,57187.9,22858
2022-06-04 02:08:08,56508.6,23537.4
2022-06-04 02:08:09,57612.4,22433.5
2022-06-04 02:08:10,57466.4,22579.5
2022-06-04 02:08:11,57361.3,22684.5
2022-06-04 02:08:12,57347.2,22698.8
2022-06-04 02:08:13,56341.4,23704.6
2022-06-04 02:08:14,56760.3,23285.5
2022-06-04 02:08:15,56432.7,23613.3
2022-06-04 02:08:16,56565.2,23480.7
2022-06-04 02:08:17,55595.5,24450.4
2022-06-04 02:08:18,55788.8,24257.2
2022-06-04 02:08:19,57116.5,22929.4
2022-06-04 02:08:20,57322.4,22723.5
2022-06-04 02:08:21,57993.1,22052.8
2022-06-04 02:08:22,59092.8,20953
2022-06-04 02:08:23,58853.3,21192.6
2022-06-04 02:08:24,57973.2,22072.8
2022-06-04 02:08:25,57414.5,22631.4
2022-06-04 02:08:26,56877.8,23168.2
2022-06-04 02:08:27,56658.7,23387.2
2022-06-04 02:08:28,56191.6,23854.4
2022-06-04 02:08:29,55970.7,24075.1
2022-06-04 02:08:30,55478.7,24567.2
2022-06-04 02:08:31,55178,24867.9
2022-06-04 02:08:32,55970.2,24075.8
2022-06-04 02:08:33,56384.7,23661.3
2022-06-04 02:08:34,58108.6,21937.4
2022-06-04 02:08:35,58207,21838.9
2022-06-04 02:08:36,58202.4,21843.5
2022-06-04 02:08:37,58327.1,21718.8
2022-06-04 02:08:38,58050.1,21995.9
2022-06-04 02:08:39,57284.5,22761.3
2022-06-04 02:08:40,57176.1,22869.9
2022-06-04 02:08:41,56470,23576
2022-06-04 02:08:42,55590.3,24455.7
2022-06-04 02:08:43,55557.6,24488.3
2022-06-04 02:08:44,55600.9,24445.1
2022-06-04 02:08:45,56649.7,23396.2
2022-06-04 02:08:46,56481.4,23564.6
2022-06-04 02:08:47,56463.2,23582.8
2022-06-04 02:08:48,56368.9,23677.1
2022-06-04 02:08:49,57303.7,22742.2
2022-06-04 02:08:50,57604.6,22441.3
2022-06-04 02:08:51,57589.6,22456.3
2022-06-04 02:08:52,57975.9,22070.1
2022-06-04 02:08:53,57380.8,22665.1
2022-06-04 02:08:54,56921.4,23124.5
2022-06-04 02:08:55,57686.7,22359.2
2022-06-04 02:08:56,56862,23184
2022-06-04 02:08:57,56646.1,23399.9
2022-06-04 02:08:58,56006.9,24039
2022-06-04 02:08:59,55233,24813
2022-06-04 02:09:00,55734.4,24311.6
2022-06-04 02:09:01,57266,22779.9
2022-06-04 02:09:02,56581.4,23464.6
2022-06-04 02:09:03,56658,23387.9
2022-06-04 02:09:04,57600.8,22445.1
2022-06-04 02:09:05,57600.9,22445
2022-06-04 02:09:06,59001.4,21044.5
2022-06-04 02:09:07,58716,21330
2022-06-04 02:09:08,57793.9,22252
2022-06-04 02:09:09,57213.8,22832.3
2022-06-04 02:09:10,56983.5,23062.5
2022-06-04 02:09:11,56094.2,23951.8
2022-06-04 02:09:12,56558.1,23487.8
2022-06-04 02:09:13,55782.5,24263.4
2022-06-04 02:09:14,55067.8,24978.1
2022-06-04 02:09:15,55163.4,24882.5
2022-06-04 02:09:16,55939.5,24106.3
2022-06-04 02:09:17,56403.1,23642.9
2022-06-04 02:09:18,58393.3,21652.7
2022-06-04 02:09:19,58882.3,21163.6
2022-06-04 02:09:20,58346.4,21699.6
2022-06-04 02:09:21,58228.8,21817.1
2022-06-04 02:09:22,57752.2,22293.7
2022-06-04 02:09:23,58024.5,22021.4
2022-06-04 02:09:24,57608.6,22437.2
2022-06-04 02:09:25,57074.6,22971.4
2022-06-04 02:09:26,56190.8,23855.2
2022-06-04 02:09:27,55322,24723.9
2022-06-04 02:09:28,55154.8,24891
2022-06-04 02:09:29,55066.6,24979.3
2022-06-04 02:09:30,55722.1,24323.8
2022-06-04 02:09:31,56355.1,23690.9
2022-06-04 02:09:32,56635.8,23410.1
2022-06-04 02:09:33,57908.3,22137.8
2022-06-04 02:09:34,58447.6,21598.3
2022-06-04 02:09:35,58304.5,21741.4
2022-06-04 02:09:36,58291.8,21754.2
2022-06-04 02:09:37,58155.8,21890.1
2022-06-04 02:09:38,57377.3,22668.6
2022-06-04 02:09:39,56975.9,23070.1
2022-06-04 02:09:40,56881.1,23164.9
2022-06-04 02:09:41,56480.4,23565.7
2022-06-04 02:09:42,56003.6,24042.4
2022-06-04 02:09:43,55654.8,24391.2
2022-06-04 02:09:44,55561.5,24484.4
2022-06-04 02:09:45,55295.8,24750.1
2022-06-04 02:09:46,54998.1,25047.9
2022-06-04 02:09:47,56790.2,23255.7
2022-06-04 02:09:48,58305.6,21740.3
2022-06-04 02:09:49,59427,20619
2022-06-04 02:09:50,59075.3,20970.6
2022-06-04 02:09:51,58056.1,21989.9
2022-06-04 02:09:52,57906.4,22139.6
2022-06-04 02:09:53,57733.2,22312.8
2022-06-04 02:09:54,57004.6,23041.4
2022-06-04 02:09:55,56892.5,23153.4
2022-06-04 02:09:56,56577.6,23468.3
2022-06-04 02:09:57,55861.3,24184.7
2022-06-04 02:09:58,55141.1,24904.8
2022-06-04 02:09:59,55081.3,24964.5
2022-06-04 02:10:00,54944.4,25101.6
2022-06-04 02:10:01,56216.2,23829.7
2022-06-04 02:10:02,57766.6,22279.2
2022-06-04 02:10:03,58780.4,21265.5
2022-06-04 02:10:04,59214.9,20831.1
2022-06-04 02:10:05,58953.8,21092
2022-06-04 02:10:06,58078.5,21967.3
2022-06-04 02:10:07,57389,22657
2022-06-04 02:10:08,56700.5,23345.3
2022-06-04 02:10:09,56288.3,23757.6
2022-06-04 02:10:10,55592.5,24453.5
2022-06-04 02:10:11,54904.4,25141.5
2022-06-04 02:10:12,55121.1,24924.9
2022-06-04 02:10:13,55337.4,24708.5
2022-06-04 02:10:14,56830.1,23215.9
2022-06-04 02:10:15,57591.2,22454.6
2022-06-04 02:10:16,57087.6,22958.3
2022-06-04 02:10:17,58249.1,21796.9
2022-06-04 02:10:18,58621.3,21424.5
2022-06-04 02:10:19,58498.6,21547.3
2022-06-04 02:10:20,58311,21735
2022-06-04 02:10:21,57713.4,22332.5
2022-06-04 02:10:22,56788.1,23257.9
2022-06-04 02:10:23,55764.3,24281.6
2022-06-04 02:10:24,55308.9,24737
2022-06-04 02:10:25,55265.6,24780.3
2022-06-04 02:10:26,55775.1,24270.7
2022-06-04 02:10:27,56689.2,23356.6
2022-06-04 02:10:28,57699.8,22346.2
2022-06-04 02:10:29,56867.8,23178.1
2022-06-04 02:10:30,56284.1,23762
2022-06-04 02:10:31,56607,23439
2022-06-04 02:10:32,57571.6,22474.3
2022-06-04 02:10:33,58578.5,21467.5
2022-06-04 02:10:34,57955.8,22090.1
2022-06-04 02:10:35,57861.3,22184.6
2022-06-04 02:10:36,56974.8,23071.1
2022-06-04 02:10:37,56705.8,23340.2
2022-06-04 02:10:38,56108.5,23937.4
2022-06-04 02:10:39,56039.3,24006.8
2022-06-04 02:10:40,55892.1,24153.8
2022-06-04 02:10:41,55623.4,24422.6
2022-06-04 02:10:42,55817.4,24228.6
2022-06-04 02:10:43,57034.3,23011.5
2022-06-04 02:10:44,56569.1,23477
2022-06-04 02:10:45,56867.2,23178.7
2022-06-04 02:10:46,58042.7,22003.2
2022-06-04 02:10:47,58128.3,21917.5
2022-06-04 02:10:48,57451.1,22594.9
2022-06-04 02:10:49,57531.8,22514.2
2022-06-04 02:10:50,57498.3,22547.8
2022-06-04 02:10:51,56608.1,23437.8
2022-06-04 02:10:52,57056.2,22989.8
2022-06-04 02:10:53,56534.8,23511
2022-06-04 02:10:54,56802.3,23243.6
2022-06-04 02:10:55,56016,24029.9
2022-06-04 02:10:56,56110.3,23935.6
2022-06-04 02:10:57,56302.4,23743.5
2022-06-04 02:10:58,56994,23052
2022-06-04 02:10:59,57351,22695
2022-06-04 02:11:00,57724.2,22321.8
2022-06-04 02:11:01,57333.9,22711.9
2022-06-04 02:11:02,57067.3,22978.5
2022-06-04 02:11:03,56606.3,23439.6
2022-06-04 02:11:04,56878.6,23167.3
2022-06-04 02:11:05,57748.8,22297.1
2022-06-04 02:11:06,57536.1,22509.8
2022-06-04 02:11:07,56898.7,23147.2
2022-06-04 02:11:08,57004.5,23041.5
2022-06-04 02:11:09,55896.9,24149.1
2022-06-04 02:11:10,56252.7,23793.2
2022-06-04 02:11:11,57718.4,22327.5
2022-06-04 02:11:12,56960.5,23085.4
2022-06-04 02:11:13,56199.9,23846
2022-06-04 02:11:14,56274,23771.9
2022-06-04 02:11:15,55955.7,24090.1
2022-06-04 02:11:16,56765.4,23280.6
2022-06-04 02:11:17,57228.3,22817.7
2022-06-04 02:11:18,57210.8,22835.2
2022-06-04 02:11:19,57939.3,22106.6
2022-06-04 02:11:20,57352.7,22693.3
2022-06-04 02:11:21,58021.7,22024.2
2022-06-04 02:11:22,57561.7,22484.3
2022-06-04 02:11:23,56893.5,23152.4
2022-06-04 02:11:24,56312.3,23733.6
2022-06-04 02:11:25,56639.1,23406.8
2022-06-04 02:11:26,56560.5,23485.6
2022-06-04 02:11:27,55578.2,24467.8
2022-06-04 02:11:28,55892.3,24153.6
2022-06-04 02:11:29,55477.8,24568.1
2022-06-04 02:11:30,56367.5,23678.5
2022-06-04 02:11:31,57182.5,22863.5
2022-06-04 02:11:32,57904.1,22141.8
2022-06-04 02:11:33,57460.6,22585.4
2022-06-04 02:11:34,57420.7,22625.2
2022-06-04 02:11:35,57556.5,22489.5
2022-06-04 02:11:36,57248.8,22797.1
2022-06-04 02:11:37,56930.1,23115.9
2022-06-04 02:11:38,56857,23188.9
2022-06-04 02:11:39,56982.9,23063
2022-06-04 02:11:40,57119.2,22926.7
2022-06-04 02:11:41,56114.6,23931.2
2022-06-04 02:11:42,56132.3,23913.5
2022-06-04 02:11:43,56727.1,23318.8
2022-06-04 02:11:44,57105.2,22940.7
2022-06-04 02:11:45,57197,22849
2022-06-04 02:11:46,56781.7,23264.2
2022-06-04 02:11:47,56884,23161.9
2022-06-04 02:11:48,56708.8,23337.3
2022-06-04 02:11:49,57243.7,22802.2
2022-06-04 02:11:50,57115.5,22930.4
2022-06-04 02:11:51,57476.9,22569.1
2022-06-04 02:11:52,56285,23760.9
2022-06-04 02:11:53,57123.3,22922.7
2022-06-04 02:11:54,57414.3,22631.5
2022-06-04 02:11:55,57307.7,22738.2
2022-06-04 02:11:56,57025.8,23020.1
2022-06-04 02:11:57,56937.6,23108.3
2022-06-04 02:11:58,56804.2,23241.8
2022-06-04 02:11:59,56579.5,23466.4
2022-06-04 02:12:00,56534.3,23511.6
2022-06-04 02:12:01,56853.3,23192.5
2022-06-04 02:12:02,56839.1,23206.8
2022-06-04 02:12:03,56167.3,23878.6
2022-06-04 02:12:04,56723,23322.9
2022-06-04 02:12:05,57763.7,22282.3
2022-06-04 02:12:06,57101.1,22944.9
2022-06-04 02:12:07,56847,23198.9
2022-06-04 02:12:08,57405.7,22640.3
2022-06-04 02:12:09,57350.1,22695.9
2022-06-04 02:12:10,57009.9,23036.1
2022-06-04 02:12:11,56751.3,23294.6
2022-06-04 02:12:12,56983.7,23062.2
2022-06-04 02:12:13,56942.8,23103.2
2022-06-04 02:12:14,56678,23368
2022-06-04 02:12:15,56251.2,23794.8
2022-06-04 02:12:16,56099.1,23946.8
2022-06-04 02:12:17,56501.6,23544.2
2022-06-04 02:12:18,56479.2,23566.8
2022-06-04 02:12:19,57385.4,22660.5
2022-06-04 02:12:20,57339.4,22706.4
2022-06-04 02:12:21,57502.5,22543.3
2022-06-04 02:12:22,57635.2,22410.8
2022-06-04 02:12:23,57854,22191.9
2022-06-04 02:12:24,57187.4,22858.6
2022-06-04 02:12:25,57351.9,22694.1
2022-06-04 02:12:26,56738.7,23307.3
2022-06-04 02:12:27,56960.8,23085.2
2022-06-04 02:12:28,56370.3,23675.7
2022-06-04 02:12:29,55692.6,24353.3
2022-06-04 02:12:30,56285.9,23760
2022-06-04 02:12:31,55810.6,24235.2
2022-06-04 02:12:32,56404.3,23641.7
2022-06-04 02:12:33,57168.4,22877.5
2022-06-04 02:12:34,57067.1,22978.7
2022-06-04 02:12:35,58682.4,21363.4
2022-06-04 02:12:36,57930.6,22115.3
2022-06-04 02:12:37,58363.4,21682.4
2022-06-04 02:12:38,58015.3,22030.6
2022-06-04 02:12:39,57180.9,22865.1
2022-06-04 02:12:40,56524.9,23520.9
2022-06-04 02:12:41,55985,24060.9
2022-06-04 02:12:42,56319.7,23726.2
2022-06-04 02:12:43,55817.5,24228.5
2022-06-04 02:12:44,55857.9,24188.1
2022-06-04 02:12:45,55951.6,24094.4
2022-06-04 02:12:46,56156,23889.8
2022-06-04 02:12:47,56402.3,23643.6
2022-06-04 02:12:48,57727.1,22318.7
2022-06-04 02:12:49,58157.2,21888.7
2022-06-04 02:12:50,58322,21723.9
2022-06-04 02:12:51,57987.5,22058.4
2022-06-04 02:12:52,57506.8,22539.1
2022-06-04 02:12:53,56279.3,23766.6
2022-06-04 02:12:54,56237.7,23808.2
2022-06-04 02:12:55,55541.9,24504
2022-06-04 02:12:56,55561,24484.8
2022-06-04 02:12:57,56631.7,23414.3
2022-06-04 02:12:58,55720,24326
2022-06-04 02:12:59,56763.9,23282
2022-06-04 02:13:00,56470.4,23575.5
2022-06-04 02:13:01,56249,23796.9
2022-06-04 02:13:02,56155.6,23890.3
2022-06-04 02:13:03,57709.6,22336.3
2022-06-04 02:13:04,57618.5,22427.4
2022-06-04 02:13:05,58403.8,21642.1
2022-06-04 02:13:06,57784.6,22261.3
2022-06-04 02:13:07,57219.6,22826.4
2022-06-04 02:13:08,57697.7,22348.3
2022-06-04 02:13:09,57496.9,22548.9
2022-06-04 02:13:10,57136.1,22909.8
2022-06-04 02:13:11,56761.3,23284.6
2022-06-04 02:13:12,55796.1,24249.8
2022-06-04 02:13:13,56202,23843.9
2022-06-04 02:13:14,55906.1,24139.8
2022-06-04 02:13:15,55976.4,24069.4
2022-06-04 02:13:16,55705.7,24340.3
2022-06-04 02:13:17,57005.2,23040.7
2022-06-04 02:13:18,58032.1,22013.8
2022-06-04 02:13:19,58207.4,21838.6
2022-06-04 02:13:20,59100,20945.9
2022-06-04 02:13:21,58841.8,21204.1
2022-06-04 02:13:22,58251,21795
2022-06-04 02:13:23,57374.4,22671.6
2022-06-04 02:13:24,56274.3,23771.6
2022-06-04 02:13:25,55973.2,24072.7
2022-06-04 02:13:26,55366.1,24679.8
2022-06-04 02:13:27,54930.5,25115.5
2022-06-04 02:13:28,55335.1,24710.8
2022-06-04 02:13:29,55222.7,24823.3
2022-06-04 02:13:30,56715,23330.9
2022-06-04 02:13:31,57857.3,22188.7
2022-06-04 02:13:32,58592.4,21453.6
2022-06-04 02:13:33,58743.2,21302.6
2022-06-04 02:13:34,58147.2,21898.6
2022-06-04 02:13:35,57778,22268
2022-06-04 02:13:36,57720.8,22325.1
2022-06-04 02:13:37,56810.7,23235.3
2022-06-04 02:13:38,56296.2,23749.7
2022-06-04 02:13:39,55809,24236.9
2022-06-04 02:13:40,55298.7,24747.3
2022-06-04 02:13:41,55238.6,24807.2
2022-06-04 02:13:42,56190,23856
2022-06-04 02:13:43,57534.3,22511.6
2022-06-04 02:13:44,57542.8,22503.1
2022-06-04 02:13:45,57349.9,22696
2022-06-04 02:13:46,57863.1,22182.7
2022-06-04 02:13:47,57491.3,22554.5
2022-06-04 02:13:48,57066,22980
2022-06-04 02:13:49,56932.2,23113.8
2022-06-04 02:13:50,56820.2,23225.8
2022-06-04 02:13:51,56952.3,23093.8
2022-06-04 02:13:52,56685.3,23360.7
2022-06-04 02:13:53,56821,23224.9
2022-06-04 02:13:54,57343.2,22702.7
2022-06-04 02:13:55,56951.3,23094.5
2022-06-04 02:13:56,56481.1,23564.9
2022-06-04 02:13:57,56676.7,23369.3
2022-06-04 02:13:58,56714.5,23331.4
2022-06-04 02:13:59,56270.2,23775.8
2022-06-04 02:14:00,56402.8,23643.2
2022-06-04 02:14:01,55998.9,24047.1
2022-06-04 02:14:02,55920.5,24125.4
2022-06-04 02:14:03,56993.4,23052.5
2022-06-04 02:14:04,58467,21579
2022-06-04 02:14:05,57879.1,22166.8
2022-06-04 02:14:06,57576.1,22469.9
2022-06-04 02:14:07,57472.6,22573.4
2022-06-04 02:14:08,57013.1,23032.8
2022-06-04 02:14:09,56830.6,23215.5
2022-06-04 02:14:10,55892.8,24153.1
2022-06-04 02:14:11,56431.6,23614.2
2022-06-04 02:14:12,56316.6,23729.3
2022-06-04 02:14:13,56270.5,23775.3
2022-06-04 02:14:14,56545.4,23500.7
2022-06-04 02:14:15,56383.7,23662.3
2022-06-04 02:14:16,56791.5,23254.4
2022-06-04 02:14:17,56644.2,23401.8
2022-06-04 02:14:18,57531.6,22514.4
2022-06-04 02:14:19,58006.7,22039.2
2022-06-04 02:14:20,58021.1,22024.7
2022-06-04 02:14:21,57352.3,22693.6
2022-06-04 02:14:22,56777.9,23268
2022-06-04 02:14:23,56173.5,23872.6
2022-06-04 02:14:24,55928.9,24117
2022-06-04 02:14:25,56177.6,23868.4
2022-06-04 02:14:26,56369.3,23676.6
2022-06-04 02:14:27,57069.6,22976.3
2022-06-04 02:14:28,56922.1,23123.8
2022-06-04 02:14:29,57219.4,22826.5
2022-06-04 02:14:30,57050.1,22995.8
2022-06-04 02:14:31,56616.6,23429.4
2022-06-04 02:14:32,56579.4,23466.4
2022-06-04 02:14:33,57788.8,22257.2
2022-06-04 02:14:34,57634.5,22411.3
2022-06-04 02:14:35,57261.9,22784.1
2022-06-04 02:14:36,57061.8,22984.1
2022-06-04 02:14:37,56363.2,23682.8
2022-06-04 02:14:38,56672.7,23373.1
2022-06-04 02:14:39,55918.2,24127.8
2022-06-04 02:14:40,55894.7,24151.2
2022-06-04 02:14:41,56451.6,23594.3
2022-06-04 02:14:42,57622.8,22423.1
2022-06-04 02:14:43,57360.4,22685.6
2022-06-04 02:14:44,56989.2,23056.8
2022-06-04 02:14:45,56271.3,23774.6
2022-06-04 02:14:46,55583.9,24462
2022-06-04 02:14:47,57130.5,22915.4
2022-06-04 02:14:48,57440.8,22605.1
2022-06-04 02:14:49,58433.5,21612.4
2022-06-04 02:14:50,57329.9,22716
2022-06-04 02:14:51,56994.4,23051.6
2022-06-04 02:14:52,56171.4,23874.5
2022-06-04 02:14:53,55328.9,24717
2022-06-04 02:14:54,55862.5,24183.4
2022-06-04 02:14:55,56708.5,23337.4
2022-06-04 02:14:56,57282.7,22763.2
2022-06-04 02:14:57,57926.2,22119.7
2022-06-04 02:14:58,57623.1,22422.9
2022-06-04 02:14:59,57107.6,22938.3
2022-06-04 02:15:00,57522.2,22523.7
2022-06-04 02:15:01,56700.8,23345.1
2022-06-04 02:15:02,57106.4,22939.6
2022-06-04 02:15:03,56695.6,23350.3
2022-06-04 02:15:04,56360.5,23685.5
2022-06-04 02:15:05,56598.3,23447.5
2022-06-04 02:15:06,56334.9,23711.1
2022-06-04 02:15:07,56377.7,23668.3
2022-06-04 02:15:08,56503.9,23542.1
2022-06-04 02:15:09,56164.5,23881.4
2022-06-04 02:15:10,58380.7,21665.2
2022-06-04 02:15:11,58466.1,21579.8
2022-06-04 02:15:12,58628.9,21417
2022-06-04 02:15:13,57452.1,22593.9
2022-06-04 02:15:14,56572.6,23473.3
2022-06-04 02:15:15,55661.9,24384.1
2022-06-04 02:15:16,54952.6,25093.3
2022-06-04 02:15:17,55638.6,24407.4
2022-06-04 02:15:18,55625.2,24420.8
2022-06-04 02:15:19,55967,24078.9
2022-06-04 02:15:20,57158,22887.9
2022-06-04 02:15:21,56659.7,23386.2
2022-06-04 02:15:22,56822.1,23223.8
2022-06-04 02:15:23,57874.6,22171.4
2022-06-04 02:15:24,58511.6,21534.5
2022-06-04 02:15:25,58175,21871
2022-06-04 02:15:26,57878.4,22167.6
2022-06-04 02:15:27,56701.1,23344.9
2022-06-04 02:15:28,55811.3,24234.7
2022-06-04 02:15:29,55019.8,25026.1
2022-06-04 02:15:30,55547.6,24498.3
2022-06-04 02:15:31,55923.1,24122.9
2022-06-04 02:15:32,57652.8,22393.2
2022-06-04 02:15:33,57606,22440
2022-06-04 02:15:34,58181.8,21864.1
2022-06-04 02:15:35,58231.4,21814.6
2022-06-04 02:15:36,57250.3,22795.5
2022-06-04 02:15:37,56813.6,23232.3
2022-06-04 02:15:38,57169.4,22876.6
2022-06-04 02:15:39,57211.8,22834.1
2022-06-04 02:15:40,56436.6,23609.3
2022-06-04 02:15:41,56277.8,23768.1
2022-06-04 02:15:42,55918.3,24127.7
2022-06-04 02:15:43,56509.5,23536.4
2022-06-04 02:15:44,56784.3,23261.6
2022-06-04 02:15:45,56901.1,23144.9
2022-06-04 02:15:46,57718.7,22327.2
2022-06-04 02:15:47,56950.5,23095.5
2022-06-04 02:15:48,57198.3,22847.7
2022-06-04 02:15:49,57167.6,22878.2
2022-06-04 02:15:50,56468.4,23577.5
2022-06-04 02:15:51,55704.1,24341.8
2022-06-04 02:15:52,56531.5,23514.3
2022-06-04 02:15:53,57041.5,23004.6
2022-06-04 02:15:54,56706.2,23339.7
2022-06-04 02:15:55,56664.1,23381.8
2022-06-04 02:15:56,57075.4,22970.6
2022-06-04 02:15:57,57850.5,22195.4
2022-06-04 02:15:58,56933.7,23112.2
2022-06-04 02:15:59,57517.9,22528
2022-06-04 02:16:00,56608.4,23437.6
2022-06-04 02:16:01,56250.7,23795.3
2022-06-04 02:16:02,56115.4,23930.6
2022-06-04 02:16:03,56091.8,23954.1
2022-06-04 02:16:04,55700.3,24345.6
2022-06-04 02:16:05,56212.7,23833.2
2022-06-04 02:16:06,56345.8,23700.3
2022-06-04 02:16:07,57268.7,22777.1
2022-06-04 02:16:08,57602,22443.9
2022-06-04 02:16:09,57967.9,22078
2022-06-04 02:16:10,57474.5,22571.5
2022-06-04 02:16:11,57761.8,22284
2022-06-04 02:16:12,57077.5,22968.5
2022-06-04 02:16:13,57453.2,22592.8
2022-06-04 02:16:14,56492.7,23553.2
2022-06-04 02:16:15,55987.2,24058.8
2022-06-04 02:16:16,55878.7,24167.2
2022-06-04 02:16:17,55764.7,24281.2
2022-06-04 02:16:18,55372.6,24673.3
2022-06-04 02:16:19,55376.5,24669.3
2022-06-04 02:16:20,57135.3,22910.6
2022-06-04 02:16:21,57773.7,22272.4
2022-06-04 02:16:22,57826,22220
2022-06-04 02:16:23,57413.5,22632.5
2022-06-04 02:16:24,57994,22051.9
2022-06-04 02:16:25,57481.1,22564.8
2022-06-04 02:16:26,57245,22800.8
2022-06-04 02:16:27,56924.5,23121.5
2022-06-04 02:16:28,56794.7,23251.3
2022-06-04 02:16:29,56359.2,23686.7
2022-06-04 02:16:30,55579.5,24466.3
2022-06-04 02:16:31,55505.2,24540.7
2022-06-04 02:16:32,55079.8,24966.2
2022-06-04 02:16:33,55145.4,24900.4
2022-06-04 02:16:34,56913.3,23132.6
2022-06-04 02:16:35,58031,22015.1
2022-06-04 02:16:36,58167.1,21878.8
2022-06-04 02:16:37,57772,22274
2022-06-04 02:16:38,57315.9,22730
2022-06-04 02:16:39,57207,22838.9
2022-06-04 02:16:40,57785.6,22260.3
2022-06-04 02:16:41,57496,22549.9
2022-06-04 02:16:42,57371.9,22674
2022-06-04 02:16:43,56021.3,24024.7
2022-06-04 02:16:44,54907.6,25138.3
2022-06-04 02:16:45,53388,26657.9
2022-06-04 02:16:46,52837.3,27208.5
2022-06-04 02:16:47,52513.2,27532.9
2022-06-04 02:16:48,54784.9,25261.1
2022-06-04 02:16:49,60731,19314.9
2022-06-04 02:16:50,59950.8,20095
2022-06-04 02:16:51,58667.6,21378.3
2022-06-04 02:16:52,57717.4,22328.6
2022-06-04 02:16:53,57396.9,22648.9
2022-06-04 02:16:54,57020.2,23025.7
2022-06-04 02:16:55,56768.5,23277.5
2022-06-04 02:16:56,55788.2,24257.7
2022-06-04 02:16:57,56229.4,23816.5
2022-06-04 02:16:58,54654.8,25391.1
2022-06-04 02:16:59,53561,26485
2022-06-04 02:17:00,53751.1,26294.9
2022-06-04 02:17:01,55734.6,24311.3
2022-06-04 02:17:02,56402.1,23643.8
2022-06-04 02:17:03,58602.2,21443.7
2022-06-04 02:17:04,59852.5,20193.4
2022-06-04 02:17:05,59252.4,20793.5
2022-06-04 02:17:06,58423.8,21622.2
2022-06-04 02:17:07,57270.6,22775.4
2022-06-04 02:17:08,56434.7,23611.2
2022-06-04 02:17:09,56080.5,23965.4
2022-06-04 02:17:10,55580.3,24465.6
2022-06-04 02:17:11,55306.3,24739.6
2022-06-04 02:17:12,55583.4,24462.5
2022-06-04 02:17:13,55330.4,24715.5
2022-06-04 02:17:14,57236,22810
2022-06-04 02:17:15,56078.7,23967.3
2022-06-04 02:17:16,56125.6,23920.3
2022-06-04 02:17:17,57386.1,22659.8
2022-06-04 02:17:18,57597.2,22448.7
2022-06-04 02:17:19,58050.8,21995.1
2022-06-04 02:17:20,57799.7,22246.3
2022-06-04 02:17:21,56881.3,23164.7
2022-06-04 02:17:22,55824.2,24221.8
2022-06-04 02:17:23,56329.9,23716.1
2022-06-04 02:17:24,56565.6,23480.3
2022-06-04 02:17:25,56543.2,23502.8
2022-06-04 02:17:26,57514,22532
2022-06-04 02:17:27,57549.9,22496
2022-06-04 02:17:28,56561,23485
2022-06-04 02:17:29,55806.9,24239.1
2022-06-04 02:17:30,55498.8,24547
2022-06-04 02:17:31,55872.3,24173.7
2022-06-04 02:17:32,57022.4,23023.4
2022-06-04 02:17:33,57131.9,22914
2022-06-04 02:17:34,57666.9,22379
2022-06-04 02:17:35,57431.1,22614.9
2022-06-04 02:17:36,57505.1,22540.9
2022-06-04 02:17:37,57680.1,22365.8
2022-06-04 02:17:38,56828.8,23217.2
2022-06-04 02:17:39,57069.6,22976.3
2022-06-04 02:17:40,57828.3,22217.6
2022-06-04 02:17:41,56744,23301.9
2022-06-04 02:17:42,55992.8,24053.1
2022-06-04 02:17:43,55697.3,24348.8
2022-06-04 02:17:44,55095,24950.9
2022-06-04 02:17:45,55456.3,24589.6
2022-06-04 02:17:46,57199,22846.9
2022-06-04 02:17:47,57101.9,22944
2022-06-04 02:17:48,57091.8,22954.2
2022-06-04 02:17:49,56738.1,23307.8
2022-06-04 02:17:50,56692.5,23353.5
2022-06-04 02:17:51,57285.3,22760.7
2022-06-04 02:17:52,57656.9,22389.1
2022-06-04 02:17:53,57005.4,23040.5
2022-06-04 02:17:54,57143.9,22902.1
2022-06-04 02:17:55,56282.3,23763.8
2022-06-04 02:17:56,55819.9,24226
2022-06-04 02:17:57,56178.5,23867.5
2022-06-04 02:17:58,56637.3,23408.6
2022-06-04 02:17:59,56449.6,23596.3
2022-06-04 02:18:00,57013.2,23032.6
2022-06-04 02:18:01,56657.5,23388.4
2022-06-04 02:18:02,56086.2,23959.7
2022-06-04 02:18:03,57081.2,22964.6
2022-06-04 02:18:04,56992.7,23053.2
2022-06-04 02:18:05,57742.2,22303.8
2022-06-04 02:18:06,56827.2,23218.7
2022-06-04 02:18:07,56824.8,23221.1
2022-06-04 02:18:08,57866.9,22179
2022-06-04 02:18:09,56753.5,23292.3
2022-06-04 02:18:10,57393.6,22652.3
2022-06-04 02:18:11,57039.2,23006.8
2022-06-04 02:18:12,56372.5,23673.4
2022-06-04 02:18:13,55920.5,24125.4
2022-06-04 02:18:14,56172.5,23873.4
2022-06-04 02:18:15,55671.8,24374.2
2022-06-04 02:18:16,56155.2,23890.7
2022-06-04 02:18:17,56755.3,23290.6
2022-06-04 02:18:18,57658.8,22387
2022-06-04 02:18:19,57957.1,22088.8
2022-06-04 02:18:20,57490.4,22555.6
2022-06-04 02:18:21,57342,22704
2022-06-04 02:18:22,57196.2,22849.7
2022-06-04 02:18:23,56551.6,23494.3
2022-06-04 02:18:24,56321.6,23724.2
2022-06-04 02:18:25,56710.6,23335.3
2022-06-04 02:18:26,56246.1,23799.9
2022-06-04 02:18:27,55019.6,25026.5
2022-06-04 02:18:28,56122.3,23923.7
2022-06-04 02:18:29,56364.8,23681.1
2022-06-04 02:18:30,57903.8,22142
2022-06-04 02:18:31,57866.3,22179.5
2022-06-04 02:18:32,57969.6,22076.3
2022-06-04 02:18:33,57943.6,22102.4
2022-06-04 02:18:34,57321.8,22724
2022-06-04 02:18:35,57470.5,22575.5
2022-06-04 02:18:36,56518.7,23527.3
2022-06-04 02:18:37,56296,23750
2022-06-04 02:18:38,55330.5,24715.4
2022-06-04 02:18:39,55155.5,24890.5
2022-06-04 02:18:40,56480.1,23565.9
2022-06-04 02:18:41,56393.3,23652.7
2022-06-04 02:18:42,57913.6,22132.5
2022-06-04 02:18:43,58064.5,21981.6
2022-06-04 02:18:44,57324.2,22721.8
2022-06-04 02:18:45,57493.7,22552.3
2022-06-04 02:18:46,56965.3,23080.5
2022-06-04 02:18:47,56907.5,23138.5
2022-06-04 02:18:48,56600.3,23445.6
2022-06-04 02:18:49,56467.9,23577.9
2022-06-04 02:18:50,56392.8,23653.1
2022-06-04 02:18:51,56705.1,23340.9
2022-06-04 02:18:52,56394.4,23651.7
2022-06-04 02:18:53,56875,23170.8
2022-06-04 02:18:54,57600,22446
2022-06-04 02:18:55,58174.4,21871.4
2022-06-04 02:18:56,57463.2,22582.8
2022-06-04 02:18:57,57363.7,22682.3
2022-06-04 02:18:58,56559.6,23486.3
2022-06-04 02:18:59,56069.1,23976.9
2022-06-04 02:19:00,57125.9,22920.1
2022-06-04 02:19:01,56198.1,23847.9
2022-06-04 02:19:02,56340.9,23705
2022-06-04 02:19:03,55690.4,24355.7
2022-06-04 02:19:04,56346.6,23699.4
2022-06-04 02:19:05,56493.9,23551.9
2022-06-04 02:19:06,56610.8,23435.2
2022-06-04 02:19:07,57215.6,22830.3
2022-06-04 02:19:08,57118.3,22927.7
2022-06-04 02:19:09,57232.1,22814
2022-06-04 02:19:10,57536.3,22509.7
2022-06-04 02:19:11,57090.3,22955.6
2022-06-04 02:19:12,57010.7,23035.3
2022-06-04 02:19:13,56868.6,23177.4
2022-06-04 02:19:14,56605.4,23440.5
2022-06-04 02:19:15,56764.4,23281.6
2022-06-04 02:19:16,56787.4,23258.5
2022-06-04 02:19:17,56277,23768.8
2022-06-04 02:19:18,56392.3,23653.7
2022-06-04 02:19:19,56370.3,23675.6
2022-06-04 02:19:20,56984.5,23061.5
2022-06-04 02:19:21,56842.2,23203.7
2022-06-04 02:19:22,56694.4,23351.5
2022-06-04 02:19:23,57090.8,22955.1
2022-06-04 02:19:24,56452.2,23593.6
2022-06-04 02:19:25,58269,21776.8
2022-06-04 02:19:26,57595.7,22450.1
2022-06-04 02:19:27,57645.4,22400.5
2022-06-04 02:19:28,56669.9,23376
2022-06-04 02:19:29,55738.7,24307.1
2022-06-04 02:19:30,55592.5,24453.3
2022-06-04 02:19:31,55762.3,24283.7
2022-06-04 02:19:32,55902.4,24143.5
2022-06-04 02:19:33,56210.8,23835.1
2022-06-04 02:19:34,56682.3,23363.6
2022-06-04 02:19:35,56466.9,23579
2022-06-04 02:19:36,56747.9,23298
2022-06-04 02:19:37,58549.1,21496.9
2022-06-04 02:19:38,58533.7,21512.1
2022-06-04 02:19:39,58518.5,21527.5
2022-06-04 02:19:40,57535.5,22510.3
2022-06-04 02:19:41,56702.6,23343.3
2022-06-04 02:19:42,55769.9,24275.9
2022-06-04 02:19:43,55938,24108
2022-06-04 02:19:44,56080.2,23965.7
2022-06-04 02:19:45,56135.1,23910.9
2022-06-04 02:19:46,55798.3,24247.6
2022-06-04 02:19:47,55792.1,24253.9
2022-06-04 02:19:48,56121.2,23924.6
2022-06-04 02:19:49,56255.6,23790.5
2022-06-04 02:19:50,57537.3,22508.6
2022-06-04 02:19:51,58533.4,21512.6
2022-06-04 02:19:52,58142.4,21903.5
2022-06-04 02:19:53,58059.7,21986.2
2022-06-04 02:19:54,56840.7,23205.3
2022-06-04 02:19:55,57056.9,22988.9
2022-06-04 02:19:56,56078.3,23967.6
2022-06-04 02:19:57,55851.7,24194.2
2022-06-04 02:19:58,56004.4,24041.5
2022-06-04 02:19:59,56052.8,23993.2
2022-06-04 02:20:00,56717.6,23328.4
2022-06-04 02:20:01,56683.4,23362.5
2022-06-04 02:20:02,56502.6,23543.3
2022-06-04 02:20:03,56125.7,23920.2
2022-06-04 02:20:04,56408.9,23637
2022-06-04 02:20:05,56919.1,23126.7
2022-06-04 02:20:06,58063.4,21982.5
2022-06-04 02:20:07,58135.3,21910.6
2022-06-04 02:20:08,57597.5,22448.4
2022-06-04 02:20:09,56741.5,23304.5
2022-06-04 02:20:10,56977.2,23068.6
2022-06-04 02:20:11,57136.1,22909.8
2022-06-04 02:20:12,56717.5,23328.3
2022-06-04 02:20:13,56852,23193.9
2022-06-04 02:20:14,57025.4,23020.6
2022-06-04 02:20:15,56298,23747.9
2022-06-04 02:20:16,56253.5,23792.4
2022-06-04 02:20:17,55601.9,24444
2022-06-04 02:20:18,55897.6,24148.4
2022-06-04 02:20:19,56077.5,23968.5
2022-06-04 02:20:20,57619.6,22426.4
2022-06-04 02:20:21,58174.9,21871
2022-06-04 02:20:22,58354.3,21691.6
2022-06-04 02:20:23,58660.9,21385.2
2022-06-04 02:20:24,58372.9,21673.1
2022-06-04 02:20:25,57534.2,22511.7
2022-06-04 02:20:26,57030.2,23015.8
2022-06-04 02:20:27,56263.3,23782.7
2022-06-04 02:20:28,56065.3,23980.7
2022-06-04 02:20:29,55856.7,24189.2
2022-06-04 02:20:30,55390.1,24655.8
2022-06-04 02:20:31,55197.8,24848
2022-06-04 02:20:32,55728,24317.9
2022-06-04 02:20:33,56196,23849.9
2022-06-04 02:20:34,56327.8,23718.1
2022-06-04 02:20:35,58385,21661
2022-06-04 02:20:36,59088.2,20957.8
2022-06-04 02:20:37,58605.4,21440.6
2022-06-04 02:20:38,58500.3,21545.6
2022-06-04 02:20:39,57927.5,22118.4
2022-06-04 02:20:40,56949.5,23096.5
2022-06-04 02:20:41,55929.4,24116.5
2022-06-04 02:20:42,55062.5,24983.4
2022-06-04 02:20:43,55636.2,24409.8
2022-06-04 02:20:44,55035.2,25010.7
2022-06-04 02:20:45,54793.2,25252.6
2022-06-04 02:20:46,56073.7,23972.2
2022-06-04 02:20:47,56365.1,23680.9
2022-06-04 02:20:48,58023,22023
2022-06-04 02:20:49,58310.3,21735.6
2022-06-04 02:20:50,58905.6,21140.3
2022-06-04 02:20:51,59071.2,20974.7
2022-06-04 02:20:52,57787.4,22258.5
2022-06-04 02:20:53,56732.6,23313.3
2022-06-04 02:20:54,56716.1,23329.8
2022-06-04 02:20:55,55680.9,24365.1
2022-06-04 02:20:56,55271.7,24774.1
2022-06-04 02:20:57,55677,24368.9
2022-06-04 02:20:58,55733.5,24312.5
2022-06-04 02:20:59,55486.2,24559.7
2022-06-04 02:21:00,55262.7,24783.2
2022-06-04 02:21:01,56840,23205.8
2022-06-04 02:21:02,57224.5,22821.5
2022-06-04 02:21:03,58101.9,21944
2022-06-04 02:21:04,57723.1,22322.9
2022-06-04 02:21:05,57529.9,22516
2022-06-04 02:21:06,57677.6,22368.4
2022-06-04 02:21:07,57080.8,22965.1
2022-06-04 02:21:08,56859.9,23185.9
2022-06-04 02:21:09,56987.8,23058.2
2022-06-04 02:21:10,56599.6,23446.3
2022-06-04 02:21:11,56368.6,23677.4
2022-06-04 02:21:12,56414.5,23631.5
2022-06-04 02:21:13,56057.2,23988.7
2022-06-04 02:21:14,56081.9,23964
2022-06-04 02:21:15,56580.2,23465.8
2022-06-04 02:21:16,57727.4,22318.5
2022-06-04 02:21:17,57730.6,22315.3
2022-06-04 02:21:18,57428.2,22617.8
2022-06-04 02:21:19,56944,23101.9
2022-06-04 02:21:20,57556,22489.9
2022-06-04 02:21:21,57851.1,22194.9
2022-06-04 02:21:22,57609.4,22436.5
2022-06-04 02:21:23,57485.5,22560.5
2022-06-04 02:21:24,56884.1,23161.9
2022-06-04 02:21:25,56897,23148.9
2022-06-04 02:21:26,55818.6,24227.4
2022-06-04 02:21:27,55823.8,24222.1
2022-06-04 02:21:28,56280.3,23765.7
2022-06-04 02:21:29,56019.7,24026.2
2022-06-04 02:21:30,55393.7,24652.3
2022-06-04 02:21:31,57515.9,22530.1
2022-06-04 02:21:32,57192.9,22852.9
2022-06-04 02:21:33,57811.1,22234.8
2022-06-04 02:21:34,57183.8,22862.1
2022-06-04 02:21:35,57287.3,22758.5
2022-06-04 02:21:36,57282.2,22763.8
2022-06-04 02:21:37,57254.4,22791.6
2022-06-04 02:21:38,57132.4,22913.5
2022-06-04 02:21:39,56692.8,23353.1
2022-06-04 02:21:40,55929.5,24116.3
2022-06-04 02:21:41,55687.4,24358.6
2022-06-04 02:21:42,55969.8,24076.1
2022-06-04 02:21:43,55675.4,24370.6
2022-06-04 02:21:44,56355.9,23690
2022-06-04 02:21:45,56337.1,23708.8
2022-06-04 02:21:46,56870,23176
2022-06-04 02:21:47,57243.3,22802.6
2022-06-04 02:21:48,56953.6,23092.5
2022-06-04 02:21:49,57623.5,22422.4
2022-06-04 02:21:50,58263.6,21782.3
2022-06-04 02:21:51,57664.7,22381.2
2022-06-04 02:21:52,57334.5,22711.4
2022-06-04 02:21:53,57182.2,22863.8
2022-06-04 02:21:54,56908,23138.1
2022-06-04 02:21:55,56679.5,23366.4
2022-06-04 02:21:56,56396.3,23649.7
2022-06-04 02:21:57,55874.4,24171.5
2022-06-04 02:21:58,55539.8,24506.2
2022-06-04 02:21:59,55378,24668
2022-06-04 02:22:00,56051.4,23994.5
2022-06-04 02:22:01,56630.1,23415.8
2022-06-04 02:22:02,58038,22008
2022-06-04 02:22:03,58163.8,21882.2
2022-06-04 02:22:04,58908.5,21137.3
2022-06-04 02:22:05,58071.7,21974.3
2022-06-04 02:22:06,57749.2,22296.8
2022-06-04 02:22:07,57323.7,22722.4
2022-06-04 02:22:08,56718.5,23327.4
2022-06-04 02:22:09,56307.7,23738.3
2022-06-04 02:22:10,55658,24387.9
2022-06-04 02:22:11,55243.9,24802.1
2022-06-04 02:22:12,54754.6,25291.3
2022-06-04 02:22:13,55675.9,24370
2022-06-04 02:22:14,56407.5,23638.5
2022-06-04 02:22:15,57862.6,22183.5
2022-06-04 02:22:16,57894.3,22151.6
2022-06-04 02:22:17,58385.4,21660.6
2022-06-04 02:22:18,57920.9,22125
2022-06-04 02:22:19,58040.1,22005.8
2022-06-04 02:22:20,57073.3,22972.7
2022-06-04 02:22:21,56457.5,23588.4
2022-06-04 02:22:22,56279.9,23766.2
2022-06-04 02:22:23,55255.6,24790.3
2022-06-04 02:22:24,55983.8,24062.1
2022-06-04 02:22:25,56012.7,24033.3
2022-06-04 02:22:26,56469.6,23576.3
2022-06-04 02:22:27,57856.3,22189.7
2022-06-04 02:22:28,57763.9,22282
2022-06-04 02:22:29,57887.2,22158.7
2022-06-04 02:22:30,57496,22549.9
2022-06-04 02:22:31,56853.5,23192.4
2022-06-04 02:22:32,56220,23825.9
2022-06-04 02:22:33,56637.4,23408.6
2022-06-04 02:22:34,56283.2,23762.6
2022-06-04 02:22:35,55775,24271
2022-06-04 02:22:36,56148.5,23897.4
2022-06-04 02:22:37,56307.2,23738.7
2022-06-04 02:22:38,57476.1,22569.9
2022-06-04 02:22:39,57993,22053
2022-06-04 02:22:40,58174.7,21871.2
2022-06-04 02:22:41,58136.2,21909.7
2022-06-04 02:22:42,57285.9,22760
2022-06-04 02:22:43,56798.1,23247.7
2022-06-04 02:22:44,56624.8,23421
2022-06-04 02:22:45,56502.3,23543.6
2022-06-04 02:22:46,55322.9,24722.9
2022-06-04 02:22:47,54860.7,25185.2
2022-06-04 02:22:48,55789.2,24256.8
2022-06-04 02:22:49,56799.3,23246.6
2022-06-04 02:22:50,57425.3,22620.7
2022-06-04 02:22:51,57974.4,22071.5
2022-06-04 02:22:52,57770.4,22275.5
2022-06-04 02:22:53,57245.9,22800
2022-06-04 02:22:54,57387.3,22658.6
2022-06-04 02:22:55,57420.3,22625.6
2022-06-04 02:22:56,57341,22704.8
2022-06-04 02:22:57,57088.9,22957.1
2022-06-04 02:22:58,56199.2,23846.7
2022-06-04 02:22:59,55765.7,24280.4
2022-06-04 02:23:00,55960.2,24085.7
2022-06-04 02:23:01,56698.2,23347.7
2022-06-04 02:23:02,56563,23482.9
2022-06-04 02:23:03,57714.2,22331.8
2022-06-04 02:23:04,57531,22515
2022-06-04 02:23:05,57446.5,22599.5
2022-06-04 02:23:06,57187.6,22858.3
2022-06-04 02:23:07,56647.7,23398.2
2022-06-04 02:23:08,56512.4,23533.6
2022-06-04 02:23:09,57031.3,23014.5
2022-06-04 02:23:10,57493.1,22552.8
2022-06-04 02:23:11,56836.4,23209.5
2022-06-04 02:23:12,56951,23095
2022-06-04 02:23:13,57618.1,22427.8
2022-06-04 02:23:14,56651.2,23394.8
2022-06-04 02:23:15,57490.2,22555.7
2022-06-04 02:23:16,57059.4,22986.5
2022-06-04 02:23:17,56828.2,23217.7
2022-06-04 02:23:18,57057.3,22988.6
2022-06-04 02:23:19,55884.4,24161.5
2022-06-04 02:23:20,56581.9,23464.2
2022-06-04 02:23:21,56048.6,23997.4
2022-06-04 02:23:22,55725.3,24320.6
2022-06-04 02:23:23,56499.6,23546.3
2022-06-04 02:23:24,57487.1,22558.8
2022-06-04 02:23:25,57761.2,22284.8
2022-06-04 02:23:26,57719.6,22326.2
2022-06-04 02:23:27,57400.2,22645.7
2022-06-04 02:23:28,56921.4,23124.5
2022-06-04 02:23:29,58084.5,21961.3
2022-06-04 02:23:30,56954.9,23091
2022-06-04 02:23:31,56110.6,23935.3
2022-06-04 02:23:32,55916,24129.9
2022-06-04 02:23:33,55137.4,24908.5
2022-06-04 02:23:34,55293,24752.9
2022-06-04 02:23:35,56588.5,23457.3
2022-06-04 02:23:36,56968.1,23077.8
2022-06-04 02:23:37,56573,23473
2022-06-04 02:23:38,56721.7,23324.2
2022-06-04 02:23:39,56912.1,23133.8
2022-06-04 02:23:40,57314.1,22731.9
2022-06-04 02:23:41,58319.2,21726.8
2022-06-04 02:23:42,57739.5,22306.4
2022-06-04 02:23:43,57301.9,22744.1
2022-06-04 02:23:44,56909.6,23136.4
2022-06-04 02:23:45,56260.5,23785.4
2022-06-04 02:23:46,55926.2,24119.7
2022-06-04 02:23:47,55936.6,24109.3
2022-06-04 02:23:48,55394,24652
2022-06-04 02:23:49,55617.1,24428.8
2022-06-04 02:23:50,55844.8,24201.2
2022-06-04 02:23:51,57036.5,23009.4
2022-06-04 02:23:52,57274.7,22771.1
2022-06-04 02:23:53,57518.9,22527
2022-06-04 02:23:54,57518.7,22527.2
2022-06-04 02:23:55,57582.1,22463.8
2022-06-04 02:23:56,58028.5,22017.5
2022-06-04 02:23:57,58432.6,21613.4
2022-06-04 02:23:58,57508,22538
2022-06-04 02:23:59,56333,23713
2022-06-04 02:24:00,55653.4,24392.5
2022-06-04 02:24:01,55322.1,24723.9
2022-06-04 02:24:02,55316.7,24729.1
2022-06-04 02:24:03,55780.5,24265.3
2022-06-04 02:24:04,55956.3,24089.7
2022-06-04 02:24:05,56474.5,23571.4
2022-06-04 02:24:06,56943.1,23102.8
2022-06-04 02:24:07,57104.4,22941.7
2022-06-04 02:24:08,58426.6,21619.3
2022-06-04 02:24:09,58289.1,21756.8
2022-06-04 02:24:10,57430,22616.1
2022-06-04 02:24:11,57234.4,22811.5
2022-06-04 02:24:12,56702.8,23343.2
2022-06-04 02:24:13,56798.7,23247.2
2022-06-04 02:24:14,56867.7,23178
2022-06-04 02:24:15,56084.2,23961.7
2022-06-04 02:24:16,55844.3,24201.7
2022-06-04 02:24:17,55672.9,24373
2022-06-04 02:24:18,55358.2,24687.7
2022-06-04 02:24:19,56671.4,23374.7
2022-06-04 02:24:20,57358.4,22687.6
2022-06-04 02:24:21,57503.3,22542.6
2022-06-04 02:24:22,56943.7,23102.3
2022-06-04 02:24:23,57115.9,22930.2
2022-06-04 02:24:24,56889.1,23156.9
2022-06-04 02:24:25,57267.9,22778
2022-06-04 02:24:26,56855.1,23190.8
2022-06-04 02:24:27,56739,23306.9
2022-06-04 02:24:28,56230.8,23815.2
2022-06-04 02:24:29,56929.3,23116.7
2022-06-04 02:24:30,56648.6,23397.4
2022-06-04 02:24:31,56349.9,23695.9
2022-06-04 02:24:32,56357,23688.9
2022-06-04 02:24:33,56354.3,23691.6
2022-06-04 02:24:34,56730.5,23315.5
2022-06-04 02:24:35,56662.9,23383
2022-06-04 02:24:36,57770.8,22275.3
2022-06-04 02:24:37,56512.4,23533.5
2022-06-04 02:24:38,56309.2,23736.8
2022-06-04 02:24:39,56558.7,23487.2
2022-06-04 02:24:40,56631.1,23414.8
2022-06-04 02:24:41,57115.1,22930.9
2022-06-04 02:24:42,58270.3,21775.6
2022-06-04 02:24:43,57648.3,22397.6
2022-06-04 02:24:44,57427,22618.9
2022-06-04 02:24:45,56787.8,23258.2
2022-06-04 02:24:46,56443.2,23602.8
2022-06-04 02:24:47,56032.7,24013.3
2022-06-04 02:24:48,56164.2,23881.8
2022-06-04 02:24:49,55818.1,24227.9
2022-06-04 02:24:50,55835,24210.9
2022-06-04 02:24:51,56289.2,23756.8
2022-06-04 02:24:52,56659.5,23386.3
2022-06-04 02:24:53,56517.7,23528.2
2022-06-04 02:24:54,56817.3,23228.5
2022-06-04 02:24:55,59080.2,20965.7
2022-06-04 02:24:56,58437.3,21608.6
2022-06-04 02:24:57,57503.4,22542.4
2022-06-04 02:24:58,56937.6,23108.4
2022-06-04 02:24:59,56418.6,23627.3
2022-06-04 02:25:00,56243.8,23802.1
2022-06-04 02:25:01,55861.5,24184.3
2022-06-04 02:25:02,55478.3,24567.6
2022-06-04 02:25:03,55125.1,24920.8
2022-06-04 02:25:04,56939,23106.9
2022-06-04 02:25:05,56239.1,23806.8
2022-06-04 02:25:06,56641,23404.9
2022-06-04 02:25:07,57851.7,22194.3
2022-06-04 02:25:08,57946.2,22099.7
2022-06-04 02:25:09,57913,22133
2022-06-04 02:25:10,57975.4,22070.6
2022-06-04 02:25:11,57601.5,22444.4
2022-06-04 02:25:12,57037.5,23008.4
2022-06-04 02:25:13,56593.4,23452.3
2022-06-04 02:25:14,55920.4,24125.6
2022-06-04 02:25:15,56302.3,23743.6
2022-06-04 02:25:16,55948.6,24097.4
2022-06-04 02:25:17,55821.1,24224.7
2022-06-04 02:25:18,55437.9,24608.1
2022-06-04 02:25:19,57316.5,22729.5
2022-06-04 02:25:20,57634.2,22411.7
2022-06-04 02:25:21,58303.5,21742.4
2022-06-04 02:25:22,57781.6,22264.4
2022-06-04 02:25:23,57576.5,22469.4
2022-06-04 02:25:24,56750.2,23295.6
2022-06-04 02:25:25,57001.3,23044.6
2022-06-04 02:25:26,56509.7,23536.2
2022-06-04 02:25:27,57240.9,22805
2022-06-04 02:25:28,56604.1,23441.8
2022-06-04 02:25:29,56297,23749
2022-06-04 02:25:30,56527.1,23518.8
2022-06-04 02:25:31,55973.1,24072.7
2022-06-04 02:25:32,56551.5,23494.4
2022-06-04 02:25:33,56717.9,23328.1
2022-06-04 02:25:34,57154.6,22891.3
2022-06-04 02:25:35,56023.7,24022.3
2022-06-04 02:25:36,56553.3,23492.7
2022-06-04 02:25:37,56435.1,23610.8
2022-06-04 02:25:38,56946.3,23099.7
2022-06-04 02:25:39,57790.7,22255.2
2022-06-04 02:25:40,58119.1,21926.9
2022-06-04 02:25:41,57731.2,22314.7
2022-06-04 02:25:42,56653,23393
2022-06-04 02:25:43,56177.6,23868.3
2022-06-04 02:25:44,56345.7,23700.3
2022-06-04 02:25:45,56568.8,23477.1
2022-06-04 02:25:46,56829.5,23216.5
2022-06-04 02:25:47,56474.9,23570.9
2022-06-04 02:25:48,55593.5,24452.5
2022-06-04 02:25:49,55758.1,24287.9
2022-06-04 02:25:50,56586,23459.9
2022-06-04 02:25:51,57099.1,22946.8
2022-06-04 02:25:52,57803.6,22242.4
2022-06-04 02:25:53,57063.5,22982.5
2022-06-04 02:25:54,57184.8,22861.2
2022-06-04 02:25:55,56285.3,23760.7
2022-06-04 02:25:56,57113.6,22932.3
2022-06-04 02:25:57,56879.2,23166.7
2022-06-04 02:25:58,57207.4,22838.4
2022-06-04 02:25:59,56734.9,23311.1
2022-06-04 02:26:00,56376.5,23669.3
2022-06-04 02:26:01,56892.4,23153.6
2022-06-04 02:26:02,57733.9,22312
2022-06-04 02:26:03,57309.9,22736
2022-06-04 02:26:04,57402.7,22643.3
2022-06-04 02:26:05,56962.8,23083.1
2022-06-04 02:26:06,56030.2,24015.7
2022-06-04 02:26:07,56563.7,23482.3
2022-06-04 02:26:08,55540.5,24505.5
2022-06-04 02:26:09,55647.6,24398.4
2022-06-04 02:26:10,57120.5,22925.5
2022-06-04 02:26:11,57074.2,22971.7
2022-06-04 02:26:12,57859.1,22186.8
2022-06-04 02:26:13,58198.5,21847.5
2022-06-04 02:26:14,57952.4,22093.6
2022-06-04 02:26:15,57521.9,22524.2
2022-06-04 02:26:16,57257.8,22788.2
2022-06-04 02:26:17,56970.7,23075.3
2022-06-04 02:26:18,56155.1,23890.9
2022-06-04 02:26:19,56405.2,23640.6
2022-06-04 02:26:20,55216.7,24829.2
2022-06-04 02:26:21,55164,24882
2022-06-04 02:26:22,55034.8,25011.3
2022-06-04 02:26:23,56191.1,23854.9
2022-06-04 02:26:24,57336.8,22709.1
2022-06-04 02:26:25,59751.9,20294.1
2022-06-04 02:26:26,59009,21037
2022-06-04 02:26:27,58268.1,21778
2022-06-04 02:26:28,57425.5,22620.4
2022-06-04 02:26:29,56556.1,23489.8
2022-06-04 02:26:30,56727.2,23318.7
2022-06-04 02:26:31,55944.4,24101.4
2022-06-04 02:26:32,55097.2,24948.8
2022-06-04 02:26:33,55188.6,24857.3
2022-06-04 02:26:34,54863.4,25182.4
2022-06-04 02:26:35,55621.6,24424.3
2022-06-04 02:26:36,57626.7,22419.2
2022-06-04 02:26:37,57828,22217.9
2022-06-04 02:26:38,57906.4,22139.5
2022-06-04 02:26:39,58121.2,21924.8
2022-06-04 02:26:40,58359.8,21686.2
2022-06-04 02:26:41,57407.7,22638.2
2022-06-04 02:26:42,57210.8,22835.2
2022-06-04 02:26:43,57092.5,22953.4
2022-06-04 02:26:44,56642.5,23403.4
2022-06-04 02:26:45,55630.2,24415.8
2022-06-04 02:26:46,55358.2,24687.6
2022-06-04 02:26:47,55060.5,24985.4
2022-06-04 02:26:48,56622,23423.9
2022-06-04 02:26:49,57096.1,22950
2022-06-04 02:26:50,56996.5,23049.4
2022-06-04 02:26:51,56818.9,23226.9
2022-06-04 02:26:52,57085.6,22960.3
2022-06-04 02:26:53,56641,23404.9
2022-06-04 02:26:54,57276.6,22769.2
2022-06-04 02:26:55,57139.3,22906.7
2022-06-04 02:26:56,56806.1,23239.8
2022-06-04 02:26:57,57085,22961
2022-06-04 02:26:58,56929.4,23116.6
2022-06-04 02:26:59,57223.6,22822.2
2022-06-04 02:27:00,56959.7,23086.1
2022-06-04 02:27:01,56999.3,23046.6
2022-06-04 02:27:02,56812.8,23233.1
2022-06-04 02:27:03,56200.8,23845
2022-06-04 02:27:04,56432.1,23613.8
2022-06-04 02:27:05,55724,24322
2022-06-04 02:27:06,55920.4,24125.7
2022-06-04 02:27:07,55924,24121.9
2022-06-04 02:27:08,56922.2,23123.7
2022-06-04 02:27:09,56745.8,23300.1
2022-06-04 02:27:10,57247,22799.1
2022-06-04 02:27:11,57422.3,22623.6
2022-06-04 02:27:12,58264.9,21781
2022-06-04 02:27:13,58001.7,22044.2
2022-06-04 02:27:14,58007.9,22038
2022-06-04 02:27:15,57306.2,22739.7
2022-06-04 02:27:16,56443.2,23602.8
2022-06-04 02:27:17,55540.2,24505.8
2022-06-04 02:27:18,55791.5,24254.4
2022-06-04 02:27:19,55513.1,24532.9
2022-06-04 02:27:20,55017.5,25028.5
2022-06-04 02:27:21,55565.1,24480.9
2022-06-04 02:27:22,55797.6,24248.3
2022-06-04 02:27:23,57608.7,22437.3
2022-06-04 02:27:24,57875.5,22170.4
2022-06-04 02:27:25,58979.3,21066.6
2022-06-04 02:27:26,59166.4,20879.5
2022-06-04 02:27:27,58300.8,21745.1
2022-06-04 02:27:28,57559.4,22486.6
2022-06-04 02:27:29,56406.4,23639.5
2022-06-04 02:27:30,55985.4,24060.5
2022-06-04 02:27:31,55923.5,24122.6
2022-06-04 02:27:32,56723.4,23322.4
2022-06-04 02:27:33,55733.9,24312.1
2022-06-04 02:27:34,54972.5,25073.3
2022-06-04 02:27:35,55293.9,24752
2022-06-04 02:27:36,55103,24942.9
2022-06-04 02:27:37,56720.8,23325.1
2022-06-04 02:27:38,57843.3,22202.7
2022-06-04 02:27:39,59006.2,21039.8
2022-06-04 02:27:40,58840.5,21205.6
2022-06-04 02:27:41,58430.6,21615.4
2022-06-04 02:27:42,57632.9,22413
2022-06-04 02:27:43,57338.4,22707.5
2022-06-04 02:27:44,56744.6,23301.4
2022-06-04 02:27:45,56106.3,23939.5
2022-06-04 02:27:46,55578.8,24467.2
2022-06-04 02:27:47,55120.2,24925.7
2022-06-04 02:27:48,55216.7,24829.3
2022-06-04 02:27:49,55377.4,24668.5
2022-06-04 02:27:50,56324.4,23721.6
2022-06-04 02:27:51,57124.9,22920.9
2022-06-04 02:27:52,56590.1,23455.8
2022-06-04 02:27:53,58661.6,21384.4
2022-06-04 02:27:54,59077.3,20968.8
2022-06-04 02:27:55,59281.3,20764.7
2022-06-04 02:27:56,58255.5,21790.4
2022-06-04 02:27:57,57178.1,22867.9
2022-06-04 02:27:58,56077.4,23968.6
2022-06-04 02:27:59,55473.8,24572.1
2022-06-04 02:28:00,55176.3,24869.6
2022-06-04 02:28:01,55496.3,24549.6
2022-06-04 02:28:02,55612.5,24433.4
2022-06-04 02:28:03,55748,24298
2022-06-04 02:28:04,56156.7,23889.2
2022-06-04 02:28:05,56321.1,23724.9
2022-06-04 02:28:06,56995.2,23050.8
2022-06-04 02:28:07,58639.9,21406.1
2022-06-04 02:28:08,59013.2,21032.8
2022-06-04 02:28:09,58811.6,21234.3
2022-06-04 02:28:10,57731,22314.9
2022-06-04 02:28:11,56681,23365
2022-06-04 02:28:12,56040.8,24005.2
2022-06-04 02:28:13,55487.3,24558.7
2022-06-04 02:28:14,55514.9,24531
2022-06-04 02:28:15,57333.2,22712.8
2022-06-04 02:28:16,56570.4,23475.5
2022-06-04 02:28:17,56433.9,23612
2022-06-04 02:28:18,57202.6,22843.3
2022-06-04 02:28:19,57027,23018.9
2022-06-04 02:28:20,56475.5,23570.3
2022-06-04 02:28:21,56344.9,23701
2022-06-04 02:28:22,56529.2,23516.8
2022-06-04 02:28:23,58114.6,21931.3
2022-06-04 02:28:24,57259.8,22786.2
2022-06-04 02:28:25,56879.2,23166.7
2022-06-04 02:28:26,57073.1,22972.8
2022-06-04 02:28:27,56905.8,23140.2
2022-06-04 02:28:28,56912.9,23132.9
2022-06-04 02:28:29,57382.1,22663.8
2022-06-04 02:28:30,56894.8,23151.1
2022-06-04 02:28:31,56417.2,23628.6
2022-06-04 02:28:32,55529.8,24516.2
2022-06-04 02:28:33,55345.2,24700.7
2022-06-04 02:28:34,56746.9,23299.1
2022-06-04 02:28:35,56335.2,23710.7
2022-06-04 02:28:36,56438,23607.9
2022-06-04 02:28:37,56853.9,23192.1
2022-06-04 02:28:38,56768,23278
2022-06-04 02:28:39,58215.8,21830.1
2022-06-04 02:28:40,59227,20819
2022-06-04 02:28:41,58145.4,21900.5
2022-06-04 02:28:42,57069.7,22976.1
2022-06-04 02:28:43,56003.5,24042.5
2022-06-04 02:28:44,56026.6,24019.3
2022-06-04 02:28:45,55884.5,24161.3
2022-06-04 02:28:46,55679.8,24366.2
2022-06-04 02:28:47,55755.7,24290.2
2022-06-04 02:28:48,56614.2,23431.7
2022-06-04 02:28:49,56505.3,23540.7
2022-06-04 02:28:50,56249.8,23796.1
2022-06-04 02:28:51,56791.3,23254.6
2022-06-04 02:28:52,58503.3,21542.7
2022-06-04 02:28:53,58409.1,21636.9
2022-06-04 02:28:54,58051.8,21994.2
2022-06-04 02:28:55,57370.6,22675.4
2022-06-04 02:28:56,56937.8,23108.1
2022-06-04 02:28:57,55714.9,24331.1
2022-06-04 02:28:58,55883.3,24162.6
2022-06-04 02:28:59,56238.4,23807.4
2022-06-04 02:29:00,55949.5,24096.3
2022-06-04 02:29:01,55304.8,24741.3
2022-06-04 02:29:02,57130.1,22915.8
2022-06-04 02:29:03,57308.4,22737.5
2022-06-04 02:29:04,57190,22855.9
2022-06-04 02:29:05,57657.7,22388.2
2022-06-04 02:29:06,57222.5,22823.5
2022-06-04 02:29:07,57273.1,22772.8
2022-06-04 02:29:08,57560.2,22485.7
2022-06-04 02:29:09,57497.7,22548.3
2022-06-04 02:29:10,56736,23309.9
2022-06-04 02:29:11,56315.8,23730.1
2022-06-04 02:29:12,55580.8,24465.1
2022-06-04 02:29:13,55214.3,24831.6
2022-06-04 02:29:14,56217.2,23828.7
2022-06-04 02:29:15,56664.7,23381.2
2022-06-04 02:29:16,57369,22677
2022-06-04 02:29:17,58806.9,21239
2022-06-04 02:29:18,58163.6,21882.3
2022-06-04 02:29:19,57340,22706
2022-06-04 02:29:20,57172.3,22873.8
2022-06-04 02:29:21,57135.3,22910.6
2022-06-04 02:29:22,56887.1,23158.9
2022-06-04 02:29:23,56774.9,23271
2022-06-04 02:29:24,56605.5,23440.4
2022-06-04 02:29:25,56556.9,23489.1
2022-06-04 02:29:26,56094.5,23951.4
2022-06-04 02:29:27,56027.5,24018.5
2022-06-04 02:29:28,55830.8,24215.1
2022-06-04 02:29:29,56100.5,23945.4
2022-06-04 02:29:30,56990.6,23055.2
2022-06-04 02:29:31,58541.8,21504
2022-06-04 02:29:32,57934.7,22111.2
2022-06-04 02:29:33,57254.2,22791.7
2022-06-04 02:29:34,57824.6,22221.4
2022-06-04 02:29:35,57209.2,22836.7
2022-06-04 02:29:36,57128.7,22917.3
2022-06-04 02:29:37,56650.7,23395.2
2022-06-04 02:29:38,56629.8,23416.1
2022-06-04 02:29:39,56445.3,23600.7
2022-06-04 02:29:40,55806.5,24239.5
2022-06-04 02:29:41,55181.9,24864.1
2022-06-04 02:29:42,54790.4,25255.5
2022-06-04 02:29:43,56382.5,23663.5
2022-06-04 02:29:44,57688.8,22357.2
2022-06-04 02:29:45,58776.7,21269.2
2022-06-04 02:29:46,58047.6,21998.4
2022-06-04 02:29:47,57515.8,22530.1
2022-06-04 02:29:48,57873.8,22172.1
2022-06-04 02:29:49,57934.9,22111
2022-06-04 02:29:50,57961.7,22084.2
2022-06-04 02:29:51,56658.4,23387.5
2022-06-04 02:29:52,55972.6,24073.3
2022-06-04 02:29:53,54712.9,25333
2022-06-04 02:29:54,55057.5,24988.4
2022-06-04 02:29:55,54905.7,25140.2
2022-06-04 02:29:56,56165.4,23880.5
2022-06-04 02:29:57,56197.9,23848
2022-06-04 02:29:58,57372.8,22673.1
2022-06-04 02:29:59,58410,21636
2022-06-04 02:30:00,58219.2,21826.7
2022-06-04 02:30:01,57642.7,22403.3
2022-06-04 02:30:02,57455.5,22590.5
2022-06-04 02:30:03,57619.4,22426.5
2022-06-04 02:30:04,57252,22793.9
2022-06-04 02:30:05,56504.4,23541.5
2022-06-04 02:30:06,55980.7,24065.3
2022-06-04 02:30:07,55756.3,24289.7
2022-06-04 02:30:08,56050.9,23995
2022-06-04 02:30:09,56900.3,23145.6
2022-06-04 02:30:10,57145,22901
2022-06-04 02:30:11,57032.8,23013.2
2022-06-04 02:30:12,56963.7,23082.3
2022-06-04 02:30:13,57478,22567.9
2022-06-04 02:30:14,57903.3,22142.6
2022-06-04 02:30:15,57238.6,22807.4
2022-06-04 02:30:16,56653.3,23392.6
2022-06-04 02:30:17,56180.5,23865.6
2022-06-04 02:30:18,56610.2,23435.7
2022-06-04 02:30:19,56325,23721
2022-06-04 02:30:20,57263.5,22782.5
2022-06-04 02:30:21,56597.4,23448.5
2022-06-04 02:30:22,56382.3,23663.5
2022-06-04 02:30:23,56116.2,23929.9
2022-06-04 02:30:24,55823.5,24222.4
2022-06-04 02:30:25,55902,24143.9
2022-06-04 02:30:26,56263.4,23782.5
2022-06-04 02:30:27,57890.9,22154.9
2022-06-04 02:30:28,57990.6,22055.2
2022-06-04 02:30:29,56899.4,23146.5
2022-06-04 02:30:30,56607.8,23438.2
2022-06-04 02:30:31,56410.8,23635.2
2022-06-04 02:30:32,57017.7,23028.2
2022-06-04 02:30:33,56579.8,23466.1
2022-06-04 02:30:34,56976.6,23069.4
2022-06-04 02:30:35,56785.5,23260.4
2022-06-04 02:30:36,56641.6,23404.3
2022-06-04 02:30:37,56074.9,23971
2022-06-04 02:30:38,56138.1,23907.8
2022-06-04 02:30:39,55768.4,24277.5
2022-06-04 02:30:40,56705.7,23340.2
2022-06-04 02:30:41,57034.5,23011.4
2022-06-04 02:30:42,57806.9,22239.1
2022-06-04 02:30:43,57717.2,22328.7
2022-06-04 02:30:44,57320.4,22725.6
2022-06-04 02:30:45,57510.5,22535.5
2022-06-04 02:30:46,56530.7,23515.2
2022-06-04 02:30:47,56976,23069.9
2022-06-04 02:30:48,56984.9,23061
2022-06-04 02:30:49,56777.1,23268.8
2022-06-04 02:30:50,56687.4,23358.3
2022-06-04 02:30:51,56388.3,23657.6
2022-06-04 02:30:52,56372.2,23673.7
2022-06-04 02:30:53,55541.1,24504.9
2022-06-04 02:30:54,56765.3,23280.7
2022-06-04 02:30:55,57460.6,22585.2
2022-06-04 02:30:56,57880.3,22165.5
2022-06-04 02:30:57,57053.1,22992.9
2022-06-04 02:30:58,56293.5,23752.4
2022-06-04 02:30:59,56152.1,23893.9
2022-06-04 02:31:00,56293.4,23752.6
2022-06-04 02:31:01,57347.3,22698.5
2022-06-04 02:31:02,57260,22786
2022-06-04 02:31:03,56830.9,23215.2
2022-06-04 02:31:04,56322.5,23723.4
2022-06-04 02:31:05,56902.5,23143.4
2022-06-04 02:31:06,56172.7,23873.2
2022-06-04 02:31:07,56327.4,23718.4
2022-06-04 02:31:08,56783.3,23262.7
2022-06-04 02:31:09,56309.6,23736.4
2022-06-04 02:31:10,57241.9,22804
2022-06-04 02:31:11,57075.7,22970.2
2022-06-04 02:31:12,56620.1,23425.9
2022-06-04 02:31:13,57089.8,22956.1
2022-06-04 02:31:14,57666.5,22379.3
2022-06-04 02:31:15,57614.2,22431.8
2022-06-04 02:31:16,57723.1,22322.8
2022-06-04 02:31:17,57364.9,22681
2022-06-04 02:31:18,56579.9,23466.1
2022-06-04 02:31:19,56319.5,23726.4
2022-06-04 02:31:20,55537.6,24508.4
2022-06-04 02:31:21,55176.6,24869.4
2022-06-04 02:31:22,55218.6,24827.3
2022-06-04 02:31:23,56416.7,23629.2
2022-06-04 02:31:24,57620.8,22425.1
2022-06-04 02:31:25,58744.7,21301.2
2022-06-04 02:31:26,58624.5,21421.4
2022-06-04 02:31:27,57988.1,22057.7
2022-06-04 02:31:28,57888.6,22157.3
2022-06-04 02:31:29,57705.8,22340.2
2022-06-04 02:31:30,56641.1,23404.8
2022-06-04 02:31:31,56193,23852.9
2022-06-04 02:31:32,56257.1,23788.8
2022-06-04 02:31:33,55895.6,24150.4
2022-06-04 02:31:34,54852.2,25193.6
2022-06-04 02:31:35,55624.8,24421
2022-06-04 02:31:36,56398.7,23647.2
2022-06-04 02:31:37,57218.2,22827.7
2022-06-04 02:31:38,59041.2,21004.8
2022-06-04 02:31:39,58949,21097
2022-06-04 02:31:40,58341.2,21704.7
2022-06-04 02:31:41,57331.5,22714.5
2022-06-04 02:31:42,57253.3,22792.6
2022-06-04 02:31:43,56457.2,23588.8
2022-06-04 02:31:44,55594.6,24451.2
2022-06-04 02:31:45,54463.5,25582.3
2022-06-04 02:31:46,54905.1,25140.7
2022-06-04 02:31:47,55752,24293.9
2022-06-04 02:31:48,56176.2,23869.6
2022-06-04 02:31:49,57084.3,22961.6
2022-06-04 02:31:50,58127,21919
2022-06-04 02:31:51,58265,21781
2022-06-04 02:31:52,58550.5,21495.4
2022-06-04 02:31:53,57884.6,22161.2
2022-06-04 02:31:54,57727.9,22318.1
2022-06-04 02:31:55,56744.2,23301.8
2022-06-04 02:31:56,56024.9,24021
2022-06-04 02:31:57,56157.4,23888.5
2022-06-04 02:31:58,56284.1,23761.9
2022-06-04 02:31:59,55867.6,24178.4
2022-06-04 02:32:00,56210.3,23835.6
2022-06-04 02:32:01,56316.4,23729.6
2022-06-04 02:32:02,57849.8,22196.1
2022-06-04 02:32:03,57263.7,22782.2
2022-06-04 02:32:04,56806.1,23239.8
2022-06-04 02:32:05,56826.1,23219.9
2022-06-04 02:32:06,56944.7,23101.2
2022-06-04 02:32:07,57314.6,22731.4
2022-06-04 02:32:08,57449.1,22597
2022-06-04 02:32:09,57023,23022.9
2022-06-04 02:32:10,56916.9,23129.1
2022-06-04 02:32:11,57050.7,22995.2
2022-06-04 02:32:12,56883.3,23162.6
2022-06-04 02:32:13,55969.9,24076
2022-06-04 02:32:14,56499.1,23546.8
2022-06-04 02:32:15,56893.4,23152.6
2022-06-04 02:32:16,56212.4,23833.5
2022-06-04 02:32:17,56527.4,23518.6
2022-06-04 02:32:18,56192.7,23853.2
2022-06-04 02:32:19,56328.9,23716.9
2022-06-04 02:32:20,56988,23058
2022-06-04 02:32:21,57696.3,22349.6
2022-06-04 02:32:22,58523.7,21522.2
2022-06-04 02:32:23,57544.7,22501.3
2022-06-04 02:32:24,56689.5,23356.5
2022-06-04 02:32:25,55689.8,24356.1
2022-06-04 02:32:26,56134,23911.8
2022-06-04 02:32:27,56461.5,23584.3
2022-06-04 02:32:28,56484.7,23561.2
2022-06-04 02:32:29,56496.5,23549.3
2022-06-04 02:32:30,55746.2,24299.8
2022-06-04 02:32:31,55536.8,24509.1
2022-06-04 02:32:32,56753,23292.9
2022-06-04 02:32:33,58268.5,21777.4
2022-06-04 02:32:34,58317.8,21728.2
2022-06-04 02:32:35,58283.2,21762.7
2022-06-04 02:32:36,57435.8,22610.2
2022-06-04 02:32:37,56800.4,23245.5
2022-06-04 02:32:38,56488.7,23557.2
2022-06-04 02:32:39,56253.5,23792.5
2022-06-04 02:32:40,56008.9,24037.1
2022-06-04 02:32:41,56343.9,23702.1
2022-06-04 02:32:42,55815,24230.9
2022-06-04 02:32:43,55473.4,24572.6
2022-06-04 02:32:44,56826.1,23219.9
2022-06-04 02:32:45,57290.6,22755.3
2022-06-04 02:32:46,57183.7,22862.2
2022-06-04 02:32:47,57197.9,22848.1
2022-06-04 02:32:48,57671.6,22374.4
2022-06-04 02:32:49,57360.7,22685.2
2022-06-04 02:32:50,56801.2,23244.6
2022-06-04 02:32:51,56821.9,23224.1
2022-06-04 02:32:52,56439.5,23606.5
2022-06-04 02:32:53,56071.5,23974.4
2022-06-04 02:32:54,55959.7,24086.2
2022-06-04 02:32:55,56541.2,23504.7
2022-06-04 02:32:56,56728.4,23317.5
2022-06-04 02:32:57,57127.1,22918.8
2022-06-04 02:32:58,56484.6,23561.4
2022-06-04 02:32:59,56480.6,23565.4
2022-06-04 02:33:00,56698.7,23347.2
2022-06-04 02:33:01,56198.6,23847.4
2022-06-04 02:33:02,56465.3,23580.6
2022-06-04 02:33:03,57594.7,22451.2
2022-06-04 02:33:04,57259.3,22786.7
2022-06-04 02:33:05,56762.5,23283.4
2022-06-04 02:33:06,57618.8,22427.1
2022-06-04 02:33:07,57756.1,22289.9
2022-06-04 02:33:08,56737.4,23308.5
2022-06-04 02:33:09,56171.4,23874.6
2022-06-04 02:33:10,55974,24072
2022-06-04 02:33:11,56572.4,23473.5
2022-06-04 02:33:12,56510.4,23535.5
2022-06-04 02:33:13,55484.5,24561.5
2022-06-04 02:33:14,55669.3,24376.5
2022-06-04 02:33:15,56092.9,23953
2022-06-04 02:33:16,57463.3,22582.7
2022-06-04 02:33:17,58022.8,22023.1
2022-06-04 02:33:18,58336.1,21709.8
2022-06-04 02:33:19,58338.2,21707.7
2022-06-04 02:33:20,57795.3,22250.6
2022-06-04 02:33:21,57268.5,22777.4
2022-06-04 02:33:22,56424.5,23621.4
2022-06-04 02:33:23,56742.8,23303.1
2022-06-04 02:33:24,56273.3,23772.6
2022-06-04 02:33:25,55377.9,24668.1
2022-06-04 02:33:26,55160.7,24885.3
2022-06-04 02:33:27,55477.3,24568.7
2022-06-04 02:33:28,56344.7,23701.2
2022-06-04 02:33:29,56747.9,23298
2022-06-04 02:33:30,58779.4,21266.5
2022-06-04 02:33:31,58517.6,21528.2
2022-06-04 02:33:32,58005,22041
2022-06-04 02:33:33,57146.2,22899.7
2022-06-04 02:33:34,56453.5,23592.5
2022-06-04 02:33:35,56771.1,23274.7
2022-06-04 02:33:36,56569.6,23476.5
2022-06-04 02:33:37,55672.7,24373.2
2022-06-04 02:33:38,55417.1,24628.8
2022-06-04 02:33:39,55773.1,24272.8
2022-06-04 02:33:40,55197.3,24848.5
2022-06-04 02:33:41,56631.6,23414.4
2022-06-04 02:33:42,57797.3,22248.7
2022-06-04 02:33:43,57940,22106
2022-06-04 02:33:44,58795.6,21250.4
2022-06-04 02:33:45,58239.5,21806.5
2022-06-04 02:33:46,58048.6,21997.5
2022-06-04 02:33:47,56964.4,23081.5
2022-06-04 02:33:48,56297.2,23748.7
2022-06-04 02:33:49,55902.3,24143.8
2022-06-04 02:33:50,55167.8,24878.2
2022-06-04 02:33:51,55563.4,24482.5
2022-06-04 02:33:52,55767.7,24278.2
2022-06-04 02:33:53,57698.9,22347
2022-06-04 02:33:54,57934.8,22111.1
2022-06-04 02:33:55,56875.9,23170
2022-06-04 02:33:56,56521.3,23524.7
2022-06-04 02:33:57,57229.4,22816.5
2022-06-04 02:33:58,58032.8,22013.2
2022-06-04 02:33:59,58480.9,21565
2022-06-04 02:34:00,57294.4,22751.5
2022-06-04 02:34:01,56964.9,23081
2022-06-04 02:34:02,55919.3,24126.7
2022-06-04 02:34:03,55309.5,24736.5
2022-06-04 02:34:04,56048.4,23997.5
2022-06-04 02:34:05,57478.8,22567.1
2022-06-04 02:34:06,56936.3,23109.6
2022-06-04 02:34:07,57253.2,22792.7
2022-06-04 02:34:08,56980.3,23065.6
2022-06-04 02:34:09,56347.7,23698.2
2022-06-04 02:34:10,56381.7,23664.2
2022-06-04 02:34:11,56716.1,23329.8
2022-06-04 02:34:12,56480.1,23565.9
2022-06-04 02:34:13,57651.5,22394.5
2022-06-04 02:34:14,57446.5,22599.5
2022-06-04 02:34:15,56540.4,23505.6
2022-06-04 02:34:16,57855.9,22189.9
2022-06-04 02:34:17,57596.8,22449.1
2022-06-04 02:34:18,57420.5,22625.4
2022-06-04 02:34:19,57346,22700
2022-06-04 02:34:20,57053.8,22992.2
2022-06-04 02:34:21,57089.8,22956.1
2022-06-04 02:34:22,56530.3,23515.6
2022-06-04 02:34:23,55665.5,24380.5
2022-06-04 02:34:24,55327.5,24718.4
2022-06-04 02:34:25,55873.1,24172.8
2022-06-04 02:34:26,56045.8,24000.2
2022-06-04 02:34:27,57244.9,22801
2022-06-04 02:34:28,58722.2,21323.7
2022-06-04 02:34:29,58612.4,21433.7
2022-06-04 02:34:30,58856.7,21189.4
2022-06-04 02:34:31,58081.4,21964.6
2022-06-04 02:34:32,57102.4,22943.5
2022-06-04 02:34:33,56343.2,23702.7
2022-06-04 02:34:34,55696.3,24349.5
2022-06-04 02:34:35,55513.6,24532.4
2022-06-04 02:34:36,55418,24627.8
2022-06-04 02:34:37,55341.2,24704.7
2022-06-04 02:34:38,55273.2,24772.7
2022-06-04 02:34:39,55943.3,24102.6
2022-06-04 02:34:40,57949.1,22096.9
2022-06-04 02:34:41,58875.9,21170.1
2022-06-04 02:34:42,58934.3,21111.6
2022-06-04 02:34:43,58623.8,21422
2022-06-04 02:34:44,57884.3,22161.6
2022-06-04 02:34:45,57563.1,22482.8
2022-06-04 02:34:46,56729.5,23316.3
2022-06-04 02:34:47,56208.1,23837.9
2022-06-04 02:34:48,55473.9,24572
2022-06-04 02:34:49,55483.7,24562.1
2022-06-04 02:34:50,55071.1,24974.9
2022-06-04 02:34:51,55813.2,24232.7
2022-06-04 02:34:52,57132.9,22912.9
2022-06-04 02:34:53,57080.8,22965.2
2022-06-04 02:34:54,57250.1,22795.8
2022-06-04 02:34:55,58422.8,21623
2022-06-04 02:34:56,58696.1,21349.8
2022-06-04 02:34:57,57986.5,22059.4
2022-06-04 02:34:58,57130.4,22915.4
2022-06-04 02:34:59,56974.1,23071.8
2022-06-04 02:35:00,56087.3,23958.6
2022-06-04 02:35:01,55663.8,24382.3
2022-06-04 02:35:02,55212.2,24833.7
2022-06-04 02:35:03,55809.7,24236.2
2022-06-04 02:35:04,55923.9,24122
2022-06-04 02:35:05,56294,23751.9
2022-06-04 02:35:06,57503.1,22542.8
2022-06-04 02:35:07,56910.5,23135.4
2022-06-04 02:35:08,56272.4,23773.4
2022-06-04 02:35:09,57105.7,22940.2
2022-06-04 02:35:10,57268.6,22777.3
2022-06-04 02:35:11,57150.1,22895.9
2022-06-04 02:35:12,56980.6,23065.4
2022-06-04 02:35:13,56674.9,23371
2022-06-04 02:35:14,56620.4,23425.6
2022-06-04 02:35:15,56577.1,23468.8
2022-06-04 02:35:16,56373.7,23672.3
2022-06-04 02:35:17,55657,24389
2022-06-04 02:35:18,55795.4,24250.5
2022-06-04 02:35:19,56796.5,23249.5
2022-06-04 02:35:20,57014.1,23031.8
2022-06-04 02:35:21,57114.8,22931.1
2022-06-04 02:35:22,56758.1,23287.9
2022-06-04 02:35:23,57065.2,22980.8
2022-06-04 02:35:24,57128.7,22917.2
2022-06-04 02:35:25,57184.2,22861.7
2022-06-04 02:35:26,57925.4,22120.5
2022-06-04 02:35:27,57392.4,22653.6
2022-06-04 02:35:28,56912.4,23133.5
2022-06-04 02:35:29,56041.1,24004.8
2022-06-04 02:35:30,56530.2,23515.6
2022-06-04 02:35:31,57604.5,22441.4
2022-06-04 02:35:32,56906.3,23139.7
2022-06-04 02:35:33,56299.1,23746.9
2022-06-04 02:35:34,55997.5,24048.4
2022-06-04 02:35:35,56491.5,23554.5
2022-06-04 02:35:36,55752.6,24293.2
2022-06-04 02:35:37,57714.2,22331.7
2022-06-04 02:35:38,57852.3,22193.7
2022-06-04 02:35:39,57210.3,22835.6
2022-06-04 02:35:40,56723.7,23322.3
2022-06-04 02:35:41,56946.5,23099.5
2022-06-04 02:35:42,56661,23385
2022-06-04 02:35:43,57397.9,22648.1
2022-06-04 02:35:44,57758.3,22287.7
2022-06-04 02:35:45,57100.8,22945.1
2022-06-04 02:35:46,56813.2,23232.8
2022-06-04 02:35:47,56525.6,23520.4
2022-06-04 02:35:48,57354.6,22691.4
2022-06-04 02:35:49,56958.8,23087.1
2022-06-04 02:35:50,56773.3,23272.6
2022-06-04 02:35:51,56124,23921.8
2022-06-04 02:35:52,55868.7,24177.2
2022-06-04 02:35:53,56334.3,23711.6
2022-06-04 02:35:54,56657.1,23388.8
2022-06-04 02:35:55,57387.8,22658.2
2022-06-04 02:35:56,58078.4,21967.5
2022-06-04 02:35:57,57544.3,22501.7
2022-06-04 02:35:58,57517.8,22528.2
2022-06-04 02:35:59,57439.5,22606.3
2022-06-04 02:36:00,57342.2,22703.8
2022-06-04 02:36:01,57026.1,23019.7
2022-06-04 02:36:02,56547.4,23498.5
2022-06-04 02:36:03,57048.4,22997.5
2022-06-04 02:36:04,55929.4,24116.5
2022-06-04 02:36:05,55250.9,24795.1
2022-06-04 02:36:06,54949.1,25096.8
2022-06-04 02:36:07,55315.7,24730.1
2022-06-04 02:36:08,57363.9,22682.2
2022-06-04 02:36:09,57977.8,22068.2
2022-06-04 02:36:10,58164.6,21881.3
2022-06-04 02:36:11,58108.7,21937.2
2022-06-04 02:36:12,57982.2,22063.7
2022-06-04 02:36:13,57476.8,22569.1
2022-06-04 02:36:14,57377.4,22668.6
2022-06-04 02:36:15,56506.3,23539.7
2022-06-04 02:36:16,56493.9,23552
2022-06-04 02:36:17,56218.1,23827.9
2022-06-04 02:36:18,55611.3,24434.6
2022-06-04 02:36:19,55309.6,24736.3
2022-06-04 02:36:20,56941.2,23104.8
2022-06-04 02:36:21,56913.1,23132.8
2022-06-04 02:36:22,57034.6,23011.4
2022-06-04 02:36:23,56420.6,23625.3
2022-06-04 02:36:24,56650.6,23395.2
2022-06-04 02:36:25,56884.5,23161.4
2022-06-04 02:36:26,57200.7,22845.3
2022-06-04 02:36:27,56701.6,23344.3
2022-06-04 02:36:28,56210.3,23835.6
2022-06-04 02:36:29,56836.3,23209.7
2022-06-04 02:36:30,55683.2,24362.6
2022-06-04 02:36:31,56665.1,23380.7
2022-06-04 02:36:32,57673.6,22372.3
2022-06-04 02:36:33,58188.5,21857.5
2022-06-04 02:36:34,57234.6,22811.3
2022-06-04 02:36:35,56678,23367.9
2022-06-04 02:36:36,56555.1,23490.7
2022-06-04 02:36:37,55692.6,24353.3
2022-06-04 02:36:38,55838.1,24207.8
2022-06-04 02:36:39,56479.6,23566.4
2022-06-04 02:36:40,56929.7,23116.1
2022-06-04 02:36:41,55866,24180
2022-06-04 02:36:42,55632.1,24413.9
2022-06-04 02:36:43,56948.3,23097.7
2022-06-04 02:36:44,58231.4,21814.6
2022-06-04 02:36:45,58411.6,21634.2
2022-06-04 02:36:46,58483.5,21562.4
2022-06-04 02:36:47,58007.7,22038.3
2022-06-04 02:36:48,57126,22919.9
2022-06-04 02:36:49,56901.2,23144.8
2022-06-04 02:36:50,56838.9,23206.9
2022-06-04 02:36:51,56014.5,24031.4
2022-06-04 02:36:52,54694.1,25351.8
2022-06-04 02:36:53,54531.4,25514.5
2022-06-04 02:36:54,54523.2,25522.7
2022-06-04 02:36:55,56225.8,23820.1
2022-06-04 02:36:56,56810.1,23235.9
2022-06-04 02:36:57,57564,22482
2022-06-04 02:36:58,58034.2,22011.8
2022-06-04 02:36:59,58355.8,21690
2022-06-04 02:37:00,58374.2,21671.7
2022-06-04 02:37:01,57947.1,22098.9
2022-06-04 02:37:02,57148.2,22897.7
2022-06-04 02:37:03,56959.6,23086.3
2022-06-04 02:37:04,56538.9,23507
2022-06-04 02:37:05,55558.3,24487.7
2022-06-04 02:37:06,55395.2,24650.8
2022-06-04 02:37:07,55539.2,24506.7
2022-06-04 02:37:08,55989.8,24056.2
2022-06-04 02:37:09,55610.8,24435.1
2022-06-04 02:37:10,57176,22870
2022-06-04 02:37:11,58142.1,21903.8
2022-06-04 02:37:12,57843.5,22202.4
2022-06-04 02:37:13,57740.1,22305.8
2022-06-04 02:37:14,57806.6,22239.3
2022-06-04 02:37:15,57247.8,22798.2
2022-06-04 02:37:16,57167.2,22878.8
2022-06-04 02:37:17,56773.2,23272.7
2022-06-04 02:37:18,56742.2,23303.8
2022-06-04 02:37:19,56347.6,23698.4
2022-06-04 02:37:20,55508.1,24537.7
2022-06-04 02:37:21,56242.8,23803.1
2022-06-04 02:37:22,56032.1,24013.8
2022-06-04 02:37:23,56498,23547.9
2022-06-04 02:37:24,56129.4,23916.5
2022-06-04 02:37:25,56009.5,24036.4
2022-06-04 02:37:26,56752.5,23293.4
2022-06-04 02:37:27,57576.9,22469.2
2022-06-04 02:37:28,58467.4,21578.4
2022-06-04 02:37:29,57973,22073
2022-06-04 02:37:30,57894.8,22151
2022-06-04 02:37:31,56795.3,23250.6
2022-06-04 02:37:32,56597.2,23448.7
2022-06-04 02:37:33,56878.9,23167.1
2022-06-04 02:37:34,57140,22905.8
2022-06-04 02:37:35,56345.1,23701
2022-06-04 02:37:36,56374.2,23671.7
2022-06-04 02:37:37,55616.8,24429.2
2022-06-04 02:37:38,56197.6,23848.3
2022-06-04 02:37:39,56375.8,23670
2022-06-04 02:37:40,55957.8,24088.1
2022-06-04 02:37:41,57249.1,22796.8
2022-06-04 02:37:42,58738.9,21307
2022-06-04 02:37:43,58355.9,21690
2022-06-04 02:37:44,57631,22415.1
2022-06-04 02:37:45,57412.1,22633.9
2022-06-04 02:37:46,56913.6,23132.2
2022-06-04 02:37:47,55932.7,24113.4
2022-06-04 02:37:48,56713.4,23332.6
2022-06-04 02:37:49,56684.8,23361.1
2022-06-04 02:37:50,56578.1,23467.9
2022-06-04 02:37:51,56503.6,23542.4
2022-06-04 02:37:52,55937.1,24108.7
2022-06-04 02:37:53,55845.4,24200.6
2022-06-04 02:37:54,56240.9,23805
2022-06-04 02:37:55,56523.6,23522.3
2022-06-04 02:37:56,57275,22770.9
2022-06-04 02:37:57,58043.9,22002
2022-06-04 02:37:58,58250.9,21794.9
2022-06-04 02:37:59,57569.9,22476.1
2022-06-04 02:38:00,57460.6,22585.2
2022-06-04 02:38:01,56965.1,23080.8
2022-06-04 02:38:02,56941.3,23104.7
2022-06-04 02:38:03,56987.7,23058.3
2022-06-04 02:38:04,57001.8,23044
2022-06-04 02:38:05,57245.3,22800.7
2022-06-04 02:38:06,56497.8,23548
2022-06-04 02:38:07,55457.2,24588.7
2022-06-04 02:38:08,54846.8,25199.2
2022-06-04 02:38:09,55369,24676.9
2022-06-04 02:38:10,55688.7,24357.2
2022-06-04 02:38:11,57355,22690.9
2022-06-04 02:38:12,58496.9,21549
2022-06-04 02:38:13,58259.1,21786.7
2022-06-04 02:38:14,57988.4,22057.5
2022-06-04 02:38:15,58166.9,21879
2022-06-04 02:38:16,57660.5,22385.4
2022-06-04 02:38:17,56943,23102.9
2022-06-04 02:38:18,56157.2,23888.8
2022-06-04 02:38:19,55695.3,24350.5
2022-06-04 02:38:20,55667.1,24378.7
2022-06-04 02:38:21,54622.9,25423
2022-06-04 02:38:22,54969.2,25076.8
2022-06-04 02:38:23,54985.5,25060.3
2022-06-04 02:38:24,56998.5,23047.5
2022-06-04 02:38:25,57555.9,22490
2022-06-04 02:38:26,58817.4,21228.5
2022-06-04 02:38:27,59020.7,21025.2
2022-06-04 02:38:28,58960.2,21085.8
2022-06-04 02:38:29,57870.9,22175
2022-06-04 02:38:30,56981.4,23064.6
2022-06-04 02:38:31,56182.9,23863.1
2022-06-04 02:38:32,55584.2,24461.8
2022-06-04 02:38:33,56176.2,23869.6
2022-06-04 02:38:34,55757.8,24288.2
2022-06-04 02:38:35,55545.9,24500.1
2022-06-04 02:38:36,56456.7,23589.2
2022-06-04 02:38:37,56717.4,23328.6
2022-06-04 02:38:38,56947.1,23098.9
2022-06-04 02:38:39,56892,23153.9
2022-06-04 02:38:40,57938.8,22107.2
2022-06-04 02:38:41,57826.5,22219.4
2022-06-04 02:38:42,58223.6,21822.3
2022-06-04 02:38:43,57319.7,22726.2
2022-06-04 02:38:44,57006.5,23039.5
2022-06-04 02:38:45,55914.5,24131.5
2022-06-04 02:38:46,55122.9,24923.1
2022-06-04 02:38:47,56184.7,23861.2
2022-06-04 02:38:48,56609,23436.8
2022-06-04 02:38:49,57649.2,22396.8
2022-06-04 02:38:50,57490.2,22555.8
2022-06-04 02:38:51,57001.1,23044.8
2022-06-04 02:38:52,56081.3,23964.7
2022-06-04 02:38:53,57235,22810.9
2022-06-04 02:38:54,57293.3,22752.7
2022-06-04 02:38:55,57226.7,22819.3
2022-06-04 02:38:56,56725.5,23320.5
2022-06-04 02:38:57,56438.7,23607.3
2022-06-04 02:38:58,56480.3,23565.6
2022-06-04 02:38:59,56680.5,23365.5
2022-06-04 02:39:00,56637.6,23408.3
2022-06-04 02:39:01,56716.8,23329.2
2022-06-04 02:39:02,57818.2,22227.7
2022-06-04 02:39:03,56997.9,23048.1
2022-06-04 02:39:04,57450.8,22595.1
2022-06-04 02:39:05,56949.4,23096.5
2022-06-04 02:39:06,56445.8,23600.1
2022-06-04 02:39:07,56868.1,23177.9
2022-06-04 02:39:08,56811.8,23234.1
2022-06-04 02:39:09,56592.5,23453.5
2022-06-04 02:39:10,56501.5,23544.3
2022-06-04 02:39:11,56042.5,24003.4
2022-06-04 02:39:12,56719.8,23326.3
2022-06-04 02:39:13,56696.1,23349.8
2022-06-04 02:39:14,57748,22297.8
2022-06-04 02:39:15,57016.2,23029.7
2022-06-04 02:39:16,56855.3,23190.6
2022-06-04 02:39:17,57201.1,22844.7
2022-06-04 02:39:18,57044.9,23001.1
2022-06-04 02:39:19,56500.8,23545.1
2022-06-04 02:39:20,55968,24077.9
2022-06-04 02:39:21,56933.8,23112.1
2022-06-04 02:39:22,56614.9,23431.1
2022-06-04 02:39:23,57546.1,22499.7
2022-06-04 02:39:24,56637.3,23408.7
2022-06-04 02:39:25,56969,23077
2022-06-04 02:39:26,57386.3,22659.7
2022-06-04 02:39:27,57531.1,22514.8
2022-06-04 02:39:28,56704.3,23341.6
2022-06-04 02:39:29,57271,22774.9
2022-06-04 02:39:30,56491.3,23554.5
2022-06-04 02:39:31,56620.3,23425.7
2022-06-04 02:39:32,56300.9,23745
2022-06-04 02:39:33,56499.2,23546.8
2022-06-04 02:39:34,56380.5,23665.4
2022-06-04 02:39:35,56214.2,23831.8
2022-06-04 02:39:36,56986.9,23059.1
2022-06-04 02:39:37,57383.5,22662.5
2022-06-04 02:39:38,57943.6,22102.3
2022-06-04 02:39:39,57883.9,22162
2022-06-04 02:39:40,57240.7,22805.4
2022-06-04 02:39:41,56267.7,23778.3
2022-06-04 02:39:42,55975.4,24070.5
2022-06-04 02:39:43,56017.6,24028.4
2022-06-04 02:39:44,56138.1,23907.9
2022-06-04 02:39:45,56335,23710.9
2022-06-04 02:39:46,57303.9,22742
2022-06-04 02:39:47,56720.8,23325.1
2022-06-04 02:39:48,56633.9,23412.1
2022-06-04 02:39:49,56405,23640.9
2022-06-04 02:39:50,56974.2,23071.9
2022-06-04 02:39:51,58113.2,21932.8
2022-06-04 02:39:52,58287.2,21758.8
2022-06-04 02:39:53,57432.5,22613.4
2022-06-04 02:39:54,56341.9,23704
2022-06-04 02:39:55,56439.8,23606
2022-06-04 02:39:56,56039.2,24006.8
2022-06-04 02:39:57,56499.3,23546.7
2022-06-04 02:39:58,56550.1,23496
2022-06-04 02:39:59,56897.8,23148.1
2022-06-04 02:40:00,56834.3,23211.5
2022-06-04 02:40:01,56422,23623.9
2022-06-04 02:40:02,56413.1,23632.9
2022-06-04 02:40:03,56465.2,23580.7
2022-06-04 02:40:04,57683.1,22362.8
2022-06-04 02:40:05,57959.7,22086.2
2022-06-04 02:40:06,58426.1,21619.9
2022-06-04 02:40:07,57316.3,22729.6
2022-06-04 02:40:08,57046.5,22999.5
2022-06-04 02:40:09,55968.6,24077.3
2022-06-04 02:40:10,56416.3,23629.7
2022-06-04 02:40:11,56037,24008.9
2022-06-04 02:40:12,55670.3,24375.7
2022-06-04 02:40:13,55693.3,24352.7
2022-06-04 02:40:14,56186.2,23859.8
2022-06-04 02:40:15,56158.5,23887.5
2022-06-04 02:40:16,57005.2,23040.7
2022-06-04 02:40:17,57089.7,22956.3
2022-06-04 02:40:18,57090.1,22955.9
2022-06-04 02:40:19,58705.6,21340.2
2022-06-04 02:40:20,58186.5,21859.4
2022-06-04 02:40:21,58246.5,21799.4
2022-06-04 02:40:22,57708.2,22337.8
2022-06-04 02:40:23,56781.6,23264.4
2022-06-04 02:40:24,56013.1,24032.7
2022-06-04 02:40:25,55065.9,24980
2022-06-04 02:40:26,54628.4,25417.5
2022-06-04 02:40:27,56297.4,23748.5
2022-06-04 02:40:28,56488.2,23557.8
2022-06-04 02:40:29,57612.1,22433.9
2022-06-04 02:40:30,56968.1,23077.8
2022-06-04 02:40:31,57753,22292.9
2022-06-04 02:40:32,57733.5,22312.4
2022-06-04 02:40:33,58197.1,21848.7
2022-06-04 02:40:34,58490.8,21555.1
2022-06-04 02:40:35,57712.3,22333.7
2022-06-04 02:40:36,57121,22924.9
2022-06-04 02:40:37,55780.1,24265.9
2022-06-04 02:40:38,55547.6,24498.4
2022-06-04 02:40:39,55417.6,24628.5
2022-06-04 02:40:40,56053.2,23992.7
2022-06-04 02:40:41,56463.3,23582.6
2022-06-04 02:40:42,55971.4,24074.4
2022-06-04 02:40:43,57200,22845.9
2022-06-04 02:40:44,57404,22642
2022-06-04 02:40:45,57820.5,22225.4
2022-06-04 02:40:46,57679.4,22366.5
2022-06-04 02:40:47,57829.1,22216.9
2022-06-04 02:40:48,57062.3,22983.8
2022-06-04 02:40:49,56362,23683.8
2022-06-04 02:40:50,56785.1,23260.8
2022-06-04 02:40:51,56798.7,23247.3
2022-06-04 02:40:52,56049,23996.9
2022-06-04 02:40:53,56099.7,23946.3
2022-06-04 02:40:54,56905,23141
2022-06-04 02:40:55,56276.6,23769.3
2022-06-04 02:40:56,56077.5,23968.4
2022-06-04 02:40:57,56791.9,23254.1
2022-06-04 02:40:58,56915.4,23130.5
2022-06-04 02:40:59,56992.6,23053.3
2022-06-04 02:41:00,57498,22548
2022-06-04 02:41:01,57323.6,22722.4
2022-06-04 02:41:02,57857.4,22188.6
2022-06-04 02:41:03,57213.8,22832.1
2022-06-04 02:41:04,57227.1,22818.8
2022-06-04 02:41:05,56897,23148.9
2022-06-04 02:41:06,57293.2,22752.7
2022-06-04 02:41:07,56897.7,23148.3
2022-06-04 02:41:08,55849.2,24196.9
2022-06-04 02:41:09,54978.9,25067
2022-06-04 02:41:10,54987.6,25058.3
2022-06-04 02:41:11,56639.2,23406.7
2022-06-04 02:41:12,56315.2,23730.6
2022-06-04 02:41:13,56478.5,23567.5
2022-06-04 02:41:14,56824.1,23221.8
2022-06-04 02:41:15,57457.4,22588.5
2022-06-04 02:41:16,57255.3,22790.5
2022-06-04 02:41:17,58050,21995.9
2022-06-04 02:41:18,58171.6,21874.5
2022-06-04 02:41:19,57867.6,22178.4
2022-06-04 02:41:20,56699,23346.9
2022-06-04 02:41:21,56289.2,23756.8
2022-06-04 02:41:22,56323.1,23722.7
2022-06-04 02:41:23,56341,23704.8
2022-06-04 02:41:24,55976.5,24069.4
2022-06-04 02:41:25,55517.2,24528.7
2022-06-04 02:41:26,55668.7,24377.3
2022-06-04 02:41:27,55681.3,24364.6
2022-06-04 02:41:28,56084.9,23960.9
2022-06-04 02:41:29,56732.7,23313.4
2022-06-04 02:41:30,57771.6,22274.2
2022-06-04 02:41:31,58497.8,21548
2022-06-04 02:41:32,57927.7,22118.2
2022-06-04 02:41:33,57382.4,22663.6
2022-06-04 02:41:34,57476.4,22569.5
2022-06-04 02:41:35,57178.9,22867.1
2022-06-04 02:41:36,56701.3,23344.7
2022-06-04 02:41:37,55619.1,24426.8
2022-06-04 02:41:38,56198.7,23847.2
2022-06-04 02:41:39,55516.3,24529.6
2022-06-04 02:41:40,55667.9,24378
2022-06-04 02:41:41,56641.9,23404.1
2022-06-04 02:41:42,57065.1,22980.8
2022-06-04 02:41:43,57250.2,22795.7
2022-06-04 02:41:44,57029.1,23016.9
2022-06-04 02:41:45,58658.6,21387.3
2022-06-04 02:41:46,58057.6,21988.5
2022-06-04 02:41:47,58163.1,21882.9
2022-06-04 02:41:48,57473.8,22572.1
2022-06-04 02:41:49,57165.2,22880.8
2022-06-04 02:41:50,56083.5,23962.3
2022-06-04 02:41:51,56624.3,23421.6
2022-06-04 02:41:52,56221.8,23824.1
2022-06-04 02:41:53,55724.3,24321.7
2022-06-04 02:41:54,55870.7,24175.2
2022-06-04 02:41:55,56091.1,23954.8
2022-06-04 02:41:56,57681.8,22364
2022-06-04 02:41:57,57478.5,22567.4
2022-06-04 02:41:58,57852.6,22193.2
2022-06-04 02:41:59,57464.7,22581.2
2022-06-04 02:42:00,57124.1,22921.9
2022-06-04 02:42:01,56952.1,23093.8
2022-06-04 02:42:02,57517.5,22528.3
2022-06-04 02:42:03,56873.6,23172.5
2022-06-04 02:42:04,56236.3,23809.6
2022-06-04 02:42:05,56052.2,23993.7
2022-06-04 02:42:06,56002.3,24043.5
2022-06-04 02:42:07,55815.2,24230.8
2022-06-04 02:42:08,56321.7,23724.1
2022-06-04 02:42:09,57544.1,22501.8
2022-06-04 02:42:10,57961.7,22084.2
2022-06-04 02:42:11,57286.5,22759.4
2022-06-04 02:42:12,57207.6,22838.4
2022-06-04 02:42:13,57167,22879
2022-06-04 02:42:14,56237.4,23808.5
2022-06-04 02:42:15,56729.9,23316.1
2022-06-04 02:42:16,56242.5,23803.5
2022-06-04 02:42:17,57008.1,23037.7
2022-06-04 02:42:18,56552.2,23493.8
2022-06-04 02:42:19,56647.2,23398.7
2022-06-04 02:42:20,56774.4,23271.6
2022-06-04 02:42:21,56345.4,23700.6
2022-06-04 02:42:22,57378.2,22667.7
2022-06-04 02:42:23,57202.4,22843.6
2022-06-04 02:42:24,57883.8,22162.1
2022-06-04 02:42:25,57251.2,22794.7
2022-06-04 02:42:26,56973.3,23072.6
2022-06-04 02:42:27,56174.8,23871.1
2022-06-04 02:42:28,55992.2,24053.7
2022-06-04 02:42:29,55922.1,24124
2022-06-04 02:42:30,56739.5,23306.4
2022-06-04 02:42:31,57161.5,22884.5
2022-06-04 02:42:32,57463.3,22582.5
2022-06-04 02:42:33,56888.2,23157.7
2022-06-04 02:42:34,57379.1,22666.7
2022-06-04 02:42:35,57294.3,22751.7
2022-06-04 02:42:36,56859.1,23186.8
2022-06-04 02:42:37,56815.1,23230.8
2022-06-04 02:42:38,56332.4,23713.5
2022-06-04 02:42:39,56702.2,23343.8
2022-06-04 02:42:40,56419.8,23626
2022-06-04 02:42:41,56608.9,23437.1
2022-06-04 02:42:42,55927.2,24118.6
2022-06-04 02:42:43,55944.5,24101.4
2022-06-04 02:42:44,56194.6,23851.2
2022-06-04 02:42:45,56300.1,23745.9
2022-06-04 02:42:46,57742.2,22303.7
2022-06-04 02:42:47,57950.3,22095.7
2022-06-04 02:42:48,57289.5,22756.4
2022-06-04 02:42:49,56889.7,23156.3
2022-06-04 02:42:50,56289.9,23756
2022-06-04 02:42:51,56468.3,23577.6
2022-06-04 02:42:52,56907.8,23138
2022-06-04 02:42:53,56851.6,23194.3
2022-06-04 02:42:54,57411,22634.9
2022-06-04 02:42:55,56562.9,23483
2022-06-04 02:42:56,56366.1,23679.8
2022-06-04 02:42:57,56616.6,23429.2
2022-06-04 02:42:58,56164.3,23881.7
2022-06-04 02:42:59,56631.8,23414.1
2022-06-04 02:43:00,57142.8,22903.2
2022-06-04 02:43:01,57372.1,22673.9
2022-06-04 02:43:02,57089,22957
2022-06-04 02:43:03,57370.3,22675.7
2022-06-04 02:43:04,57001.1,23044.8
2022-06-04 02:43:05,56797.2,23248.7
2022-06-04 02:43:06,56611.9,23434
2022-06-04 02:43:07,56505,23541
2022-06-04 02:43:08,57045.3,23000.8
2022-06-04 02:43:09,56945.3,23100.8
2022-06-04 02:43:10,56632,23414
2022-06-04 02:43:11,56490.2,23555.8
2022-06-04 02:43:12,56193.4,23852.4
2022-06-04 02:43:13,55883.8,24162.1
2022-06-04 02:43:14,56843.6,23202.4
2022-06-04 02:43:15,57472,22573.9
2022-06-04 02:43:16,57726.6,22319.2
2022-06-04 02:43:17,57385.5,22660.4
2022-06-04 02:43:18,57401,22644.9
2022-06-04 02:43:19,57340.4,22705.5
2022-06-04 02:43:20,57299.3,22746.5
2022-06-04 02:43:21,57053.6,22992.4
2022-06-04 02:43:22,57259.1,22786.8
2022-06-04 02:43:23,57558.5,22487.4
2022-06-04 02:43:24,57255.2,22790.7
2022-06-04 02:43:25,56642,23404
2022-06-04 02:43:26,56683.7,23362.3
2022-06-04 02:43:27,55655.9,24390
2022-06-04 02:43:28,55414.6,24631.3
2022-06-04 02:43:29,56017.6,24028.4
2022-06-04 02:43:30,56598.7,23447.2
2022-06-04 02:43:31,57850.7,22195.3
2022-06-04 02:43:32,58165.4,21880.6
2022-06-04 02:43:33,57262.2,22783.8
2022-06-04 02:43:34,57251,22794.8
2022-06-04 02:43:35,57781.5,22264.3
2022-06-04 02:43:36,57793.1,22252.8
2022-06-04 02:43:37,57585,22460.9
2022-06-04 02:43:38,57015.7,23030.3
2022-06-04 02:43:39,56273.9,23771.9
2022-06-04 02:43:40,55679.9,24366
2022-06-04 02:43:41,55510.9,24535.2
2022-06-04 02:43:42,55159.9,24886
2022-06-04 02:43:43,55144.6,24901.2
2022-06-04 02:43:44,55662.9,24383.1
2022-06-04 02:43:45,56835.5,23210.5
2022-06-04 02:43:46,58113.3,21932.6
2022-06-04 02:43:47,57639.5,22406.4
2022-06-04 02:43:48,57962.8,22083.1
2022-06-04 02:43:49,58810,21235.9
2022-06-04 02:43:50,57756.8,22289.1
2022-06-04 02:43:51,57321.6,22724.4
2022-06-04 02:43:52,57336.5,22709.4
2022-06-04 02:43:53,55954.1,24091.9
2022-06-04 02:43:54,55557.8,24488
2022-06-04 02:43:55,55172.9,24872.9
2022-06-04 02:43:56,55342,24703.9
2022-06-04 02:43:57,55336.5,24709.5
2022-06-04 02:43:58,56382.4,23663.5
2022-06-04 02:43:59,57072.1,22973.8
2022-06-04 02:44:00,58025.5,22020.3
2022-06-04 02:44:01,57751.9,22294
2022-06-04 02:44:02,57691,22354.9
2022-06-04 02:44:03,58490.1,21555.9
2022-06-04 02:44:04,57717.7,22328.3
2022-06-04 02:44:05,56753,23292.9
2022-06-04 02:44:06,55913.9,24132.1
2022-06-04 02:44:07,55633.4,24412.7
2022-06-04 02:44:08,55480.3,24565.6
2022-06-04 02:44:09,55259.7,24786.2
2022-06-04 02:44:10,56020.2,24025.6
2022-06-04 02:44:11,56835,23211
2022-06-04 02:44:12,57290,22755.9
2022-06-04 02:44:13,57507.5,22538.3
2022-06-04 02:44:14,57544.9,22501
2022-06-04 02:44:15,57876.6,22169.5
2022-06-04 02:44:16,57741.9,22304.1
2022-06-04 02:44:17,57241.3,22804.6
2022-06-04 02:44:18,57411,22635
2022-06-04 02:44:19,57421.7,22624.3
2022-06-04 02:44:20,56572.1,23473.8
2022-06-04 02:44:21,56293.2,23752.9
2022-06-04 02:44:22,56079.1,23966.9
2022-06-04 02:44:23,56319.4,23726.5
2022-06-04 02:44:24,57041,23005
2022-06-04 02:44:25,57161.1,22884.8
2022-06-04 02:44:26,57399.1,22646.8
2022-06-04 02:44:27,56881.1,23164.9
2022-06-04 02:44:28,56740.7,23305.2
2022-06-04 02:44:29,56909.7,23136.2
2022-06-04 02:44:30,57289.7,22756.2
2022-06-04 02:44:31,57154.2,22891.8
2022-06-04 02:44:32,58415.3,21630.6
2022-06-04 02:44:33,57562.4,22483.6
2022-06-04 02:44:34,56923,23122.9
2022-06-04 02:44:35,56411.7,23634.3
2022-06-04 02:44:36,57036.7,23009.2
2022-06-04 02:44:37,56659.5,23386.4
2022-06-04 02:44:38,56413.6,23632.3
2022-06-04 02:44:39,56307.3,23738.6
2022-06-04 02:44:40,56135.7,23910.1
2022-06-04 02:44:41,56485.5,23560.3
2022-06-04 02:44:42,56200.9,23845
2022-06-04 02:44:43,56857.8,23188.1
2022-06-04 02:44:44,57442.9,22603
2022-06-04 02:44:45,57798.6,22247.4
2022-06-04 02:44:46,57525.4,22520.5
2022-06-04 02:44:47,58258,21788
2022-06-04 02:44:48,57608.5,22437.4
2022-06-04 02:44:49,56584.3,23461.7
2022-06-04 02:44:50,56251.8,23794.2
2022-06-04 02:44:51,56526.9,23519
2022-06-04 02:44:52,56603,23442.9
2022-06-04 02:44:53,55895.7,24150.3
2022-06-04 02:44:54,55926.3,24119.6
2022-06-04 02:44:55,55600.1,24445.9
2022-06-04 02:44:56,55066.6,24979.2
2022-06-04 02:44:57,55951.7,24094.3
2022-06-04 02:44:58,56985.4,23060.6
2022-06-04 02:44:59,58839.2,21206.8
2022-06-04 02:45:00,58648.7,21397.2
2022-06-04 02:45:01,58374.1,21671.9
2022-06-04 02:45:02,58322.5,21723.3
2022-06-04 02:45:03,57793.6,22252.4
2022-06-04 02:45:04,57261.2,22784.8
2022-06-04 02:45:05,56613.1,23432.9
2022-06-04 02:45:06,55871.6,24174.4
2022-06-04 02:45:07,55668.6,24377.4
2022-06-04 02:45:08,55705.2,24340.7
2022-06-04 02:45:09,55343.1,24702.8
2022-06-04 02:45:10,56134.5,23911.4
2022-06-04 02:45:11,55989.5,24056.4
2022-06-04 02:45:12,57177.5,22868.4
2022-06-04 02:45:13,58982,21064
2022-06-04 02:45:14,59454.1,20592
2022-06-04 02:45:15,59008.8,21037.1
2022-06-04 02:45:16,58010.1,22035.8
2022-06-04 02:45:17,57498,22548
2022-06-04 02:45:18,56516.3,23529.7
2022-06-04 02:45:19,56016.9,24029
2022-06-04 02:45:20,55412.7,24633.2
2022-06-04 02:45:21,54926,25120
2022-06-04 02:45:22,56206.1,23839.9
2022-06-04 02:45:23,56037,24009
2022-06-04 02:45:24,55589.6,24456.4
2022-06-04 02:45:25,56100.4,23945.5
2022-06-04 02:45:26,57138.8,22907.1
2022-06-04 02:45:27,58044.5,22001.5
2022-06-04 02:45:28,59003.3,21042.5
2022-06-04 02:45:29,58157.1,21888.9
2022-06-04 02:45:30,57219.8,22826.2
2022-06-04 02:45:31,57093.6,22952.4
2022-06-04 02:45:32,56176.7,23869.2
2022-06-04 02:45:33,56032.1,24013.8
2022-06-04 02:45:34,55913.9,24132.1
2022-06-04 02:45:35,56192.8,23853.2
2022-06-04 02:45:36,56071.5,23974.5
2022-06-04 02:45:37,56216.1,23829.8
2022-06-04 02:45:38,56602.5,23443.3
2022-06-04 02:45:39,56808.2,23237.8
2022-06-04 02:45:40,56125.4,23920.4
2022-06-04 02:45:41,56494.1,23551.9
2022-06-04 02:45:42,57985,22061.1
2022-06-04 02:45:43,57534.9,22511.1
2022-06-04 02:45:44,57496.4,22549.6
2022-06-04 02:45:45,57571.9,22474.1
2022-06-04 02:45:46,57396.6,22649.3
2022-06-04 02:45:47,56549.1,23496.8
2022-06-04 02:45:48,56059.7,23986.1
2022-06-04 02:45:49,56773.2,23272.8
2022-06-04 02:45:50,57270.7,22775.2
2022-06-04 02:45:51,56673.8,23372
2022-06-04 02:45:52,57142.4,22903.4
2022-06-04 02:45:53,56346.1,23699.9
2022-06-04 02:45:54,55204.9,24841
2022-06-04 02:45:55,56384.5,23661.3
2022-06-04 02:45:56,56580.3,23465.7
2022-06-04 02:45:57,57971.4,22074.5
2022-06-04 02:45:58,58589.1,21456.8
2022-06-04 02:45:59,57517.9,22528.1
2022-06-04 02:46:00,57046.9,22999
2022-06-04 02:46:01,56454.4,23591.5
2022-06-04 02:46:02,56394.2,23651.7
2022-06-04 02:46:03,56905.9,23140
2022-06-04 02:46:04,57109,22936.9
2022-06-04 02:46:05,56652.4,23393.4
2022-06-04 02:46:06,56111.8,23934.1
2022-06-04 02:46:07,56369.7,23676.2
2022-06-04 02:46:08,56035.3,24010.7
2022-06-04 02:46:09,55846.9,24199.1
2022-06-04 02:46:10,57140.4,22905.5
2022-06-04 02:46:11,57833.1,22212.7
2022-06-04 02:46:12,57010.9,23035.1
2022-06-04 02:46:13,57154.5,22891.5
2022-06-04 02:46:14,57100.2,22945.7
2022-06-04 02:46:15,56745.9,23300
2022-06-04 02:46:16,56947.4,23098.6
2022-06-04 02:46:17,56923.2,23122.8
2022-06-04 02:46:18,56291.6,23754.4
2022-06-04 02:46:19,56853.8,23192.2
2022-06-04 02:46:20,57084.7,22961.2
2022-06-04 02:46:21,56413.9,23632
2022-06-04 02:46:22,56376.6,23669.4
2022-06-04 02:46:23,56360.2,23685.7
2022-06-04 02:46:24,56696.2,23349.8
2022-06-04 02:46:25,56673.3,23372.6
2022-06-04 02:46:26,56616.8,23429.2
2022-06-04 02:46:27,55872.2,24173.7
2022-06-04 02:46:28,55936.6,24109.4
2022-06-04 02:46:29,56774.3,23271.7
2022-06-04 02:46:30,57406.9,22639.1
2022-06-04 02:46:31,57627.1,22418.8
2022-06-04 02:46:32,57912.7,22133.2
2022-06-04 02:46:33,57210,22835.9
2022-06-04 02:46:34,56939.8,23106.1
2022-06-04 02:46:35,57144.1,22901.9
2022-06-04 02:46:36,56341.1,23704.8
2022-06-04 02:46:37,56367.4,23678.7
2022-06-04 02:46:38,55857.6,24188.3
2022-06-04 02:46:39,55994.8,24051.2
2022-06-04 02:46:40,55350.7,24695.3
2022-06-04 02:46:41,55484.5,24561.4
2022-06-04 02:46:42,56398,23648
2022-06-04 02:46:43,57753,22293
2022-06-04 02:46:44,58193.5,21852.5
2022-06-04 02:46:45,57937.8,22108.3
2022-06-04 02:46:46,57443.9,22602
2022-06-04 02:46:47,57803.8,22242.1
2022-06-04 02:46:48,57283.4,22762.6
2022-06-04 02:46:49,56818.3,23227.5
2022-06-04 02:46:50,56208.4,23837.4
2022-06-04 02:46:51,55387.7,24658.3
2022-06-04 02:46:52,55453.4,24592.6
2022-06-04 02:46:53,55949,24097
2022-06-04 02:46:54,57216.5,22829.5
2022-06-04 02:46:55,57254.8,22791.1
2022-06-04 02:46:56,57193.5,22852.6
2022-06-04 02:46:57,57234.5,22811.5
2022-06-04 02:46:58,57797.6,22248.3
2022-06-04 02:46:59,57256.3,22789.5
2022-06-04 02:47:00,57398.7,22647.3
2022-06-04 02:47:01,57043.7,23002.3
2022-06-04 02:47:02,56974.2,23071.7
2022-06-04 02:47:03,56072.1,23973.9
2022-06-04 02:47:04,55507.7,24538.2
2022-06-04 02:47:05,56614.1,23431.9
2022-06-04 02:47:06,56944.6,23101.3
2022-06-04 02:47:07,56689.8,23356.1
2022-06-04 02:47:08,56993.4,23052.6
2022-06-04 02:47:09,56817.5,23228.4
2022-06-04 02:47:10,56389.8,23656.2
2022-06-04 02:47:11,55976.1,24069.8
2022-06-04 02:47:12,56264.4,23781.6
2022-06-04 02:47:13,56399.8,23646.1
2022-06-04 02:47:14,56221.4,23824.5
2022-06-04 02:47:15,57113.7,22932.2
2022-06-04 02:47:16,57529,22516.9
2022-06-04 02:47:17,58034.7,22011
2022-06-04 02:47:18,57327.4,22718.5
2022-06-04 02:47:19,56726.7,23319.2
2022-06-04 02:47:20,57126.4,22919.5
2022-06-04 02:47:21,56931.5,23114.4
2022-06-04 02:47:22,56885.8,23160
2022-06-04 02:47:23,56544.3,23501.6
2022-06-04 02:47:24,56315.3,23730.6
2022-06-04 02:47:25,54875.7,25170.2
2022-06-04 02:47:26,55324.7,24721.3
2022-06-04 02:47:27,57161.5,22884.4
2022-06-04 02:47:28,57421.6,22624.3
2022-06-04 02:47:29,56840.6,23205.2
2022-06-04 02:47:30,57724.5,22321.5
2022-06-04 02:47:31,57569.3,22476.5
2022-06-04 02:47:32,56550.7,23495.3
2022-06-04 02:47:33,56876.3,23169.7
2022-06-04 02:47:34,57199.1,22846.8
2022-06-04 02:47:35,57444,22601.9
2022-06-04 02:47:36,56990.1,23055.8
2022-06-04 02:47:37,56895.4,23150.5
2022-06-04 02:47:38,56231.3,23814.6
2022-06-04 02:47:39,55968.6,24077.3
2022-06-04 02:47:40,56351.9,23694.1
2022-06-04 02:47:41,56868.3,23177.6
2022-06-04 02:47:42,56848.7,23197.3
2022-06-04 02:47:43,56531.8,23514
2022-06-04 02:47:44,56539.1,23506.8
2022-06-04 02:47:45,57324.4,22721.5
2022-06-04 02:47:46,57607.9,22438
2022-06-04 02:47:47,57237.5,22808.4
2022-06-04 02:47:48,56945.3,23100.6
2022-06-04 02:47:49,56510.9,23535
2022-06-04 02:47:50,58419.1,21626.9
2022-06-04 02:47:51,57735.4,22310.5
2022-06-04 02:47:52,56855.4,23190.6
2022-06-04 02:47:53,56242.5,23803.5
2022-06-04 02:47:54,55739.2,24306.8
2022-06-04 02:47:55,56007.3,24038.5
2022-06-04 02:47:56,55964.7,24081.1
2022-06-04 02:47:57,56241.5,23804.4
2022-06-04 02:47:58,57049.2,22996.7
2022-06-04 02:47:59,57409.1,22636.9
2022-06-04 02:48:00,56824.9,23221
2022-06-04 02:48:01,57600.6,22445.3
2022-06-04 02:48:02,58240,21806
2022-06-04 02:48:03,57619.9,22426.1
2022-06-04 02:48:04,57115,22931
2022-06-04 02:48:05,56715.6,23330.3
2022-06-04 02:48:06,55979.7,24066.2
2022-06-04 02:48:07,56269.8,23776.1
2022-06-04 02:48:08,55644.2,24401.7
2022-06-04 02:48:09,56056.4,23989.5
2022-06-04 02:48:10,56812.2,23233.7
2022-06-04 02:48:11,56225.9,23820.1
2022-06-04 02:48:12,57022.2,23023.7
2022-06-04 02:48:13,57166.2,22879.7
2022-06-04 02:48:14,57826.2,22219.7
2022-06-04 02:48:15,57271.8,22774.2
2022-06-04 02:48:16,57720.1,22325.8
2022-06-04 02:48:17,57112.4,22933.5
2022-06-04 02:48:18,56755.8,23290.1
2022-06-04 02:48:19,56204.5,23841.5
2022-06-04 02:48:20,55597.5,24448.5
2022-06-04 02:48:21,55445.6,24600.4
2022-06-04 02:48:22,55647,24398.9
2022-06-04 02:48:23,57168.6,22877.4
2022-06-04 02:48:24,57579.6,22466.4
2022-06-04 02:48:25,56977.2,23068.7
2022-06-04 02:48:26,56858.5,23187.4
2022-06-04 02:48:27,56952.8,23093.1
2022-06-04 02:48:28,56804.4,23241.4
2022-06-04 02:48:29,56893.6,23152.3
2022-06-04 02:48:30,56995.7,23050.2
2022-06-04 02:48:31,57507.8,22538.2
2022-06-04 02:48:32,56776.9,23268.9
2022-06-04 02:48:33,56553.9,23492.1
2022-06-04 02:48:34,56290.1,23755.7
2022-06-04 02:48:35,57097.2,22948.7
2022-06-04 02:48:36,57066.3,22979.6
2022-06-04 02:48:37,57346.6,22699.4
2022-06-04 02:48:38,57096.1,22949.8
2022-06-04 02:48:39,57362.5,22683.4
2022-06-04 02:48:40,57004,23041.9
2022-06-04 02:48:41,56220.9,23825.1
2022-06-04 02:48:42,55361.4,24684.5
2022-06-04 02:48:43,56256.6,23789.3
2022-06-04 02:48:44,56539.7,23506.3
2022-06-04 02:48:45,58014.1,22031.8
2022-06-04 02:48:46,58090.7,21955.3
2022-06-04 02:48:47,57473.5,22572.3
2022-06-04 02:48:48,57085.3,22960.5
2022-06-04 02:48:49,56380.6,23665.4
2022-06-04 02:48:50,56565.5,23480.4
2022-06-04 02:48:51,56653.7,23392.2
2022-06-04 02:48:52,56912.8,23133.2
2022-06-04 02:48:53,56713,23333.1
2022-06-04 02:48:54,56825.2,23220.8
2022-06-04 02:48:55,56049.2,23996.7
2022-06-04 02:48:56,55527.9,24518.1
2022-06-04 02:48:57,55768.4,24277.5
2022-06-04 02:48:58,57091.7,22954.3
2022-06-04 02:48:59,58180.3,21865.7
2022-06-04 02:49:00,59076.9,20969
2022-06-04 02:49:01,58242.3,21803.5
2022-06-04 02:49:02,57381.9,22664
2022-06-04 02:49:03,56997.6,23048.4
2022-06-04 02:49:04,56534.6,23511.3
2022-06-04 02:49:05,55427.6,24618.4
2022-06-04 02:49:06,54927.1,25118.8
2022-06-04 02:49:07,55916.7,24129.2
2022-06-04 02:49:08,55889.7,24156.3
2022-06-04 02:49:09,56334.1,23711.8
2022-06-04 02:49:10,57171.4,22874.6
2022-06-04 02:49:11,57069.7,22976.1
2022-06-04 02:49:12,57380.8,22665
2022-06-04 02:49:13,57628.7,22417.2
2022-06-04 02:49:14,58032.9,22013
2022-06-04 02:49:15,58020.8,22025.1
2022-06-04 02:49:16,57489.8,22556.1
2022-06-04 02:49:17,56599.4,23446.4
2022-06-04 02:49:18,55543.7,24502.3
2022-06-04 02:49:19,55281.4,24764.4
2022-06-04 02:49:20,55004.2,25041.7
2022-06-04 02:49:21,55534.2,24511.8
2022-06-04 02:49:22,56937,23109
2022-06-04 02:49:23,57278.8,22767.2
2022-06-04 02:49:24,57874.6,22171.3
2022-06-04 02:49:25,57681.6,22364.4
2022-06-04 02:49:26,57072.9,22973.1
2022-06-04 02:49:27,57528.4,22517.5
2022-06-04 02:49:28,57083.4,22962.6
2022-06-04 02:49:29,57052.5,22993.5
2022-06-04 02:49:30,57464.4,22581.5
2022-06-04 02:49:31,56754.3,23291.6
2022-06-04 02:49:32,55699.5,24346.5
2022-06-04 02:49:33,55748.3,24297.7
2022-06-04 02:49:34,55455.6,24590.4
2022-06-04 02:49:35,55914.8,24131.2
2022-06-04 02:49:36,57920.9,22125
2022-06-04 02:49:37,57439.7,22606.3
2022-06-04 02:49:38,57391.9,22654
2022-06-04 02:49:39,57219.2,22826.7
2022-06-04 02:49:40,57092.7,22953.2
2022-06-04 02:49:41,57000.6,23045.3
2022-06-04 02:49:42,56193.6,23852.4
2022-06-04 02:49:43,57191,22855
2022-06-04 02:49:44,57158.7,22887.4
2022-06-04 02:49:45,57247.9,22798.1
2022-06-04 02:49:46,56703.2,23342.7
2022-06-04 02:49:47,56227.9,23818
2022-06-04 02:49:48,56350.7,23695.3
2022-06-04 02:49:49,55999.2,24046.8
2022-06-04 02:49:50,56579.7,23466.1
2022-06-04 02:49:51,56830.3,23215.6
2022-06-04 02:49:52,56732,23313.9
2022-06-04 02:49:53,57999.1,22046.7
2022-06-04 02:49:54,57135.3,22910.7
2022-06-04 02:49:55,56744.1,23301.8
2022-06-04 02:49:56,56839.8,23206.1
2022-06-04 02:49:57,56963.7,23082.2
2022-06-04 02:49:58,56417.6,23628.3
2022-06-04 02:49:59,56167.3,23878.6
2022-06-04 02:50:00,57314.9,22731.1
2022-06-04 02:50:01,57034.8,23011.1
2022-06-04 02:50:02,56340.3,23705.5
2022-06-04 02:50:03,56244.4,23801.5
2022-06-04 02:50:04,55972.3,24073.6
2022-06-04 02:50:05,56238.5,23807.4
2022-06-04 02:50:06,56610.4,23435.5
2022-06-04 02:50:07,57415.8,22630.2
2022-06-04 02:50:08,57762,22283.9
2022-06-04 02:50:09,57256.9,22789
2022-06-04 02:50:10,56564.3,23481.6
2022-06-04 02:50:11,55994.3,24051.6
2022-06-04 02:50:12,56317.8,23728
2022-06-04 02:50:13,56732.2,23313.6
2022-06-04 02:50:14,58158.6,21887.3
2022-06-04 02:50:15,57554.8,22491.1
2022-06-04 02:50:16,57044.1,23001.8
2022-06-04 02:50:17,55944.5,24101.4
2022-06-04 02:50:18,56563.4,23482.6
2022-06-04 02:50:19,56367.4,23678.6
2022-06-04 02:50:20,56452.4,23593.6
2022-06-04 02:50:21,56580.7,23465.2
2022-06-04 02:50:22,56736.9,23309.1
2022-06-04 02:50:23,56377.9,23668
2022-06-04 02:50:24,56372.1,23673.8
2022-06-04 02:50:25,56148.6,23897.3
2022-06-04 02:50:26,57039.8,23006.1
2022-06-04 02:50:27,57347.9,22698.2
2022-06-04 02:50:28,57099.1,22946.9
2022-06-04 02:50:29,58234.2,21811.8
2022-06-04 02:50:30,58314.1,21732
2022-06-04 02:50:31,57060.5,22985.4
2022-06-04 02:50:32,56430.5,23615.4
2022-06-04 02:50:33,55718.7,24327.4
2022-06-04 02:50:34,55014.3,25031.5
2022-06-04 02:50:35,55840.1,24205.8
2022-06-04 02:50:36,56328.4,23717.6
2022-06-04 02:50:37,55764.7,24281.2
2022-06-04 02:50:38,56818.9,23226.9
2022-06-04 02:50:39,57310.4,22735.5
2022-06-04 02:50:40,57631.8,22414.1
2022-06-04 02:50:41,57867.4,22178.4
2022-06-04 02:50:42,57820.2,22225.7
2022-06-04 02:50:43,57181.4,22864.5
2022-06-04 02:50:44,56669.9,23376.1
2022-06-04 02:50:45,57532,22513.9
2022-06-04 02:50:46,57024.4,23021.5
2022-06-04 02:50:47,56297.4,23748.6
2022-06-04 02:50:48,54991.6,25054.3
2022-06-04 02:50:49,55041.8,25004.1
2022-06-04 02:50:50,55334.3,24711.7
2022-06-04 02:50:51,57291.9,22754
2022-06-04 02:50:52,57851.5,22194.4
2022-06-04 02:50:53,58456.3,21589.6
2022-06-04 02:50:54,57337.7,22708.2
2022-06-04 02:50:55,58155.3,21890.6
2022-06-04 02:50:56,58102.2,21943.7
2022-06-04 02:50:57,57284.1,22761.8
2022-06-04 02:50:58,56836.5,23209.3
2022-06-04 02:50:59,57125.2,22920.7
2022-06-04 02:51:00,56465.1,23580.8
2022-06-04 02:51:01,55902.3,24143.7
2022-06-04 02:51:02,56063.2,23982.6
2022-06-04 02:51:03,56424.1,23621.8
2022-06-04 02:51:04,56919.9,23126
2022-06-04 02:51:05,56739.3,23306.6
2022-06-04 02:51:06,57290.9,22755
2022-06-04 02:51:07,57809.7,22236.4
2022-06-04 02:51:08,57181.9,22864.1
2022-06-04 02:51:09,56936.7,23109.1
2022-06-04 02:51:10,56905.4,23140.6
2022-06-04 02:51:11,56755.9,23290.1
2022-06-04 02:51:12,55690.6,24355.3
2022-06-04 02:51:13,56211,23834.9
2022-06-04 02:51:14,57068.1,22977.9
2022-06-04 02:51:15,57804.9,22241
2022-06-04 02:51:16,58172.9,21873
2022-06-04 02:51:17,58433.4,21612.6
2022-06-04 02:51:18,57889.7,22156.2
2022-06-04 02:51:19,56729.3,23316.6
2022-06-04 02:51:20,55922.7,24123.2
2022-06-04 02:51:21,55692.8,24353.1
2022-06-04 02:51:22,56261.8,23784.2
2022-06-04 02:51:23,55929.7,24116.2
2022-06-04 02:51:24,56029.8,24016.2
2022-06-04 02:51:25,56282.4,23763.4
2022-06-04 02:51:26,56876.7,23169.2
2022-06-04 02:51:27,57553.8,22492
2022-06-04 02:51:28,58325.5,21720.3
2022-06-04 02:51:29,58788.1,21257.9
2022-06-04 02:51:30,57908.6,22137.3
2022-06-04 02:51:31,57722.2,22323.7
2022-06-04 02:51:32,56864.6,23181.4
2022-06-04 02:51:33,55944.1,24101.8
2022-06-04 02:51:34,55265,24780.9
2022-06-04 02:51:35,55707.4,24338.7
2022-06-04 02:51:36,55061.5,24984.5
2022-06-04 02:51:37,57001.8,23044
2022-06-04 02:51:38,56431.7,23614.3
2022-06-04 02:51:39,57254.4,22791.6
2022-06-04 02:51:40,57684.3,22361.8
2022-06-04 02:51:41,58304.2,21741.7
2022-06-04 02:51:42,58257.7,21788.3
2022-06-04 02:51:43,57929.5,22116.4
2022-06-04 02:51:44,57453,22592.9
2022-06-04 02:51:45,57062.9,22983
2022-06-04 02:51:46,57228.2,22817.8
2022-06-04 02:51:47,56046.7,23999.2
2022-06-04 02:51:48,55777.4,24268.5
2022-06-04 02:51:49,55729.3,24316.7
2022-06-04 02:51:50,56795.8,23250.2
2022-06-04 02:51:51,56767.3,23278.8
2022-06-04 02:51:52,57827.8,22218.1
2022-06-04 02:51:53,56600.7,23445.1
2022-06-04 02:51:54,56474.4,23571.5
2022-06-04 02:51:55,56533.9,23512.1
2022-06-04 02:51:56,57547.9,22498.1
2022-06-04 02:51:57,57692.5,22353.5
2022-06-04 02:51:58,56902.5,23143.4
2022-06-04 02:51:59,56318.4,23727.7
2022-06-04 02:52:00,56239,23806.9
2022-06-04 02:52:01,56740,23306
2022-06-04 02:52:02,57228.1,22817.8
2022-06-04 02:52:03,56567.7,23478.2
2022-06-04 02:52:04,56606,23439.8
2022-06-04 02:52:05,57227.8,22818.2
2022-06-04 02:52:06,56863.2,23182.6
2022-06-04 02:52:07,57476,22570
2022-06-04 02:52:08,56567.9,23478
2022-06-04 02:52:09,55922.2,24123.6
2022-06-04 02:52:10,56014.2,24031.8
2022-06-04 02:52:11,56648.2,23397.8
2022-06-04 02:52:12,56809.1,23236.8
2022-06-04 02:52:13,57498.2,22547.7
2022-06-04 02:52:14,57248.7,22797.1
2022-06-04 02:52:15,57188.3,22857.7
2022-06-04 02:52:16,57019.6,23026.3
2022-06-04 02:52:17,57904.8,22141.1
2022-06-04 02:52:18,57614.5,22431.4
2022-06-04 02:52:19,56857.2,23188.6
2022-06-04 02:52:20,56539.3,23506.7
2022-06-04 02:52:21,56672.2,23373.7
2022-06-04 02:52:22,56520.6,23525.4
2022-06-04 02:52:23,56312,23733.9
2022-06-04 02:52:24,55668.2,24377.6
2022-06-04 02:52:25,55287.1,24758.8
2022-06-04 02:52:26,55836.1,24209.8
2022-06-04 02:52:27,56795.5,23250.4
2022-06-04 02:52:28,57765.9,22279.9
2022-06-04 02:52:29,57979.4,22066.5
2022-06-04 02:52:30,57543.5,22502.4
2022-06-04 02:52:31,56994.2,23051.8
2022-06-04 02:52:32,57163.3,22882.7
2022-06-04 02:52:33,57118.2,22927.7
2022-06-04 02:52:34,57689,22356.9
2022-06-04 02:52:35,57648.9,22397
2022-06-04 02:52:36,57221.9,22824
2022-06-04 02:52:37,56547.2,23498.8
2022-06-04 02:52:38,55376,24670
2022-06-04 02:52:39,54902.1,25143.8
2022-06-04 02:52:40,55580.5,24465.5
2022-06-04 02:52:41,57458.1,22587.9
2022-06-04 02:52:42,57492.1,22553.8
2022-06-04 02:52:43,57911.7,22134.2
2022-06-04 02:52:44,57576.7,22469.2
2022-06-04 02:52:45,57282.9,22763
2022-06-04 02:52:46,57504.1,22541.9
2022-06-04 02:52:47,56732.5,23313.5
2022-06-04 02:52:48,56692,23353.9
2022-06-04 02:52:49,56848,23197.9
2022-06-04 02:52:50,56725.9,23320
2022-06-04 02:52:51,56301,23744.8
2022-06-04 02:52:52,55358.5,24687.3
2022-06-04 02:52:53,55483.2,24562.8
2022-06-04 02:52:54,57254.9,22791
2022-06-04 02:52:55,56813,23233.1
2022-06-04 02:52:56,57906.5,22139.5
2022-06-04 02:52:57,58059.9,21986
2022-06-04 02:52:58,57928.6,22117.3
2022-06-04 02:52:59,57210.1,22835.9
2022-06-04 02:53:00,56955,23091
2022-06-04 02:53:01,56485.5,23560.4
2022-06-04 02:53:02,56922.7,23123.1
2022-06-04 02:53:03,56120.5,23925.5
2022-06-04 02:53:04,57160,22885.9
2022-06-04 02:53:05,56704.1,23341.7
2022-06-04 02:53:06,56987.8,23058.1
2022-06-04 02:53:07,56892.8,23153.1
2022-06-04 02:53:08,56730,23315.8
2022-06-04 02:53:09,56358.6,23687.3
2022-06-04 02:53:10,56578.3,23467.6
2022-06-04 02:53:11,56974.9,23071
2022-06-04 02:53:12,57069.3,22976.7
2022-06-04 02:53:13,57182.9,22863.1
2022-06-04 02:53:14,56865.3,23180.7
2022-06-04 02:53:15,57131.9,22914.1
2022-06-04 02:53:16,56931.2,23114.8
2022-06-04 02:53:17,57538,22508
2022-06-04 02:53:18,57354.6,22691.3
2022-06-04 02:53:19,57758.4,22287.5
2022-06-04 02:53:20,57105.2,22940.7
2022-06-04 02:53:21,56199,23846.9
2022-06-04 02:53:22,55979.6,24066.4
2022-06-04 02:53:23,55561.4,24484.5
2022-06-04 02:53:24,55562,24483.8
2022-06-04 02:53:25,56262,23783.8
2022-06-04 02:53:26,56981.8,23064.2
2022-06-04 02:53:27,57443.8,22602.1
2022-06-04 02:53:28,57954.7,22091.4
2022-06-04 02:53:29,57336.8,22709.2
2022-06-04 02:53:30,57471.3,22574.6
2022-06-04 02:53:31,57519.7,22526.3
2022-06-04 02:53:32,57270.2,22775.6
2022-06-04 02:53:33,57234.5,22811.4
2022-06-04 02:53:34,57221.9,22824
2022-06-04 02:53:35,56172.7,23873.2
2022-06-04 02:53:36,55800.5,24245.3
2022-06-04 02:53:37,56026.1,24019.7
2022-06-04 02:53:38,56043.1,24002.7
2022-06-04 02:53:39,56839.5,23206.4
2022-06-04 02:53:40,56798,23248
2022-06-04 02:53:41,57289.2,22756.8
2022-06-04 02:53:42,57447.7,22598.2
2022-06-04 02:53:43,57410,22635.8
2022-06-04 02:53:44,57698.5,22347.4
2022-06-04 02:53:45,57495.6,22550.3
2022-06-04 02:53:46,57107.5,22938.5
2022-06-04 02:53:47,57034,23012
2022-06-04 02:53:48,56330.2,23715.6
2022-06-04 02:53:49,56618.4,23427.5
2022-06-04 02:53:50,56931.2,23114.6
2022-06-04 02:53:51,56856.3,23189.5
2022-06-04 02:53:52,56271.9,23774
2022-06-04 02:53:53,55605.4,24440.5
2022-06-04 02:53:54,56002.9,24043
2022-06-04 02:53:55,57026.7,23019.3
2022-06-04 02:53:56,57307.3,22738.6
2022-06-04 02:53:57,58709,21336.9
2022-06-04 02:53:58,57914.3,22131.5
2022-06-04 02:53:59,57154.9,22891
2022-06-04 02:54:00,57033.9,23011.9
2022-06-04 02:54:01,56720.2,23325.8
2022-06-04 02:54:02,56808.5,23237.4
2022-06-04 02:54:03,56062.6,23983.3
2022-06-04 02:54:04,56169.8,23876.2
2022-06-04 02:54:05,55939.7,24106.1
2022-06-04 02:54:06,56673.4,23372.6
2022-06-04 02:54:07,56018.9,24027.1
2022-06-04 02:54:08,56561.3,23484.6
2022-06-04 02:54:09,57079.8,22966.1
2022-06-04 02:54:10,56868.9,23177.2
2022-06-04 02:54:11,57051,22995
2022-06-04 02:54:12,57482.3,22563.6
2022-06-04 02:54:13,57892.7,22153.2
2022-06-04 02:54:14,57499.6,22546.3
2022-06-04 02:54:15,56810,23236
2022-06-04 02:54:16,56661.2,23384.6
2022-06-04 02:54:17,56652.9,23393.1
2022-06-04 02:54:18,56984.8,23061.2
2022-06-04 02:54:19,57141,22905
2022-06-04 02:54:20,56514.2,23531.8
2022-06-04 02:54:21,56452,23593.8
2022-06-04 02:54:22,55965.4,24080.5
2022-06-04 02:54:23,56050.4,23995.6
2022-06-04 02:54:24,57152.1,22893.9
2022-06-04 02:54:25,57027.9,23018.1
2022-06-04 02:54:26,57125.9,22920.1
2022-06-04 02:54:27,57286.6,22759.3
2022-06-04 02:54:28,56835.1,23210.8
2022-06-04 02:54:29,57531.6,22514.3
2022-06-04 02:54:30,57401.2,22644.7
2022-06-04 02:54:31,57807.6,22238.4
2022-06-04 02:54:32,56687.6,23358.4
2022-06-04 02:54:33,56345.6,23700.3
2022-06-04 02:54:34,57054.3,22991.6
2022-06-04 02:54:35,56550.5,23495.5
2022-06-04 02:54:36,56122.4,23923.5
2022-06-04 02:54:37,56004.9,24041
2022-06-04 02:54:38,56802.4,23243.5
2022-06-04 02:54:39,56599.5,23446.5
2022-06-04 02:54:40,57188.9,22857.1
2022-06-04 02:54:41,57286.1,22759.9
2022-06-04 02:54:42,58024.8,22021.3
2022-06-04 02:54:43,57817.4,22228.6
2022-06-04 02:54:44,57439.1,22606.9
2022-06-04 02:54:45,57317.9,22727.9
2022-06-04 02:54:46,56964,23081.9
2022-06-04 02:54:47,57590.2,22455.7
2022-06-04 02:54:48,57774.4,22271.4
2022-06-04 02:54:49,56888,23158
2022-06-04 02:54:50,56310.5,23735.4
2022-06-04 02:54:51,55715.1,24330.6
2022-06-04 02:54:52,55455,24590.9
2022-06-04 02:54:53,54937.4,25108.5
2022-06-04 02:54:54,56433.7,23612.2
2022-06-04 02:54:55,57304.1,22741.8
2022-06-04 02:54:56,58106.2,21939.7
2022-06-04 02:54:57,58534.9,21511
2022-06-04 02:54:58,58106.9,21939
2022-06-04 02:54:59,57271.4,22774.6
2022-06-04 02:55:00,57525.4,22520.6
2022-06-04 02:55:01,57285.4,22760.4
2022-06-04 02:55:02,57234.2,22811.7
2022-06-04 02:55:03,56079.6,23966.4
2022-06-04 02:55:04,55629,24417
2022-06-04 02:55:05,55048.5,24997.3
2022-06-04 02:55:06,54742.3,25303.5
2022-06-04 02:55:07,55620.2,24425.7
2022-06-04 02:55:08,57376.2,22669.8
2022-06-04 02:55:09,57447.6,22598.3
2022-06-04 02:55:10,57619.8,22426.1
2022-06-04 02:55:11,58282.5,21763.4
2022-06-04 02:55:12,58460.1,21585.8
2022-06-04 02:55:13,57595.6,22450.2
2022-06-04 02:55:14,56964.7,23081.3
2022-06-04 02:55:15,56802.7,23243.4
2022-06-04 02:55:16,56612.9,23433
2022-06-04 02:55:17,55893.4,24152.6
2022-06-04 02:55:18,55667.5,24378.4
2022-06-04 02:55:19,56162.8,23883.1
2022-06-04 02:55:20,56977.8,23068.1
2022-06-04 02:55:21,57077.5,22968.5
2022-06-04 02:55:22,56913.6,23132.3
2022-06-04 02:55:23,56972,23074
2022-06-04 02:55:24,56980.3,23065.6
2022-06-04 02:55:25,56773.4,23272.5
2022-06-04 02:55:26,57791.2,22254.7
2022-06-04 02:55:27,57650.6,22395.2
2022-06-04 02:55:28,57418.2,22627.8
2022-06-04 02:55:29,57351.3,22694.6
2022-06-04 02:55:30,56584.8,23461.1
2022-06-04 02:55:31,57133.7,22912.3
2022-06-04 02:55:32,56360.2,23685.7
2022-06-04 02:55:33,57460.4,22585.6
2022-06-04 02:55:34,57542.7,22503.3
2022-06-04 02:55:35,57589.1,22456.8
2022-06-04 02:55:36,56573.6,23472.4
2022-06-04 02:55:37,56232.4,23813.5
2022-06-04 02:55:38,55908.5,24137.3
2022-06-04 02:55:39,55511.7,24534.2
2022-06-04 02:55:40,55350.9,24695
2022-06-04 02:55:41,56442.5,23603.4
2022-06-04 02:55:42,57250.1,22795.9
2022-06-04 02:55:43,57024.4,23021.6
2022-06-04 02:55:44,57368.5,22677.3
2022-06-04 02:55:45,58098.1,21947.9
2022-06-04 02:55:46,57479.8,22566.1
2022-06-04 02:55:47,57639,22406.9
2022-06-04 02:55:48,57532,22514
2022-06-04 02:55:49,57034.5,23011.5
2022-06-04 02:55:50,56363.9,23681.9
2022-06-04 02:55:51,56959,23086.9
2022-06-04 02:55:52,56066.7,23979.3
2022-06-04 02:55:53,55416.5,24629.5
2022-06-04 02:55:54,55248.6,24797.4
2022-06-04 02:55:55,55788.4,24257.7
2022-06-04 02:55:56,57436.6,22609.3
2022-06-04 02:55:57,58557.5,21488.5
2022-06-04 02:55:58,58543,21502.9
2022-06-04 02:55:59,57901.5,22144.5
2022-06-04 02:56:00,57338.2,22707.6
2022-06-04 02:56:01,57984.2,22061.7
2022-06-04 02:56:02,57313.1,22732.8
2022-06-04 02:56:03,57046.6,22999.4
2022-06-04 02:56:04,57161.6,22884.4
2022-06-04 02:56:05,56977.8,23068.2
2022-06-04 02:56:06,55585,24460.9
2022-06-04 02:56:07,54819.7,25226.3
2022-06-04 02:56:08,55152.6,24893.3
2022-06-04 02:56:09,55607.4,24438.5
2022-06-04 02:56:10,56740.5,23305.3
2022-06-04 02:56:11,57930,22116
2022-06-04 02:56:12,57992.4,22053.6
2022-06-04 02:56:13,57779.7,22266.2
2022-06-04 02:56:14,57620.2,22425.6
2022-06-04 02:56:15,58076.4,21969.6
2022-06-04 02:56:16,57389.3,22656.5
2022-06-04 02:56:17,56433.6,23612.4
2022-06-04 02:56:18,55513.4,24532.6
2022-06-04 02:56:19,55950,24096
2022-06-04 02:56:20,56177.4,23868.6
2022-06-04 02:56:21,56252.2,23793.7
2022-06-04 02:56:22,56657.2,23388.7
2022-06-04 02:56:23,56579.7,23466.2
2022-06-04 02:56:24,56390,23655.9
2022-06-04 02:56:25,56943.9,23102.1
2022-06-04 02:56:26,57460.7,22585.2
2022-06-04 02:56:27,58011.1,22034.9
2022-06-04 02:56:28,57217.8,22828.2
2022-06-04 02:56:29,57520.2,22525.7
2022-06-04 02:56:30,56729.5,23316.5
2022-06-04 02:56:31,56404.2,23641.7
2022-06-04 02:56:32,55702.4,24343.6
2022-06-04 02:56:33,55840.9,24204.9
2022-06-04 02:56:34,58566.6,21479.3
2022-06-04 02:56:35,57890.2,22155.8
2022-06-04 02:56:36,57147.5,22898.5
2022-06-04 02:56:37,56323.7,23722.2
2022-06-04 02:56:38,55777.1,24268.9
2022-06-04 02:56:39,55832.5,24213.4
2022-06-04 02:56:40,56285.2,23760.7
2022-06-04 02:56:41,58090.4,21955.6
2022-06-04 02:56:42,57789.5,22256.4
2022-06-04 02:56:43,57617.7,22428.1
2022-06-04 02:56:44,56807,23238.9
2022-06-04 02:56:45,56136.5,23909.4
2022-06-04 02:56:46,56154.9,23891
2022-06-04 02:56:47,57511,22535
2022-06-04 02:56:48,57288.9,22757.1
2022-06-04 02:56:49,57070,22975.9
2022-06-04 02:56:50,56490,23555.9
2022-06-04 02:56:51,55746.1,24299.8
2022-06-04 02:56:52,55611.6,24434.4
2022-06-04 02:56:53,55469.2,24576.6
2022-06-04 02:56:54,56366.8,23679.2
2022-06-04 02:56:55,56451.9,23594
2022-06-04 02:56:56,57765.2,22280.6
2022-06-04 02:56:57,58018.9,22027.1
2022-06-04 02:56:58,57295.5,22750.5
2022-06-04 02:56:59,57300.4,22745.5
2022-06-04 02:57:00,57548.2,22497.8
2022-06-04 02:57:01,57079.7,22966.2
2022-06-04 02:57:02,57125.3,22920.7
2022-06-04 02:57:03,56742.5,23303.5
2022-06-04 02:57:04,56483.5,23562.4
2022-06-04 02:57:05,55975.8,24070.2
2022-06-04 02:57:06,55661.9,24384.1
2022-06-04 02:57:07,55332.4,24713.4
2022-06-04 02:57:08,55999,24047
2022-06-04 02:57:09,56309.7,23736.4
2022-06-04 02:57:10,57179,22867
2022-06-04 02:57:11,57798.8,22247.2
2022-06-04 02:57:12,58599.5,21446.6
2022-06-04 02:57:13,58744.2,21301.7
2022-06-04 02:57:14,57887.5,22158.5
2022-06-04 02:57:15,57384.9,22660.9
2022-06-04 02:57:16,56866.4,23179.6
2022-06-04 02:57:17,56142.9,23903.1
2022-06-04 02:57:18,56589.4,23456.5
2022-06-04 02:57:19,56425.5,23620.4
2022-06-04 02:57:20,55618.4,24427.6
2022-06-04 02:57:21,55001.8,25044
2022-06-04 02:57:22,55437.2,24608.8
2022-06-04 02:57:23,55101.7,24944.2
2022-06-04 02:57:24,56785.2,23260.6
2022-06-04 02:57:25,57986,22060
2022-06-04 02:57:26,59636.2,20409.7
2022-06-04 02:57:27,58765.5,21280.5
2022-06-04 02:57:28,58456.2,21589.8
2022-06-04 02:57:29,57426.9,22619
2022-06-04 02:57:30,57145.8,22900.1
2022-06-04 02:57:31,56338.7,23707.2
2022-06-04 02:57:32,55811.9,24234.2
2022-06-04 02:57:33,54999.2,25046.7
2022-06-04 02:57:34,55250.4,24795.4
2022-06-04 02:57:35,55194.6,24851.3
2022-06-04 02:57:36,55483.8,24562.2
2022-06-04 02:57:37,56738.2,23307.7
2022-06-04 02:57:38,58835.2,21210.7
2022-06-04 02:57:39,58798.8,21247.2
2022-06-04 02:57:40,59174.3,20871.6
2022-06-04 02:57:41,59103.2,20942.8
2022-06-04 02:57:42,58133.5,21912.4
2022-06-04 02:57:43,57157.7,22888.4
2022-06-04 02:57:44,56147.7,23898.2
2022-06-04 02:57:45,55825.9,24219.9
2022-06-04 02:57:46,55485.4,24560.4
2022-06-04 02:57:47,54685.2,25360.7
2022-06-04 02:57:48,54992.5,25053.5
2022-06-04 02:57:49,56271.4,23774.5
2022-06-04 02:57:50,57352.2,22693.7
2022-06-04 02:57:51,56979.6,23066.2
2022-06-04 02:57:52,57863,22183
2022-06-04 02:57:53,58038.9,22007.1
2022-06-04 02:57:54,58363.3,21682.6
2022-06-04 02:57:55,57897.2,22148.7
2022-06-04 02:57:56,57195.8,22850.2
2022-06-04 02:57:57,57099.3,22946.7
2022-06-04 02:57:58,55881.7,24164.2
2022-06-04 02:57:59,55678.9,24367
2022-06-04 02:58:00,56686.9,23359.1
2022-06-04 02:58:01,56301.8,23744.1
2022-06-04 02:58:02,55610,24435.9
2022-06-04 02:58:03,56017.3,24028.6
2022-06-04 02:58:04,56558.8,23487
2022-06-04 02:58:05,56585.8,23460.1
2022-06-04 02:58:06,57429.9,22616.1
2022-06-04 02:58:07,58138.7,21907.2
2022-06-04 02:58:08,57322.1,22723.8
2022-06-04 02:58:09,56911.9,23134
2022-06-04 02:58:10,57058.6,22987.4
2022-06-04 02:58:11,57075.2,22970.7
2022-06-04 02:58:12,57010.5,23035.6
2022-06-04 02:58:13,56495,23550.8
2022-06-04 02:58:14,56609.8,23436.2
2022-06-04 02:58:15,55960.5,24085.5
2022-06-04 02:58:16,56203.4,23842.6
2022-06-04 02:58:17,55885.1,24160.9
2022-06-04 02:58:18,55949.5,24096.5
2022-06-04 02:58:19,56408.6,23637.3
2022-06-04 02:58:20,56683.8,23362.2
2022-06-04 02:58:21,57069.4,22976.6
2022-06-04 02:58:22,58392.5,21653.5
2022-06-04 02:58:23,58100,21946
2022-06-04 02:58:24,57094.1,22951.9
2022-06-04 02:58:25,57257.2,22788.8
2022-06-04 02:58:26,57233.5,22812.5
2022-06-04 02:58:27,56958.5,23087.4
2022-06-04 02:58:28,57342.6,22703.3
2022-06-04 02:58:29,56287.1,23758.8
2022-06-04 02:58:30,55446.2,24599.7
2022-06-04 02:58:31,54587.1,25458.8
2022-06-04 02:58:32,54520.9,25525.1
2022-06-04 02:58:33,56798.2,23247.8
2022-06-04 02:58:34,57707.7,22338.3
2022-06-04 02:58:35,58014.1,22031.9
2022-06-04 02:58:36,57721.6,22324.4
2022-06-04 02:58:37,57417.7,22628.2
2022-06-04 02:58:38,56483.1,23562.8
2022-06-04 02:58:39,57334.2,22711.8
2022-06-04 02:58:40,57911.9,22134.1
2022-06-04 02:58:41,57095.1,22950.9
2022-06-04 02:58:42,56403,23642.9
2022-06-04 02:58:43,56084.8,23961.1
2022-06-04 02:58:44,56890.4,23155.6
2022-06-04 02:58:45,56518.5,23527.5
2022-06-04 02:58:46,56212.5,23833.4
2022-06-04 02:58:47,55203.2,24842.7
2022-06-04 02:58:48,56063.2,23982.7
2022-06-04 02:58:49,56924.4,23121.5
2022-06-04 02:58:50,57513.3,22532.7
2022-06-04 02:58:51,57601.2,22444.7
2022-06-04 02:58:52,58030,22015.9
2022-06-04 02:58:53,56844.6,23201.4
2022-06-04 02:58:54,56956.5,23089.4
2022-06-04 02:58:55,56918.7,23127.3
2022-06-04 02:58:56,57735,22311
2022-06-04 02:58:57,57438.2,22607.6
2022-06-04 02:58:58,56709.8,23336.1
2022-06-04 02:58:59,55730.7,24315.2
2022-06-04 02:59:00,55454.5,24591.5
2022-06-04 02:59:01,54438,25607.8
2022-06-04 02:59:02,55387.9,24658
2022-06-04 02:59:03,56614.7,23431.1
2022-06-04 02:59:04,58606.2,21439.6
2022-06-04 02:59:05,58296,21750
2022-06-04 02:59:06,57519.1,22526.7
2022-06-04 02:59:07,57884.8,22161.1
2022-06-04 02:59:08,58101,21945
2022-06-04 02:59:09,57976.4,22069.4
2022-06-04 02:59:10,57371.2,22674.6
2022-06-04 02:59:11,56748.6,23297.3
2022-06-04 02:59:12,56556.7,23489.3
2022-06-04 02:59:13,55628.5,24417.5
2022-06-04 02:59:14,54782.1,25263.7
2022-06-04 02:59:15,55660.3,24385.5
2022-06-04 02:59:16,56974.8,23071.1
2022-06-04 02:59:17,56935.5,23110.4
2022-06-04 02:59:18,57297.2,22748.7
2022-06-04 02:59:19,58082.1,21963.8
2022-06-04 02:59:20,58713.1,21332.8
2022-06-04 02:59:21,57932.8,22113.2
2022-06-04 02:59:22,57214.5,22831.3
2022-06-04 02:59:23,56789.1,23256.8
2022-06-04 02:59:24,56287.8,23758.1
2022-06-04 02:59:25,55415.1,24630.8
2022-06-04 02:59:26,56100.1,23945.9
2022-06-04 02:59:27,55542.2,24503.7
2022-06-04 02:59:28,55711.4,24334.5
2022-06-04 02:59:29,56339.1,23706.9
2022-06-04 02:59:30,57017.1,23028.8
2022-06-04 02:59:31,57894.4,22151.5
2022-06-04 02:59:32,58193.3,21852.7
2022-06-04 02:59:33,58431.9,21614.1
2022-06-04 02:59:34,57586.9,22459
2022-06-04 02:59:35,56983.2,23062.8
2022-06-04 02:59:36,56218.7,23827.1
2022-06-04 02:59:37,56288.4,23757.6
2022-06-04 02:59:38,56033.4,24012.5
2022-06-04 02:59:39,55370.5,24675.3
2022-06-04 02:59:40,55631.1,24414.9
2022-06-04 02:59:41,57263.6,22782.2
2022-06-04 02:59:42,57978.8,22067.2
2022-06-04 02:59:43,58309.5,21736.5
2022-06-04 02:59:44,57411.3,22634.7
2022-06-04 02:59:45,57081.1,22964.9
2022-06-04 02:59:46,56943.2,23102.8
2022-06-04 02:59:47,57392.2,22653.7
2022-06-04 02:59:48,57166.4,22879.6
2022-06-04 02:59:49,56725.3,23320.7
2022-06-04 02:59:50,55415.4,24630.5
2022-06-04 02:59:51,55722.4,24323.5
2022-06-04 02:59:52,55608.7,24437.2
2022-06-04 02:59:53,56449.4,23596.7
2022-06-04 02:59:54,57982.6,22063.4
2022-06-04 02:59:55,57567.2,22478.7
2022-06-04 02:59:56,57574.7,22471.3
2022-06-04 02:59:57,57516.7,22529.4
2022-06-04 02:59:58,56889.4,23156.6
2022-06-04 02:59:59,56908.5,23137.4
2022-06-04 03:00:00,56579.6,23466.3
2022-06-04 03:00:01,56486,23559.9
2022-06-04 03:00:02,56918.8,23127.1
2022-06-04 03:00:03,56031.3,24014.7
2022-06-04 03:00:04,56038.9,24007.1
2022-06-04 03:00:05,55844,24202
2022-06-04 03:00:06,57438.4,22607.5
2022-06-04 03:00:07,57075.3,22970.7
2022-06-04 03:00:08,57342.7,22703.2
2022-06-04 03:00:09,56897,23148.9
2022-06-04 03:00:10,57157.2,22888.7
2022-06-04 03:00:11,56912.4,23133.6
2022-06-04 03:00:12,57669.6,22376.2
2022-06-04 03:00:13,57079,22966.9
2022-06-04 03:00:14,56189.6,23856.3
2022-06-04 03:00:15,56419.8,23626.1
2022-06-04 03:00:16,55830.3,24215.6
2022-06-04 03:00:17,56999.2,23046.7
2022-06-04 03:00:18,57157.7,22888.4
2022-06-04 03:00:19,56908.8,23137.2
2022-06-04 03:00:20,56357.1,23688.9
2022-06-04 03:00:21,56921.6,23124.3
2022-06-04 03:00:22,56776.8,23269.1
2022-06-04 03:00:23,57710.5,22335.5
2022-06-04 03:00:24,57396.2,22649.8
2022-06-04 03:00:25,57025.3,23020.7
2022-06-04 03:00:26,57068.9,22977
2022-06-04 03:00:27,56140.2,23905.8
2022-06-04 03:00:28,56729.2,23316.7
2022-06-04 03:00:29,56862.8,23183.3
2022-06-04 03:00:30,56406.6,23639.5
2022-06-04 03:00:31,57407,22639
2022-06-04 03:00:32,57566.5,22479.3
2022-06-04 03:00:33,56502.2,23543.7
2022-06-04 03:00:34,56173.5,23872.4
2022-06-04 03:00:35,56197.6,23848.3
2022-06-04 03:00:36,56616.5,23429.5
2022-06-04 03:00:37,56378.9,23667.1
2022-06-04 03:00:38,57216.3,22829.6
2022-06-04 03:00:39,57866.7,22179.2
2022-06-04 03:00:40,57900.8,22145.2
2022-06-04 03:00:41,57224.2,22821.8
2022-06-04 03:00:42,56421.8,23624
2022-06-04 03:00:43,56250.6,23795.4
2022-06-04 03:00:44,57516.9,22529
2022-06-04 03:00:45,57497.3,22548.6
2022-06-04 03:00:46,57484.1,22561.8
2022-06-04 03:00:47,56842.3,23203.6
2022-06-04 03:00:48,56070.5,23975.4
2022-06-04 03:00:49,55574,24471.9
2022-06-04 03:00:50,55757.4,24288.6
2022-06-04 03:00:51,56561.4,23484.6
2022-06-04 03:00:52,56902.9,23143
2022-06-04 03:00:53,58632.6,21413.4
2022-06-04 03:00:54,57606.8,22439.2
2022-06-04 03:00:55,56936.7,23109.3
2022-06-04 03:00:56,56939.8,23106.1
2022-06-04 03:00:57,57263.9,22782.1
2022-06-04 03:00:58,57195.9,22850.1
2022-06-04 03:00:59,57477.1,22568.9
2022-06-04 03:01:00,57672.7,22373.3
2022-06-04 03:01:01,57228.5,22817.4
2022-06-04 03:01:02,56561.8,23484.2
2022-06-04 03:01:03,55494.9,24551
2022-06-04 03:01:04,55078,24967.9
2022-06-04 03:01:05,56026.3,24019.6
2022-06-04 03:01:06,57035.1,23010.8
2022-06-04 03:01:07,56914.4,23131.5
2022-06-04 03:01:08,58883,21162.9
2022-06-04 03:01:09,58576,21470
2022-06-04 03:01:10,57547.1,22498.8
2022-06-04 03:01:11,57468.8,22577.2
2022-06-04 03:01:12,57175.8,22870.1
2022-06-04 03:01:13,57079.4,22966.6
2022-06-04 03:01:14,56753.9,23292
2022-06-04 03:01:15,56503.8,23542
2022-06-04 03:01:16,56690.4,23355.5
2022-06-04 03:01:17,56159.3,23886.6
2022-06-04 03:01:18,56060.5,23985.5
2022-06-04 03:01:19,56141.2,23904.7
2022-06-04 03:01:20,56799,23247
2022-06-04 03:01:21,57669.3,22376.6
2022-06-04 03:01:22,59155.4,20890.5
2022-06-04 03:01:23,58974.7,21071.1
2022-06-04 03:01:24,57895.6,22150.3
2022-06-04 03:01:25,57253.6,22792.4
2022-06-04 03:01:26,56287.7,23758.3
2022-06-04 03:01:27,55571.9,24474
2022-06-04 03:01:28,56221.8,23824.2
2022-06-04 03:01:29,56065.9,23980
2022-06-04 03:01:30,56044.8,24001.1
2022-06-04 03:01:31,56081.3,23964.6
2022-06-04 03:01:32,56883.3,23162.6
2022-06-04 03:01:33,57673.4,22372.6
2022-06-04 03:01:34,58368.7,21677.2
2022-06-04 03:01:35,57943.6,22102.3
2022-06-04 03:01:36,58020,22025.9
2022-06-04 03:01:37,57196.2,22849.8
2022-06-04 03:01:38,57013.5,23032.4
2022-06-04 03:01:39,56837.6,23208.5
2022-06-04 03:01:40,55972.7,24073.3
2022-06-04 03:01:41,56134.1,23911.8
2022-06-04 03:01:42,55288.9,24757.2
2022-06-04 03:01:43,55993.3,24052.6
2022-06-04 03:01:44,55837.8,24208.2
2022-06-04 03:01:45,56968.5,23077.4
2022-06-04 03:01:46,57986.6,22059.3
2022-06-04 03:01:47,57899.6,22146.4
2022-06-04 03:01:48,57514.1,22531.9
2022-06-04 03:01:49,57401.5,22644.4
2022-06-04 03:01:50,57130,22916
2022-06-04 03:01:51,56551.7,23494.2
2022-06-04 03:01:52,56635.7,23410.2
2022-06-04 03:01:53,57276.7,22769.3
2022-06-04 03:01:54,56665.2,23380.8
2022-06-04 03:01:55,55857.5,24188.5
2022-06-04 03:01:56,56546.4,23499.6
2022-06-04 03:01:57,56035.5,24010.5
2022-06-04 03:01:58,56367.6,23678.3
2022-06-04 03:01:59,57010.2,23035.7
2022-06-04 03:02:00,56903.4,23142.4
2022-06-04 03:02:01,57802.1,22243.8
2022-06-04 03:02:02,57345.2,22700.7
2022-06-04 03:02:03,57292.4,22753.5
2022-06-04 03:02:04,57442.9,22603.1
2022-06-04 03:02:05,56961.1,23084.8
2022-06-04 03:02:06,56227.6,23818.3
2022-06-04 03:02:07,56314.9,23731.1
2022-06-04 03:02:08,56872.7,23173.3
2022-06-04 03:02:09,57696.3,22349.6
2022-06-04 03:02:10,56391.9,23654
2022-06-04 03:02:11,56153,23893
2022-06-04 03:02:12,55737.5,24308.3
2022-06-04 03:02:13,56271.6,23774.2
2022-06-04 03:02:14,56383.4,23662.6
2022-06-04 03:02:15,57905.9,22140
2022-06-04 03:02:16,58634.7,21411.2
2022-06-04 03:02:17,57459.5,22586.5
2022-06-04 03:02:18,57247.5,22798.4
2022-06-04 03:02:19,56947.6,23098.2
2022-06-04 03:02:20,56887.6,23158.4
2022-06-04 03:02:21,56720,23325.8
2022-06-04 03:02:22,56978,23068
2022-06-04 03:02:23,57283,22762.9
2022-06-04 03:02:24,56557.8,23488.1
2022-06-04 03:02:25,55508.3,24537.7
2022-06-04 03:02:26,55410.3,24635.6
2022-06-04 03:02:27,55936.4,24109.6
2022-06-04 03:02:28,56719,23326.9
2022-06-04 03:02:29,57911.1,22134.9
2022-06-04 03:02:30,58786.5,21259.5
2022-06-04 03:02:31,57948.2,22097.7
2022-06-04 03:02:32,56984.3,23061.7
2022-06-04 03:02:33,57172.6,22873.3
2022-06-04 03:02:34,56815.9,23230
2022-06-04 03:02:35,56483.9,23562
2022-06-04 03:02:36,56064.1,23982
2022-06-04 03:02:37,55748,24297.9
2022-06-04 03:02:38,56077.4,23968.6
2022-06-04 03:02:39,56122.3,23923.7
2022-06-04 03:02:40,56620.4,23425.5
2022-06-04 03:02:41,56352,23694
2022-06-04 03:02:42,57225,22821
2022-06-04 03:02:43,57711.8,22334.1
2022-06-04 03:02:44,58277,21768.9
2022-06-04 03:02:45,57957.9,22088
2022-06-04 03:02:46,57268.6,22777.4
2022-06-04 03:02:47,57998.2,22047.8
2022-06-04 03:02:48,57189.1,22856.9
2022-06-04 03:02:49,56039.9,24006
2022-06-04 03:02:50,55466.7,24579.2
2022-06-04 03:02:51,55760,24286
2022-06-04 03:02:52,55557.5,24488.5
2022-06-04 03:02:53,56286.7,23759.2
2022-06-04 03:02:54,56614.5,23431.4
2022-06-04 03:02:55,56550.6,23495.3
2022-06-04 03:02:56,56387.8,23658.3
2022-06-04 03:02:57,56500.4,23545.6
2022-06-04 03:02:58,57488,22557.9
2022-06-04 03:02:59,58787,21258.9
2022-06-04 03:03:00,58570.2,21475.7
2022-06-04 03:03:01,58215.6,21830.3
2022-06-04 03:03:02,58026.4,22019.6
2022-06-04 03:03:03,56886,23159.8
2022-06-04 03:03:04,56378.8,23667.1
2022-06-04 03:03:05,55893.2,24152.7
2022-06-04 03:03:06,55589.8,24456.2
2022-06-04 03:03:07,54435.6,25610.3
2022-06-04 03:03:08,55024.1,25021.9
2022-06-04 03:03:09,56400.6,23645.3
2022-06-04 03:03:10,56602.8,23443.2
2022-06-04 03:03:11,57498.5,22547.5
2022-06-04 03:03:12,59170.2,20875.7
2022-06-04 03:03:13,59347.9,20697.9
2022-06-04 03:03:14,58865.8,21180.1
2022-06-04 03:03:15,58687.6,21358.3
2022-06-04 03:03:16,58001.5,22044.5
2022-06-04 03:03:17,56834.9,23211
2022-06-04 03:03:18,56044.6,24001.4
2022-06-04 03:03:19,54826.9,25219
2022-06-04 03:03:20,53998.4,26047.6
2022-06-04 03:03:21,53904,26142
2022-06-04 03:03:22,54956.1,25089.7
2022-06-04 03:03:23,56101.9,23944.1
2022-06-04 03:03:24,58262.2,21783.6
2022-06-04 03:03:25,59410.8,20635.1
2022-06-04 03:03:26,59408.3,20637.6
2022-06-04 03:03:27,58808.5,21237.4
2022-06-04 03:03:28,58500.5,21545.5
2022-06-04 03:03:29,58043.3,22002.5
2022-06-04 03:03:30,57531.4,22514.5
2022-06-04 03:03:31,56882.9,23163
2022-06-04 03:03:32,56273.6,23772.3
2022-06-04 03:03:33,55275.3,24770.6
2022-06-04 03:03:34,54993.8,25052.1
2022-06-04 03:03:35,54999.8,25046
2022-06-04 03:03:36,54528.2,25517.7
2022-06-04 03:03:37,56184.1,23861.9
2022-06-04 03:03:38,58115.3,21930.8
2022-06-04 03:03:39,58693.6,21352.3
2022-06-04 03:03:40,59224.7,20821.2
2022-06-04 03:03:41,58713.4,21332.5
2022-06-04 03:03:42,57745.6,22300.3
2022-06-04 03:03:43,58099.9,21946
2022-06-04 03:03:44,57301.8,22744
2022-06-04 03:03:45,56597.7,23448.2
2022-06-04 03:03:46,56851.6,23194.3
2022-06-04 03:03:47,55380,24665.9
2022-06-04 03:03:48,54764.6,25281.4
2022-06-04 03:03:49,55019.8,25026.1
2022-06-04 03:03:50,55366.5,24679.5
2022-06-04 03:03:51,55114.5,24931.5
2022-06-04 03:03:52,56949.9,23095.9
2022-06-04 03:03:53,58067.2,21978.8
2022-06-04 03:03:54,59345.4,20700.6
2022-06-04 03:03:55,58571.6,21474.3
2022-06-04 03:03:56,58317.6,21728.4
2022-06-04 03:03:57,58227.3,21818.5
2022-06-04 03:03:58,57769.9,22276.1
2022-06-04 03:03:59,57216.9,22828.9
2022-06-04 03:04:00,56407.3,23638.6
2022-06-04 03:04:01,55617.6,24428.3
2022-06-04 03:04:02,56468.2,23577.8
2022-06-04 03:04:03,56297.7,23748.3
2022-06-04 03:04:04,55322.1,24723.9
2022-06-04 03:04:05,55588.3,24457.5
2022-06-04 03:04:06,55261.6,24784.3
2022-06-04 03:04:07,56968.8,23077.2
2022-06-04 03:04:08,58231.4,21814.5
2022-06-04 03:04:09,58905.3,21140.8
2022-06-04 03:04:10,58208.8,21837.2
2022-06-04 03:04:11,57311.1,22734.9
2022-06-04 03:04:12,56715.4,23330.5
2022-06-04 03:04:13,56776.7,23269.2
2022-06-04 03:04:14,57621,22424.8
2022-06-04 03:04:15,57045.9,23000.1
2022-06-04 03:04:16,56723.9,23322.1
2022-06-04 03:04:17,55635.8,24410
2022-06-04 03:04:18,55718.3,24327.6
2022-06-04 03:04:19,55644.2,24401.7
2022-06-04 03:04:20,55755.4,24290.4
2022-06-04 03:04:21,56251.4,23794.6
2022-06-04 03:04:22,57250.2,22795.8
2022-06-04 03:04:23,57863.9,22181.9
2022-06-04 03:04:24,57844.4,22201.5
2022-06-04 03:04:25,57477.6,22568.2
2022-06-04 03:04:26,57640.5,22405.5
2022-06-04 03:04:27,57862.1,22183.8
2022-06-04 03:04:28,57076.1,22969.9
2022-06-04 03:04:29,57134.7,22911.1
2022-06-04 03:04:30,57105.1,22940.8
2022-06-04 03:04:31,56230.7,23815.2
2022-06-04 03:04:32,56323.2,23722.8
2022-06-04 03:04:33,55943.2,24102.7
2022-06-04 03:04:34,55570.1,24475.8
2022-06-04 03:04:35,55861.4,24184.5
2022-06-04 03:04:36,55945.2,24100.7
2022-06-04 03:04:37,57163,22882.9
2022-06-04 03:04:38,58761.8,21284.2
2022-06-04 03:04:39,58677.3,21368.6
2022-06-04 03:04:40,58332,21714
2022-06-04 03:04:41,58168.4,21877.5
2022-06-04 03:04:42,57153.9,22892
2022-06-04 03:04:43,57356.7,22689.2
2022-06-04 03:04:44,56210.9,23835.1
2022-06-04 03:04:45,55963,24082.9
2022-06-04 03:04:46,55316.8,24729.1
2022-06-04 03:04:47,55705.3,24340.6
2022-06-04 03:04:48,55884.3,24161.5
2022-06-04 03:04:49,56320.4,23725.5
2022-06-04 03:04:50,56918.4,23127.6
2022-06-04 03:04:51,56885.1,23160.8
2022-06-04 03:04:52,58821,21224.9
2022-06-04 03:04:53,58988.6,21057.3
2022-06-04 03:04:54,58452.9,21592.9
2022-06-04 03:04:55,57645.7,22400.2
2022-06-04 03:04:56,57376.7,22669.2
2022-06-04 03:04:57,56408.4,23637.6
2022-06-04 03:04:58,55998.2,24047.7
2022-06-04 03:04:59,55510.1,24535.8
2022-06-04 03:05:00,56126.6,23919.3
2022-06-04 03:05:01,56666.6,23379.2
2022-06-04 03:05:02,57416.2,22629.7
2022-06-04 03:05:03,58115.4,21930.6
2022-06-04 03:05:04,57231.6,22814.3
2022-06-04 03:05:05,57288.4,22757.5
2022-06-04 03:05:06,56452,23594
2022-06-04 03:05:07,56770.5,23275.4
2022-06-04 03:05:08,57259.5,22786.4
2022-06-04 03:05:09,56785.3,23260.7
2022-06-04 03:05:10,56385.8,23660.1
2022-06-04 03:05:11,56264.9,23781
2022-06-04 03:05:12,54999.4,25046.5
2022-06-04 03:05:13,56730.8,23315.1
2022-06-04 03:05:14,57038.4,23007.7
2022-06-04 03:05:15,58348.2,21697.8
2022-06-04 03:05:16,59135.1,20910.8
2022-06-04 03:05:17,57890,22155.9
2022-06-04 03:05:18,56873.5,23172.4
2022-06-04 03:05:19,56535,23510.8
2022-06-04 03:05:20,55855.7,24190.2
2022-06-04 03:05:21,54957.3,25088.6
2022-06-04 03:05:22,56689.7,23356.2
2022-06-04 03:05:23,56906.8,23139.2
2022-06-04 03:05:24,57152.1,22893.8
2022-06-04 03:05:25,57389.7,22656.4
2022-06-04 03:05:26,57689.9,22356
2022-06-04 03:05:27,57458.8,22587.2
2022-06-04 03:05:28,57473.1,22572.9
2022-06-04 03:05:29,58018,22028
2022-06-04 03:05:30,58341.5,21704.4
2022-06-04 03:05:31,57724.3,22321.6
2022-06-04 03:05:32,56914.6,23131.2
2022-06-04 03:05:33,56050.7,23995.1
2022-06-04 03:05:34,55390.5,24655.4
2022-06-04 03:05:35,54526.7,25519.4
2022-06-04 03:05:36,55529,24516.9
2022-06-04 03:05:37,57536.5,22509.4
2022-06-04 03:05:38,57819.9,22226
2022-06-04 03:05:39,57718.8,22327.2
2022-06-04 03:05:40,58077.8,21968.1
2022-06-04 03:05:41,57946.4,22099.5
2022-06-04 03:05:42,57913.1,22132.8
2022-06-04 03:05:43,58003.4,22042.6
2022-06-04 03:05:44,57764.9,22280.9
2022-06-04 03:05:45,56937.5,23108.5
2022-06-04 03:05:46,56190.7,23855.1
2022-06-04 03:05:47,55914.8,24131.2
2022-06-04 03:05:48,56427.3,23618.5
2022-06-04 03:05:49,56320,23725.9
2022-06-04 03:05:50,56357.7,23688.2
2022-06-04 03:05:51,56707.5,23338.3
2022-06-04 03:05:52,57028.1,23017.9
2022-06-04 03:05:53,58224.1,21821.8
2022-06-04 03:05:54,58077.1,21968.9
2022-06-04 03:05:55,57444.1,22601.8
2022-06-04 03:05:56,57272.5,22773.5
2022-06-04 03:05:57,57356.8,22689.1
2022-06-04 03:05:58,56581.7,23464.2
2022-06-04 03:05:59,56506.9,23539
2022-06-04 03:06:00,56756.8,23289.1
2022-06-04 03:06:01,56631.5,23414.6
2022-06-04 03:06:02,57433.6,22612.4
2022-06-04 03:06:03,56680,23365.8
2022-06-04 03:06:04,56395.2,23650.8
2022-06-04 03:06:05,56069.2,23976.8
2022-06-04 03:06:06,55509.2,24536.8
2022-06-04 03:06:07,55639.1,24406.8
2022-06-04 03:06:08,56896.1,23149.9
2022-06-04 03:06:09,56829,23216.9
2022-06-04 03:06:10,58415.7,21630.2
2022-06-04 03:06:11,57863.3,22182.6
2022-06-04 03:06:12,57374.2,22671.7
2022-06-04 03:06:13,57228.4,22817.5
2022-06-04 03:06:14,56874.1,23171.8
2022-06-04 03:06:15,57302.4,22743.6
2022-06-04 03:06:16,57165.8,22880.2
2022-06-04 03:06:17,57057.8,22988.1
2022-06-04 03:06:18,56129.1,23916.8
2022-06-04 03:06:19,55702.9,24343.1
2022-06-04 03:06:20,55060.8,24985
2022-06-04 03:06:21,55789.3,24256.6
2022-06-04 03:06:22,56479.6,23566.3
2022-06-04 03:06:23,57181.1,22864.8
2022-06-04 03:06:24,57846.2,22199.8
2022-06-04 03:06:25,58052.6,21993.2
2022-06-04 03:06:26,57082.9,22963
2022-06-04 03:06:27,57903.8,22142.1
2022-06-04 03:06:28,58236,21809.9
2022-06-04 03:06:29,57805.2,22240.7
2022-06-04 03:06:30,57111.3,22934.6
2022-06-04 03:06:31,56910.9,23135
2022-06-04 03:06:32,56457.5,23588.4
2022-06-04 03:06:33,55567.8,24478.2
2022-06-04 03:06:34,55503.2,24542.7
2022-06-04 03:06:35,56060.4,23985.6
2022-06-04 03:06:36,55654.3,24391.7
2022-06-04 03:06:37,55268.3,24777.6
2022-06-04 03:06:38,58081.2,21964.8
2022-06-04 03:06:39,58587.6,21458.3
2022-06-04 03:06:40,58903.8,21142.2
2022-06-04 03:06:41,58301.6,21744.4
2022-06-04 03:06:42,57565.9,22480.1
2022-06-04 03:06:43,57620.9,22425
2022-06-04 03:06:44,57281.2,22764.5
2022-06-04 03:06:45,57408.6,22637.3
2022-06-04 03:06:46,56953.7,23092.3
2022-06-04 03:06:47,56107.1,23938.8
2022-06-04 03:06:48,54758.6,25287.3
2022-06-04 03:06:49,54536,25510
2022-06-04 03:06:50,55095.1,24950.9
2022-06-04 03:06:51,56320.3,23725.7
2022-06-04 03:06:52,57156.6,22889.4
2022-06-04 03:06:53,59276.7,20769.3
2022-06-04 03:06:54,58649.8,21396.2
2022-06-04 03:06:55,57940.9,22105
2022-06-04 03:06:56,57902.5,22143.4
2022-06-04 03:06:57,57414.3,22631.6
2022-06-04 03:06:58,57114.1,22931.8
2022-06-04 03:06:59,56757.7,23288.3
2022-06-04 03:07:00,56177.6,23868.4
2022-06-04 03:07:01,55796.3,24249.7
2022-06-04 03:07:02,54955.5,25090.4
2022-06-04 03:07:03,55091.6,24954.3
2022-06-04 03:07:04,56609.6,23436.4
2022-06-04 03:07:05,57221.7,22824.2
2022-06-04 03:07:06,57174.5,22871.4
2022-06-04 03:07:07,58414,21631.9
2022-06-04 03:07:08,58519,21526.9
2022-06-04 03:07:09,57965.8,22080.2
2022-06-04 03:07:10,57168.2,22877.6
2022-06-04 03:07:11,56585.4,23460.5
2022-06-04 03:07:12,56611.4,23434.6
2022-06-04 03:07:13,56609.2,23436.8
2022-06-04 03:07:14,55916.5,24129.3
2022-06-04 03:07:15,55904.1,24141.8
2022-06-04 03:07:16,56062.9,23983
2022-06-04 03:07:17,56937.8,23108.1
2022-06-04 03:07:18,56976.5,23069.4
2022-06-04 03:07:19,56991.1,23054.8
2022-06-04 03:07:20,57172.3,22873.7
2022-06-04 03:07:21,57239.4,22806.6
2022-06-04 03:07:22,56519.6,23526.2
2022-06-04 03:07:23,57574.3,22471.7
2022-06-04 03:07:24,57392.9,22653.1
2022-06-04 03:07:25,56849.5,23196.4
2022-06-04 03:07:26,56409.7,23636.1
2022-06-04 03:07:27,57032.1,23013.9
2022-06-04 03:07:28,57208.7,22837.2
2022-06-04 03:07:29,57325.7,22720.3
2022-06-04 03:07:30,57121,22924.9
2022-06-04 03:07:31,56075.2,23970.9
2022-06-04 03:07:32,56340.1,23706
2022-06-04 03:07:33,55830.1,24215.8
2022-06-04 03:07:34,57023.1,23022.9
2022-06-04 03:07:35,57940.1,22105.8
2022-06-04 03:07:36,57338.1,22707.6
2022-06-04 03:07:37,56773,23273
2022-06-04 03:07:38,57085.3,22960.8
2022-06-04 03:07:39,57072.2,22973.8
2022-06-04 03:07:40,57135.1,22910.9
2022-06-04 03:07:41,58697.2,21348.8
2022-06-04 03:07:42,57471.4,22574.6
2022-06-04 03:07:43,56715.6,23330.4
2022-06-04 03:07:44,55978.9,24067.1
2022-06-04 03:07:45,55832.1,24213.9
2022-06-04 03:07:46,56432.2,23613.7
2022-06-04 03:07:47,56283.6,23762.3
2022-06-04 03:07:48,57047.3,22998.7
2022-06-04 03:07:49,57222.2,22823.8
2022-06-04 03:07:50,56610.7,23435.3
2022-06-04 03:07:51,56116.6,23929.4
2022-06-04 03:07:52,57986.3,22059.6
2022-06-04 03:07:53,58387.4,21658.4
2022-06-04 03:07:54,57692.5,22353.5
2022-06-04 03:07:55,56926.6,23119.4
2022-06-04 03:07:56,57161.3,22884.6
2022-06-04 03:07:57,56633.7,23412.2
2022-06-04 03:07:58,56956.7,23089.3
2022-06-04 03:07:59,56821.3,23224.7
2022-06-04 03:08:00,56040.3,24005.6
2022-06-04 03:08:01,56064.4,23981.6
2022-06-04 03:08:02,56052.9,23993.1
2022-06-04 03:08:03,55873.7,24172.2
2022-06-04 03:08:04,57156.9,22889
2022-06-04 03:08:05,57313.1,22732.8
2022-06-04 03:08:06,57668.4,22377.4
2022-06-04 03:08:07,57482.7,22563.2
2022-06-04 03:08:08,57810.2,22235.7
2022-06-04 03:08:09,57582.5,22463.5
2022-06-04 03:08:10,56907.7,23138.3
2022-06-04 03:08:11,56757,23289
2022-06-04 03:08:12,56947.6,23098.3
2022-06-04 03:08:13,56522,23524
2022-06-04 03:08:14,56201.9,23844.2
2022-06-04 03:08:15,56103.5,23942.5
2022-06-04 03:08:16,56162.2,23883.8
2022-06-04 03:08:17,57444,22602
2022-06-04 03:08:18,57582.5,22463.5
2022-06-04 03:08:19,57416.8,22629.2
2022-06-04 03:08:20,57329,22717
2022-06-04 03:08:21,56702.6,23343.4
2022-06-04 03:08:22,56582.7,23463.1
2022-06-04 03:08:23,56915.7,23130.3
2022-06-04 03:08:24,57129.5,22916.5
2022-06-04 03:08:25,56204.7,23841.1
2022-06-04 03:08:26,56316.9,23729
2022-06-04 03:08:27,56087.1,23958.7
2022-06-04 03:08:28,56487.9,23558
2022-06-04 03:08:29,56926.7,23119.2
2022-06-04 03:08:30,58687,21359
2022-06-04 03:08:31,58126.8,21919.3
2022-06-04 03:08:32,57291.4,22754.5
2022-06-04 03:08:33,56739.3,23306.7
2022-06-04 03:08:34,56816.1,23229.8
2022-06-04 03:08:35,56664.8,23381.1
2022-06-04 03:08:36,56621.6,23424.3
2022-06-04 03:08:37,56528.7,23517.3
2022-06-04 03:08:38,56034,24011.8
2022-06-04 03:08:39,56043,24003
2022-06-04 03:08:40,56495.8,23550.2
2022-06-04 03:08:41,57174.5,22871.5
2022-06-04 03:08:42,58115.6,21930.3
2022-06-04 03:08:43,58052,21993.8
2022-06-04 03:08:44,57598,22447.9
2022-06-04 03:08:45,56817,23228.9
2022-06-04 03:08:46,56659.5,23386.5
2022-06-04 03:08:47,56521.4,23524.6
2022-06-04 03:08:48,57341.3,22704.7
2022-06-04 03:08:49,57127.9,22918
2022-06-04 03:08:50,56540.5,23505.5
2022-06-04 03:08:51,55867.6,24178.3
2022-06-04 03:08:52,55138.9,24907.1
2022-06-04 03:08:53,56531.6,23514.3
2022-06-04 03:08:54,57248.2,22797.8
2022-06-04 03:08:55,57607.7,22438.2
2022-06-04 03:08:56,57570.9,22475
2022-06-04 03:08:57,57567.4,22478.6
2022-06-04 03:08:58,57374.3,22671.7
2022-06-04 03:08:59,57403.9,22642
2022-06-04 03:09:00,57293.2,22752.7
2022-06-04 03:09:01,56541.8,23504.2
2022-06-04 03:09:02,55667.4,24378.5
2022-06-04 03:09:03,55967.8,24078.1
2022-06-04 03:09:04,56895,23151
2022-06-04 03:09:05,57155.3,22890.6
2022-06-04 03:09:06,56713.9,23332.1
2022-06-04 03:09:07,55947.5,24098.3
2022-06-04 03:09:08,56316.1,23729.8
2022-06-04 03:09:09,57504,22542
2022-06-04 03:09:10,58149.7,21896.3
2022-06-04 03:09:11,57827.7,22218.3
2022-06-04 03:09:12,57181.5,22864.5
2022-06-04 03:09:13,56548.1,23497.8
2022-06-04 03:09:14,56817.4,23228.5
2022-06-04 03:09:15,56927.2,23118.8
2022-06-04 03:09:16,56314.1,23731.9
2022-06-04 03:09:17,55796.5,24249.4
2022-06-04 03:09:18,56638.5,23407.5
2022-06-04 03:09:19,57072.5,22973.5
2022-06-04 03:09:20,56701.3,23344.6
2022-06-04 03:09:21,55894.5,24151.5
2022-06-04 03:09:22,56989.4,23056.6
2022-06-04 03:09:23,56602.8,23443
2022-06-04 03:09:24,57249,22797
2022-06-04 03:09:25,57864.4,22181.5
2022-06-04 03:09:26,57074.5,22971.4
2022-06-04 03:09:27,56901.5,23144.5
2022-06-04 03:09:28,56062.8,23983.2
2022-06-04 03:09:29,55827.9,24218
2022-06-04 03:09:30,56387.1,23658.9
2022-06-04 03:09:31,57474.9,22571
2022-06-04 03:09:32,57343.9,22702.1
2022-06-04 03:09:33,57735.7,22310.2
2022-06-04 03:09:34,56608.2,23437.9
2022-06-04 03:09:35,57165.4,22880.6
2022-06-04 03:09:36,56944.6,23101.4
2022-06-04 03:09:37,57079.2,22966.6
2022-06-04 03:09:38,57067.4,22978.6
2022-06-04 03:09:39,56664.2,23381.7
2022-06-04 03:09:40,56316,23729.9
2022-06-04 03:09:41,56056.2,23989.8
2022-06-04 03:09:42,56892.2,23153.8
2022-06-04 03:09:43,57481,22564.9
2022-06-04 03:09:44,57194.6,22851.3
2022-06-04 03:09:45,57009.4,23036.5
2022-06-04 03:09:46,56583.5,23462.4
2022-06-04 03:09:47,56518.8,23527.2
2022-06-04 03:09:48,57669.1,22376.7
2022-06-04 03:09:49,57252.4,22793.4
2022-06-04 03:09:50,56754.6,23291.4
2022-06-04 03:09:51,56276.3,23769.7
2022-06-04 03:09:52,56249.6,23796.5
2022-06-04 03:09:53,55840.3,24205.7
2022-06-04 03:09:54,56156.7,23889.2
2022-06-04 03:09:55,57128,22917.9
2022-06-04 03:09:56,57919.6,22126.3
2022-06-04 03:09:57,57480.7,22565.3
2022-06-04 03:09:58,57344.1,22701.9
2022-06-04 03:09:59,57973.5,22072.4
2022-06-04 03:10:00,57015.5,23030.4
2022-06-04 03:10:01,57071.7,22974.2
2022-06-04 03:10:02,56809.3,23236.6
2022-06-04 03:10:03,56468.1,23577.9
2022-06-04 03:10:04,55928.7,24117.3
2022-06-04 03:10:05,56740,23305.9
2022-06-04 03:10:06,56856.8,23189.2
2022-06-04 03:10:07,56842.4,23203.6
2022-06-04 03:10:08,57571.1,22474.8
2022-06-04 03:10:09,57732.4,22313.5
2022-06-04 03:10:10,58094.2,21951.7
2022-06-04 03:10:11,57360.8,22685.1
2022-06-04 03:10:12,56863.2,23182.6
2022-06-04 03:10:13,56997.4,23048.5
2022-06-04 03:10:14,56020.2,24025.7
2022-06-04 03:10:15,56126.6,23919.2
2022-06-04 03:10:16,56470.6,23575.2
2022-06-04 03:10:17,56880.1,23165.8
2022-06-04 03:10:18,56750.8,23295
2022-06-04 03:10:19,57588.9,22457
2022-06-04 03:10:20,58041,22005
2022-06-04 03:10:21,58150.5,21895.5
2022-06-04 03:10:22,57439,22607.1
2022-06-04 03:10:23,57245.2,22800.7
2022-06-04 03:10:24,57111,22935
2022-06-04 03:10:25,56564.7,23481.2
2022-06-04 03:10:26,55867.8,24178.1
2022-06-04 03:10:27,55616.2,24429.8
2022-06-04 03:10:28,56126.3,23919.7
2022-06-04 03:10:29,56142.3,23903.6
2022-06-04 03:10:30,56555.7,23490.3
2022-06-04 03:10:31,57664.1,22381.8
2022-06-04 03:10:32,58089,21957
2022-06-04 03:10:33,57893.5,22152.4
2022-06-04 03:10:34,58505.3,21540.7
2022-06-04 03:10:35,57432.4,22613.5
2022-06-04 03:10:36,56307.4,23738.6
2022-06-04 03:10:37,55552.4,24493.6
2022-06-04 03:10:38,55752.3,24293.6
2022-06-04 03:10:39,56658.1,23387.8
2022-06-04 03:10:40,56628.2,23417.7
2022-06-04 03:10:41,56174,23872
2022-06-04 03:10:42,56366.6,23679.5
2022-06-04 03:10:43,56225.6,23820.3
2022-06-04 03:10:44,57261.1,22784.7
2022-06-04 03:10:45,57891.2,22154.7
2022-06-04 03:10:46,58508,21537.8
2022-06-04 03:10:47,58286.7,21759.3
2022-06-04 03:10:48,57802.9,22243
2022-06-04 03:10:49,57311.8,22734.1
2022-06-04 03:10:50,56979.3,23066.6
2022-06-04 03:10:51,56019.2,24026.8
2022-06-04 03:10:52,55082.6,24963.3
2022-06-04 03:10:53,56317.3,23728.6
2022-06-04 03:10:54,55980.3,24065.6
2022-06-04 03:10:55,56159.5,23886.4
2022-06-04 03:10:56,56653.3,23392.7
2022-06-04 03:10:57,56646.6,23399.4
2022-06-04 03:10:58,57674.9,22371
2022-06-04 03:10:59,58026.1,22019.9
2022-06-04 03:11:00,58048.6,21997.4
2022-06-04 03:11:01,58942.4,21103.6
2022-06-04 03:11:02,58067.6,21978.3
2022-06-04 03:11:03,57657.5,22388.3
2022-06-04 03:11:04,56947.7,23098.2
2022-06-04 03:11:05,56335.2,23710.7
2022-06-04 03:11:06,55541.5,24504.4
2022-06-04 03:11:07,55341.2,24704.7
2022-06-04 03:11:08,55690.7,24355.3
2022-06-04 03:11:09,55761.2,24284.6
2022-06-04 03:11:10,56841.6,23204.3
2022-06-04 03:11:11,56595.9,23450.1
2022-06-04 03:11:12,56920.8,23125.1
2022-06-04 03:11:13,58558.5,21487.4
2022-06-04 03:11:14,59257.2,20788.7
2022-06-04 03:11:15,58523.9,21522
2022-06-04 03:11:16,58072.1,21973.8
2022-06-04 03:11:17,57515.1,22530.7
2022-06-04 03:11:18,56672.2,23373.7
2022-06-04 03:11:19,55940.7,24105.1
2022-06-04 03:11:20,55652.3,24393.7
2022-06-04 03:11:21,55077.4,24968.6
2022-06-04 03:11:22,55728.8,24317.2
2022-06-04 03:11:23,56504.6,23541.3
2022-06-04 03:11:24,57075.5,22970.4
2022-06-04 03:11:25,57386.8,22659.1
2022-06-04 03:11:26,57152.4,22893.6
2022-06-04 03:11:27,58140.1,21905.9
2022-06-04 03:11:28,58429.2,21616.9
2022-06-04 03:11:29,58424.3,21621.6
2022-06-04 03:11:30,58626,21420
2022-06-04 03:11:31,57436.7,22609.2
2022-06-04 03:11:32,56331,23714.9
2022-06-04 03:11:33,56129.9,23916
2022-06-04 03:11:34,55638.8,24407.2
2022-06-04 03:11:35,56266,23779.9
2022-06-04 03:11:36,55725.7,24320.3
2022-06-04 03:11:37,55624.4,24421.5
2022-06-04 03:11:38,55529.3,24516.7
2022-06-04 03:11:39,56315.5,23730.4
2022-06-04 03:11:40,56590.2,23455.6
2022-06-04 03:11:41,58095,21950.9
2022-06-04 03:11:42,58510.5,21535.4
2022-06-04 03:11:43,58144.1,21901.8
2022-06-04 03:11:44,57674.6,22371.2
2022-06-04 03:11:45,57136.9,22908.9
2022-06-04 03:11:46,57507.1,22538.8
2022-06-04 03:11:47,57933.1,22112.7
2022-06-04 03:11:48,56888.6,23157.3
2022-06-04 03:11:49,56079.2,23966.7
2022-06-04 03:11:50,55027.5,25018.5
2022-06-04 03:11:51,55002.5,25043.5
2022-06-04 03:11:52,54375.9,25670
2022-06-04 03:11:53,55609.3,24436.6
2022-06-04 03:11:54,56625.8,23420.2
2022-06-04 03:11:55,57798.2,22247.8
2022-06-04 03:11:56,58874,21171.9
2022-06-04 03:11:57,58468,21577.8
2022-06-04 03:11:58,58620.1,21425.7
2022-06-04 03:11:59,58724.4,21321.4
2022-06-04 03:12:00,58331,21715
2022-06-04 03:12:01,57733.9,22312
2022-06-04 03:12:02,56861.7,23184.3
2022-06-04 03:12:03,56348.3,23697.6
2022-06-04 03:12:04,54928.6,25117.3
2022-06-04 03:12:05,53984.5,26061.4
2022-06-04 03:12:06,53549.2,26496.8
2022-06-04 03:12:07,53446.4,26599.5
2022-06-04 03:12:08,55007.7,25038.2
2022-06-04 03:12:09,59575.8,20470.3
2022-06-04 03:12:10,59762.1,20283.9
2022-06-04 03:12:11,59844,20201.9
2022-06-04 03:12:12,59374.7,20671.3
2022-06-04 03:12:13,58705.7,21340.1
2022-06-04 03:12:14,58177.9,21868.1
2022-06-04 03:12:15,57423.4,22622.4
2022-06-04 03:12:16,56344.1,23701.8
2022-06-04 03:12:17,55265.1,24780.8
2022-06-04 03:12:18,54270.3,25775.6
2022-06-04 03:12:19,54546.1,25499.9
2022-06-04 03:12:20,55273.9,24772.1
2022-06-04 03:12:21,55732.6,24313.2
2022-06-04 03:12:22,56910.6,23135.3
2022-06-04 03:12:23,58867.9,21178.1
2022-06-04 03:12:24,59678.8,20367.1
2022-06-04 03:12:25,59465.1,20580.8
2022-06-04 03:12:26,58380.9,21665
2022-06-04 03:12:27,57590.8,22455.1
2022-06-04 03:12:28,57234,22811.9
2022-06-04 03:12:29,56663.7,23382.2
2022-06-04 03:12:30,56521.4,23524.6
2022-06-04 03:12:31,56165.2,23880.7
2022-06-04 03:12:32,55525.6,24520.3
2022-06-04 03:12:33,55010.7,25035.3
2022-06-04 03:12:34,54820.3,25225.6
2022-06-04 03:12:35,54091.5,25954.3
2022-06-04 03:12:36,56728.7,23317.2
2022-06-04 03:12:37,58442.8,21603
2022-06-04 03:12:38,59435.6,20610.4
2022-06-04 03:12:39,58902.9,21142.9
2022-06-04 03:12:40,57877.9,22168
2022-06-04 03:12:41,57838,22208
2022-06-04 03:12:42,57871.8,22174.1
2022-06-04 03:12:43,57690.8,22355.1
2022-06-04 03:12:44,56740.1,23305.8
2022-06-04 03:12:45,55892.2,24153.7
2022-06-04 03:12:46,55947.6,24098.3
2022-06-04 03:12:47,55654.2,24391.7
2022-06-04 03:12:48,55079.6,24966.4
2022-06-04 03:12:49,55002.4,25043.6
2022-06-04 03:12:50,55813.1,24232.8
2022-06-04 03:12:51,56834.7,23211.3
2022-06-04 03:12:52,58371.9,21674.1
2022-06-04 03:12:53,58857.8,21188.2
2022-06-04 03:12:54,58767.8,21278.1
2022-06-04 03:12:55,58513.7,21532.3
2022-06-04 03:12:56,58022,22023.9
2022-06-04 03:12:57,57386.5,22659.5
2022-06-04 03:12:58,57048.2,22997.9
2022-06-04 03:12:59,56919.5,23126.4
2022-06-04 03:13:00,56127.1,23918.8
2022-06-04 03:13:01,55329.1,24716.8
2022-06-04 03:13:02,54424.8,25621.1
2022-06-04 03:13:03,54257,25788.9
2022-06-04 03:13:04,55339.2,24706.7
2022-06-04 03:13:05,56972.5,23073.4
2022-06-04 03:13:06,57767.6,22278.4
2022-06-04 03:13:07,58755.2,21290.6
2022-06-04 03:13:08,58888.4,21157.6
2022-06-04 03:13:09,58345.1,21700.8
2022-06-04 03:13:10,57859.5,22186.4
2022-06-04 03:13:11,57630.5,22415.4
2022-06-04 03:13:12,56951.7,23094.2
2022-06-04 03:13:13,56746.2,23299.6
2022-06-04 03:13:14,56074.3,23971.7
2022-06-04 03:13:15,55960.3,24085.6
2022-06-04 03:13:16,55784.6,24261.3
2022-06-04 03:13:17,55270.3,24775.6
2022-06-04 03:13:18,56116.5,23929.4
2022-06-04 03:13:19,56412.3,23633.7
2022-06-04 03:13:20,56825.8,23220.1
2022-06-04 03:13:21,57273.4,22772.5
2022-06-04 03:13:22,58182,21864
2022-06-04 03:13:23,58175.4,21870.5
2022-06-04 03:13:24,57989.3,22056.6
2022-06-04 03:13:25,58163.7,21882.2
2022-06-04 03:13:26,57599.4,22446.5
2022-06-04 03:13:27,57336.1,22709.9
2022-06-04 03:13:28,57417.2,22628.6
2022-06-04 03:13:29,56387.9,23658.1
2022-06-04 03:13:30,55703.8,24342.1
2022-06-04 03:13:31,55174.6,24871.3
2022-06-04 03:13:32,55240.2,24805.8
2022-06-04 03:13:33,55543.9,24502
2022-06-04 03:13:34,55403.8,24642.1
2022-06-04 03:13:35,57347.2,22698.8
2022-06-04 03:13:36,58972.6,21073.3
2022-06-04 03:13:37,58853.4,21192.5
2022-06-04 03:13:38,58793,21252.9
2022-06-04 03:13:39,58599,21446.9
2022-06-04 03:13:40,57845.4,22200.7
2022-06-04 03:13:41,57351.2,22694.7
2022-06-04 03:13:42,56910.9,23134.9
2022-06-04 03:13:43,55699.7,24346.2
2022-06-04 03:13:44,55530.2,24515.6
2022-06-04 03:13:45,54623.5,25422.5
2022-06-04 03:13:46,54687.2,25358.7
2022-06-04 03:13:47,56018.9,24027
2022-06-04 03:13:48,56666,23380
2022-06-04 03:13:49,57165.2,22880.6
2022-06-04 03:13:50,59044,21002
2022-06-04 03:13:51,58718.4,21327.5
2022-06-04 03:13:52,58433.8,21612.2
2022-06-04 03:13:53,58161.8,21884.1
2022-06-04 03:13:54,57272.6,22773.3
2022-06-04 03:13:55,57127.3,22918.7
2022-06-04 03:13:56,56202.1,23843.8
2022-06-04 03:13:57,56003.1,24042.8
2022-06-04 03:13:58,55024.9,25021
2022-06-04 03:13:59,54797.1,25248.8
2022-06-04 03:14:00,55880.4,24165.5
2022-06-04 03:14:01,57283.1,22762.7
2022-06-04 03:14:02,57277.4,22768.5
2022-06-04 03:14:03,56914.7,23131.3
2022-06-04 03:14:04,57236.5,22809.5
2022-06-04 03:14:05,57528.7,22517.2
2022-06-04 03:14:06,57273.8,22772.1
2022-06-04 03:14:07,57801.9,22243.9
2022-06-04 03:14:08,57155.7,22890.2
2022-06-04 03:14:09,56711.3,23334.7
2022-06-04 03:14:10,56498.9,23547.1
2022-06-04 03:14:11,56240.4,23805.4
2022-06-04 03:14:12,56714.5,23331.5
2022-06-04 03:14:13,57473.2,22572.8
2022-06-04 03:14:14,56579.4,23466.5
2022-06-04 03:14:15,56797.4,23248.5
2022-06-04 03:14:16,56660,23386
2022-06-04 03:14:17,56575,23470.9
2022-06-04 03:14:18,56401.5,23644.4
2022-06-04 03:14:19,56458.1,23587.9
2022-06-04 03:14:20,56938.8,23107.2
2022-06-04 03:14:21,56850.3,23195.6
2022-06-04 03:14:22,57603.6,22442.3
2022-06-04 03:14:23,57732.1,22314
2022-06-04 03:14:24,57562,22484
2022-06-04 03:14:25,57306.7,22739.2
2022-06-04 03:14:26,57601.9,22444.1
2022-06-04 03:14:27,56701.8,23344.1
2022-06-04 03:14:28,56180.3,23865.7
2022-06-04 03:14:29,56449.6,23596.3
2022-06-04 03:14:30,56112.7,23933.2
2022-06-04 03:14:31,55454.3,24591.6
2022-06-04 03:14:32,55629.1,24416.9
2022-06-04 03:14:33,56723.2,23322.7
2022-06-04 03:14:34,57196,22849.9
2022-06-04 03:14:35,56690.6,23355.3
2022-06-04 03:14:36,57536.7,22509.2
2022-06-04 03:14:37,58606,21440
2022-06-04 03:14:38,58306.3,21739.7
2022-06-04 03:14:39,58393.2,21652.7
2022-06-04 03:14:40,57164.4,22881.6
2022-06-04 03:14:41,56395.9,23650
2022-06-04 03:14:42,55820.9,24225
2022-06-04 03:14:43,56301,23744.9
2022-06-04 03:14:44,56778.7,23267.2
2022-06-04 03:14:45,56189.4,23856.6
2022-06-04 03:14:46,55664.6,24381.4
2022-06-04 03:14:47,55966,24079.8
2022-06-04 03:14:48,56590.7,23455.2
2022-06-04 03:14:49,56791,23255
2022-06-04 03:14:50,57815.6,22230.4
2022-06-04 03:14:51,58572.4,21473.6
2022-06-04 03:14:52,58310.2,21735.8
2022-06-04 03:14:53,57742.1,22303.8
2022-06-04 03:14:54,57148.2,22897.6
2022-06-04 03:14:55,57011.4,23034.5
2022-06-04 03:14:56,56527.6,23518.3
2022-06-04 03:14:57,56748.7,23297.2
2022-06-04 03:14:58,56200.9,23845.1
2022-06-04 03:14:59,55839.2,24206.7
2022-06-04 03:15:00,55071.1,24974.8
2022-06-04 03:15:01,55486.5,24559.5
2022-06-04 03:15:02,56724.7,23321.2
2022-06-04 03:15:03,57709.1,22336.8
2022-06-04 03:15:04,57190.4,22855.5
2022-06-04 03:15:05,58069.1,21976.8
2022-06-04 03:15:06,58964.9,21081
2022-06-04 03:15:07,58174.4,21871.5
2022-06-04 03:15:08,57507.4,22538.6
2022-06-04 03:15:09,56602.1,23443.8
2022-06-04 03:15:10,56328.6,23717.4
2022-06-04 03:15:11,56810.9,23235
2022-06-04 03:15:12,56506,23539.9
2022-06-04 03:15:13,56056.1,23989.8
2022-06-04 03:15:14,55940.5,24105.4
2022-06-04 03:15:15,55909.7,24136.2
2022-06-04 03:15:16,56095.1,23950.8
2022-06-04 03:15:17,57650.6,22395.5
2022-06-04 03:15:18,58012.5,22033.4
2022-06-04 03:15:19,58673.2,21372.8
2022-06-04 03:15:20,58226.9,21819
2022-06-04 03:15:21,57438.1,22607.8
2022-06-04 03:15:22,56650.8,23395.1
2022-06-04 03:15:23,56453.6,23592.3
2022-06-04 03:15:24,56534.2,23511.8
2022-06-04 03:15:25,57102.1,22943.7
2022-06-04 03:15:26,57450.1,22595.8
2022-06-04 03:15:27,56949.4,23096.5
2022-06-04 03:15:28,56656,23390
2022-06-04 03:15:29,56235.6,23810.3
2022-06-04 03:15:30,55351,24695
2022-06-04 03:15:31,56059.8,23986.1
2022-06-04 03:15:32,57055.8,22990.2
2022-06-04 03:15:33,58354.8,21691.1
2022-06-04 03:15:34,57488.9,22557.1
2022-06-04 03:15:35,57011.8,23034.1
2022-06-04 03:15:36,56445.5,23600.4
2022-06-04 03:15:37,56565.9,23480
2022-06-04 03:15:38,57262.4,22783.6
2022-06-04 03:15:39,58424.5,21621.4
2022-06-04 03:15:40,58387.7,21658.2
2022-06-04 03:15:41,57457.3,22588.8
2022-06-04 03:15:42,56077.5,23968.5
2022-06-04 03:15:43,55327.1,24718.9
2022-06-04 03:15:44,54689.7,25356.2
2022-06-04 03:15:45,54953.5,25092.3
2022-06-04 03:15:46,56062.6,23983.3
2022-06-04 03:15:47,56909.8,23136.1
2022-06-04 03:15:48,57218.2,22827.7
2022-06-04 03:15:49,57316,22730
2022-06-04 03:15:50,57263.9,22781.9
2022-06-04 03:15:51,58564.1,21481.9
2022-06-04 03:15:52,58135.6,21910.3
2022-06-04 03:15:53,58483.2,21562.8
2022-06-04 03:15:54,57768.5,22277.4
2022-06-04 03:15:55,57227.2,22818.6
2022-06-04 03:15:56,56291.7,23754.3
2022-06-04 03:15:57,54957.8,25088.1
2022-06-04 03:15:58,54176.9,25869
2022-06-04 03:15:59,54720.7,25325.3
2022-06-04 03:16:00,55769.5,24276.5
2022-06-04 03:16:01,56650.6,23395.3
2022-06-04 03:16:02,58264,21781.8
2022-06-04 03:16:03,58009.5,22036.5
2022-06-04 03:16:04,58263.9,21782.1
2022-06-04 03:16:05,57742.6,22303.3
2022-06-04 03:16:06,57400.1,22645.8
2022-06-04 03:16:07,57759.1,22286.9
2022-06-04 03:16:08,57271.9,22774
2022-06-04 03:16:09,56759.5,23286.5
2022-06-04 03:16:10,55487.2,24558.8
2022-06-04 03:16:11,55713.9,24332.1
2022-06-04 03:16:12,55496,24550
2022-06-04 03:16:13,55560.5,24485.4
2022-06-04 03:16:14,55931.5,24114.5
2022-06-04 03:16:15,56542.1,23503.9
2022-06-04 03:16:16,57466.1,22579.8
2022-06-04 03:16:17,58993.4,21052.6
2022-06-04 03:16:18,58336.3,21709.7
2022-06-04 03:16:19,57762.3,22283.5
2022-06-04 03:16:20,57483.2,22562.6
2022-06-04 03:16:21,57359.7,22686.2
2022-06-04 03:16:22,57113.3,22932.6
2022-06-04 03:16:23,56296.6,23749.3
2022-06-04 03:16:24,56388.9,23657
2022-06-04 03:16:25,56026.9,24019
2022-06-04 03:16:26,55148.3,24897.7
2022-06-04 03:16:27,55623.3,24422.7
2022-06-04 03:16:28,56565.2,23480.8
2022-06-04 03:16:29,57042.7,23003.1
2022-06-04 03:16:30,57488.5,22557.4
2022-06-04 03:16:31,58141,21905
2022-06-04 03:16:32,58073.4,21972.7
2022-06-04 03:16:33,57531.9,22514
2022-06-04 03:16:34,57470.3,22575.6
2022-06-04 03:16:35,57099.1,22946.7
2022-06-04 03:16:36,57016,23029.9
2022-06-04 03:16:37,57132.9,22913
2022-06-04 03:16:38,56523.8,23522.2
2022-06-04 03:16:39,56514.5,23531.5
2022-06-04 03:16:40,56481.7,23564.2
2022-06-04 03:16:41,56358.2,23687.9
2022-06-04 03:16:42,56500.1,23546
2022-06-04 03:16:43,56322.2,23723.6
2022-06-04 03:16:44,56005.3,24040.7
2022-06-04 03:16:45,56527.5,23518.5
2022-06-04 03:16:46,57461.7,22584.3
2022-06-04 03:16:47,57195.6,22850.4
2022-06-04 03:16:48,57032.3,23013.6
2022-06-04 03:16:49,57368.3,22677.6
2022-06-04 03:16:50,57167.2,22878.6
2022-06-04 03:16:51,57835.9,22210.1
2022-06-04 03:16:52,57711.9,22334.1
2022-06-04 03:16:53,56682.1,23363.8
2022-06-04 03:16:54,56649.8,23396.2
2022-06-04 03:16:55,55927.3,24118.5
2022-06-04 03:16:56,55870,24175.9
2022-06-04 03:16:57,56390.7,23655.3
2022-06-04 03:16:58,55710.8,24335.1
2022-06-04 03:16:59,54964.7,25081.2
2022-06-04 03:17:00,55469.2,24576.7
2022-06-04 03:17:01,57347.2,22698.7
2022-06-04 03:17:02,58271.6,21774.3
2022-06-04 03:17:03,59024.1,21021.9
2022-06-04 03:17:04,58552.8,21493
2022-06-04 03:17:05,57861.7,22184.2
2022-06-04 03:17:06,57190.9,22855.1
2022-06-04 03:17:07,56891.8,23154.2
2022-06-04 03:17:08,56512.6,23533.4
2022-06-04 03:17:09,56403.5,23642.5
2022-06-04 03:17:10,56020,24026
2022-06-04 03:17:11,55441,24604.9
2022-06-04 03:17:12,55234,24812
2022-06-04 03:17:13,56102.1,23943.8
2022-06-04 03:17:14,56750.9,23295.2
2022-06-04 03:17:15,58280.9,21765.1
2022-06-04 03:17:16,58358.9,21687.1
2022-06-04 03:17:17,58513.3,21532.5
2022-06-04 03:17:18,57993.8,22052.2
2022-06-04 03:17:19,57681.9,22364
2022-06-04 03:17:20,56954.7,23091.2
2022-06-04 03:17:21,56045.1,24000.8
2022-06-04 03:17:22,55345.7,24700.2
2022-06-04 03:17:23,55730,24315.9
2022-06-04 03:17:24,56128.6,23917.3
2022-06-04 03:17:25,56810,23236
2022-06-04 03:17:26,57243.6,22802.3
2022-06-04 03:17:27,56693.3,23352.5
2022-06-04 03:17:28,57718.5,22327.4
2022-06-04 03:17:29,57925.9,22120.1
2022-06-04 03:17:30,57744.7,22301.3
2022-06-04 03:17:31,58082.2,21963.7
2022-06-04 03:17:32,57365.5,22680.5
2022-06-04 03:17:33,56660.7,23385.2
2022-06-04 03:17:34,56078.3,23967.7
2022-06-04 03:17:35,56141.6,23904.3
2022-06-04 03:17:36,55687.5,24358.3
2022-06-04 03:17:37,56195.2,23850.8
2022-06-04 03:17:38,56403.8,23642.2
2022-06-04 03:17:39,57497.7,22548.3
2022-06-04 03:17:40,57465.2,22580.7
2022-06-04 03:17:41,57013.2,23032.8
2022-06-04 03:17:42,56960.3,23085.7
2022-06-04 03:17:43,57029.9,23016
2022-06-04 03:17:44,56098.7,23947.2
2022-06-04 03:17:45,56233.1,23812.9
2022-06-04 03:17:46,57641.6,22404.3
2022-06-04 03:17:47,56938.1,23107.8
2022-06-04 03:17:48,56642.9,23403
2022-06-04 03:17:49,56885.9,23160
2022-06-04 03:17:50,57178.8,22867.1
2022-06-04 03:17:51,57627.6,22418.5
2022-06-04 03:17:52,57118.9,22927.1
2022-06-04 03:17:53,57224.7,22821.2
2022-06-04 03:17:54,56520.9,23525.1
2022-06-04 03:17:55,56169.3,23876.7
2022-06-04 03:17:56,56067.9,23978
2022-06-04 03:17:57,56188.3,23857.7
2022-06-04 03:17:58,56777,23268.9
2022-06-04 03:17:59,56627,23419
2022-06-04 03:18:00,57281.2,22764.8
2022-06-04 03:18:01,56817.3,23228.6
2022-06-04 03:18:02,56812.7,23233.2
2022-06-04 03:18:03,57739.2,22306.7
2022-06-04 03:18:04,58512.8,21533.1
2022-06-04 03:18:05,57303.3,22742.8
2022-06-04 03:18:06,56753.2,23292.6
2022-06-04 03:18:07,55638.3,24407.7
2022-06-04 03:18:08,56525.4,23520.6
2022-06-04 03:18:09,57165.7,22880.3
2022-06-04 03:18:10,56944.5,23101.4
2022-06-04 03:18:11,56634.6,23411.4
2022-06-04 03:18:12,56211.8,23834.1
2022-06-04 03:18:13,55799.4,24246.6
2022-06-04 03:18:14,55965.9,24080
2022-06-04 03:18:15,56341.4,23704.5
2022-06-04 03:18:16,57864.7,22181.3
2022-06-04 03:18:17,58124.3,21921.6
2022-06-04 03:18:18,57407.4,22638.7
2022-06-04 03:18:19,56879.7,23166.2
2022-06-04 03:18:20,57420.9,22625
2022-06-04 03:18:21,56915.9,23130
2022-06-04 03:18:22,56851.3,23194.6
2022-06-04 03:18:23,56983.8,23062.1
2022-06-04 03:18:24,56721.9,23324
2022-06-04 03:18:25,56934.5,23111.4
2022-06-04 03:18:26,55983.2,24062.8
2022-06-04 03:18:27,55860,24185.9
2022-06-04 03:18:28,56631,23415
2022-06-04 03:18:29,56723.5,23322.4
2022-06-04 03:18:30,58072.6,21973.3
2022-06-04 03:18:31,57572.1,22473.9
2022-06-04 03:18:32,57947.8,22098.1
2022-06-04 03:18:33,57021.2,23024.7
2022-06-04 03:18:34,56034,24011.9
2022-06-04 03:18:35,56597.6,23448.3
2022-06-04 03:18:36,56781.6,23264.2
2022-06-04 03:18:37,56248.6,23797.4
2022-06-04 03:18:38,55941.9,24104
2022-06-04 03:18:39,56779,23266.9
2022-06-04 03:18:40,56764,23282
2022-06-04 03:18:41,57111,22934.9
2022-06-04 03:18:42,56636.8,23409
2022-06-04 03:18:43,57181.4,22864.5
2022-06-04 03:18:44,57298.3,22747.6
2022-06-04 03:18:45,57325.5,22720.5
2022-06-04 03:18:46,57259.6,22786.4
2022-06-04 03:18:47,56662.6,23383.3
2022-06-04 03:18:48,56580.6,23465.3
2022-06-04 03:18:49,57223.7,22822.3
2022-06-04 03:18:50,56658.6,23387.2
2022-06-04 03:18:51,56811.9,23234.1
2022-06-04 03:18:52,56891,23154.9
2022-06-04 03:18:53,57176,22869.9
2022-06-04 03:18:54,57926,22119.9
2022-06-04 03:18:55,56937.1,23108.7
2022-06-04 03:18:56,56286.3,23759.7
2022-06-04 03:18:57,56082,23964
2022-06-04 03:18:58,56367.5,23678.4
2022-06-04 03:18:59,56987.2,23058.8
2022-06-04 03:19:00,57375.8,22670.1
2022-06-04 03:19:01,56669.9,23376.1
2022-06-04 03:19:02,56587,23458.9
2022-06-04 03:19:03,57390.5,22655.4
2022-06-04 03:19:04,57566.6,22479.3
2022-06-04 03:19:05,58495.7,21550.2
2022-06-04 03:19:06,57885,22161
2022-06-04 03:19:07,56781.1,23264.8
2022-06-04 03:19:08,56351.1,23694.8
2022-06-04 03:19:09,56220.6,23825.4
2022-06-04 03:19:10,55708.4,24337.5
2022-06-04 03:19:11,55969.8,24076
2022-06-04 03:19:12,55945.8,24100.1
2022-06-04 03:19:13,56061.3,23984.8
2022-06-04 03:19:14,57714.9,22331
2022-06-04 03:19:15,57519.4,22526.5
2022-06-04 03:19:16,58007.3,22038.6
2022-06-04 03:19:17,58196.6,21849.3
2022-06-04 03:19:18,57960.1,22085.8
2022-06-04 03:19:19,57688,22357.9
2022-06-04 03:19:20,57203.2,22842.7
2022-06-04 03:19:21,56556.7,23489.3
2022-06-04 03:19:22,56566.7,23479.2
2022-06-04 03:19:23,56314.6,23731.5
2022-06-04 03:19:24,55666.6,24379.3
2022-06-04 03:19:25,56033.8,24012.2
2022-06-04 03:19:26,55848,24198
2022-06-04 03:19:27,56374.5,23671.3
2022-06-04 03:19:28,57151,22894.8
2022-06-04 03:19:29,57975.5,22070.4
2022-06-04 03:19:30,58337.5,21708.4
2022-06-04 03:19:31,57414.8,22631.1
2022-06-04 03:19:32,57001.6,23044.4
2022-06-04 03:19:33,57356.1,22689.9
2022-06-04 03:19:34,56391.5,23654.4
2022-06-04 03:19:35,56847.1,23198.8
2022-06-04 03:19:36,56618.8,23427.1
2022-06-04 03:19:37,56678.6,23367.4
2022-06-04 03:19:38,55743,24302.9
2022-06-04 03:19:39,55131.2,24914.8
2022-06-04 03:19:40,55426.8,24619.1
2022-06-04 03:19:41,56219.8,23826.1
2022-06-04 03:19:42,57046.4,22999.5
2022-06-04 03:19:43,58425.6,21620.4
2022-06-04 03:19:44,57303.1,22742.8
2022-06-04 03:19:45,57438.8,22607.1
2022-06-04 03:19:46,57173,22872.9
2022-06-04 03:19:47,57084,22961.9
2022-06-04 03:19:48,57045.8,23000.1
2022-06-04 03:19:49,57035.6,23010.2
2022-06-04 03:19:50,57179,22866.9
2022-06-04 03:19:51,56588.8,23457.1
2022-06-04 03:19:52,55659.7,24386.1
2022-06-04 03:19:53,55223.4,24822.5
2022-06-04 03:19:54,55281.1,24764.7
2022-06-04 03:19:55,56066.8,23979.2
2022-06-04 03:19:56,56147.6,23898.2
2022-06-04 03:19:57,57691.1,22354.7
2022-06-04 03:19:58,57793.1,22252.9
2022-06-04 03:19:59,57175.4,22870.5
2022-06-04 03:20:00,57662.6,22383.4
2022-06-04 03:20:01,57389.3,22656.6
2022-06-04 03:20:02,57389.9,22656.1
2022-06-04 03:20:03,56152.1,23893.7
2022-06-04 03:20:04,56519.4,23526.4
2022-06-04 03:20:05,57506.6,22539.3
2022-06-04 03:20:06,57427.2,22618.7
2022-06-04 03:20:07,56542.8,23503.1
2022-06-04 03:20:08,56275,23770.8
2022-06-04 03:20:09,55529.1,24516.8
2022-06-04 03:20:10,55940.7,24105.3
2022-06-04 03:20:11,56678.8,23367.2
2022-06-04 03:20:12,57637.9,22408.1
2022-06-04 03:20:13,56971.1,23074.7
2022-06-04 03:20:14,57151.2,22894.8
2022-06-04 03:20:15,56672.2,23373.6
2022-06-04 03:20:16,56911.9,23134
2022-06-04 03:20:17,57077.8,22968.2
2022-06-04 03:20:18,57726.6,22319.3
2022-06-04 03:20:19,57968.1,22077.7
2022-06-04 03:20:20,57015.2,23030.7
2022-06-04 03:20:21,56311.7,23734.3
2022-06-04 03:20:22,56684.6,23361.3
2022-06-04 03:20:23,56233.2,23812.8
2022-06-04 03:20:24,55687.2,24358.8
2022-06-04 03:20:25,56119.2,23926.7
2022-06-04 03:20:26,56068,23977.9
2022-06-04 03:20:27,57152.5,22893.4
2022-06-04 03:20:28,57311.2,22734.7
2022-06-04 03:20:29,57675.3,22370.5
2022-06-04 03:20:30,58335.4,21710.5
2022-06-04 03:20:31,57821.3,22224.5
2022-06-04 03:20:32,56854.7,23191.3
2022-06-04 03:20:33,57060.1,22985.8
2022-06-04 03:20:34,57044.3,23001.7
2022-06-04 03:20:35,56472.8,23573.1
2022-06-04 03:20:36,56039.4,24006.6
2022-06-04 03:20:37,55607.8,24438.1
2022-06-04 03:20:38,55932.3,24113.6
2022-06-04 03:20:39,55673.6,24372.4
2022-06-04 03:20:40,56385,23661
2022-06-04 03:20:41,57676.6,22369.3
2022-06-04 03:20:42,57802,22243.8
2022-06-04 03:20:43,58244.7,21801.3
2022-06-04 03:20:44,58235.1,21810.7
2022-06-04 03:20:45,57950.3,22095.5
2022-06-04 03:20:46,56900.2,23145.8
2022-06-04 03:20:47,56643.2,23402.8
2022-06-04 03:20:48,55826.2,24219.7
2022-06-04 03:20:49,56047.9,23998
2022-06-04 03:20:50,56822.5,23223.4
2022-06-04 03:20:51,56741.7,23304.2
2022-06-04 03:20:52,55642.9,24403.1
2022-06-04 03:20:53,55955,24091
2022-06-04 03:20:54,56395.4,23650.5
2022-06-04 03:20:55,56644.3,23401.6
2022-06-04 03:20:56,58664.6,21381.3
2022-06-04 03:20:57,58731.6,21314.5
2022-06-04 03:20:58,58338.7,21707.2
2022-06-04 03:20:59,57389.1,22656.9
2022-06-04 03:21:00,56708.4,23337.5
2022-06-04 03:21:01,56875.7,23170.2
2022-06-04 03:21:02,56838.1,23207.8
2022-06-04 03:21:03,56561.3,23484.7
2022-06-04 03:21:04,56307,23738.9
2022-06-04 03:21:05,56798.5,23247.4
2022-06-04 03:21:06,56420.2,23625.9
2022-06-04 03:21:07,55807.1,24238.8
2022-06-04 03:21:08,57140.3,22905.5
2022-06-04 03:21:09,56961.9,23084
2022-06-04 03:21:10,57785.3,22260.7
2022-06-04 03:21:11,57782.4,22263.4
2022-06-04 03:21:12,58240,21805.9
2022-06-04 03:21:13,57753.2,22292.8
2022-06-04 03:21:14,57057.4,22988.5
2022-06-04 03:21:15,56846.7,23199.2
2022-06-04 03:21:16,56430.8,23615.2
2022-06-04 03:21:17,56049.9,23996
2022-06-04 03:21:18,55743.3,24302.7
2022-06-04 03:21:19,56362,23683.8
2022-06-04 03:21:20,56968.3,23077.5
2022-06-04 03:21:21,56728.7,23317.3
2022-06-04 03:21:22,56761.6,23284.3
2022-06-04 03:21:23,57378.8,22667.2
2022-06-04 03:21:24,56917.5,23128.3
2022-06-04 03:21:25,56987.6,23058.3
2022-06-04 03:21:26,57418.2,22627.6
2022-06-04 03:21:27,57449.9,22596.1
2022-06-04 03:21:28,56858,23188
2022-06-04 03:21:29,56322.7,23723.3
2022-06-04 03:21:30,56158.5,23887.3
2022-06-04 03:21:31,56593,23452.9
2022-06-04 03:21:32,56744.4,23301.5
2022-06-04 03:21:33,56599.8,23446.1
2022-06-04 03:21:34,57708.8,22337.2
2022-06-04 03:21:35,57449.1,22596.8
2022-06-04 03:21:36,57639.3,22406.7
2022-06-04 03:21:37,57078.4,22967.5
2022-06-04 03:21:38,56406.5,23639.4
2022-06-04 03:21:39,56194.3,23851.6
2022-06-04 03:21:40,57086,22960
2022-06-04 03:21:41,57451.5,22594.3
2022-06-04 03:21:42,57361.9,22684
2022-06-04 03:21:43,57464.1,22581.8
2022-06-04 03:21:44,56988.8,23057
2022-06-04 03:21:45,56900.2,23145.8
2022-06-04 03:21:46,57462.2,22583.7
2022-06-04 03:21:47,56790.1,23255.8
2022-06-04 03:21:48,56178,23868
2022-06-04 03:21:49,56589.2,23456.7
2022-06-04 03:21:50,56744.2,23301.7
2022-06-04 03:21:51,56038.7,24007.3
2022-06-04 03:21:52,55874,24172
2022-06-04 03:21:53,57151.8,22894.1
2022-06-04 03:21:54,56971.3,23074.7
2022-06-04 03:21:55,57825.7,22220.3
2022-06-04 03:21:56,58235.9,21810
2022-06-04 03:21:57,58118.7,21927.3
2022-06-04 03:21:58,57385.1,22660.7
2022-06-04 03:21:59,56794.5,23251.3
2022-06-04 03:22:00,56441.2,23604.7
2022-06-04 03:22:01,56562.3,23483.7
2022-06-04 03:22:02,55410.4,24635.6
2022-06-04 03:22:03,55829,24217
2022-06-04 03:22:04,57222.8,22823.1
2022-06-04 03:22:05,56478.7,23567.2
2022-06-04 03:22:06,57567.6,22478.3
2022-06-04 03:22:07,58294.2,21751.7
2022-06-04 03:22:08,57568.8,22477.2
2022-06-04 03:22:09,57609.6,22436.3
2022-06-04 03:22:10,57331.8,22714.1
2022-06-04 03:22:11,57572.2,22473.7
2022-06-04 03:22:12,57097.3,22948.6
2022-06-04 03:22:13,56000.1,24045.8
2022-06-04 03:22:14,56623.8,23422.1
2022-06-04 03:22:15,56342.1,23703.8
2022-06-04 03:22:16,55342.7,24703.2
2022-06-04 03:22:17,56785,23260.9
2022-06-04 03:22:18,57810.8,22235.1
2022-06-04 03:22:19,58185.6,21860.4
2022-06-04 03:22:20,58054.5,21991.3
2022-06-04 03:22:21,57508.7,22537.3
2022-06-04 03:22:22,57120.5,22925.4
2022-06-04 03:22:23,57017.9,23027.9
2022-06-04 03:22:24,56379.3,23666.6
2022-06-04 03:22:25,56324.7,23721.2
2022-06-04 03:22:26,56330.2,23715.7
2022-06-04 03:22:27,56081.7,23964.2
2022-06-04 03:22:28,56170,23875.9
2022-06-04 03:22:29,56733.3,23312.6
2022-06-04 03:22:30,57270.4,22775.5
2022-06-04 03:22:31,57645.6,22400.4
2022-06-04 03:22:32,58044.8,22001.2
2022-06-04 03:22:33,58081.1,21964.9
2022-06-04 03:22:34,57226.4,22819.5
2022-06-04 03:22:35,56814.9,23231.1
2022-06-04 03:22:36,56326.5,23719.3
2022-06-04 03:22:37,55615.1,24430.9
2022-06-04 03:22:38,56268.4,23777.5
2022-06-04 03:22:39,56239,23806.8
2022-06-04 03:22:40,56990.8,23055.2
2022-06-04 03:22:41,57125.9,22920
2022-06-04 03:22:42,57505.3,22540.6
2022-06-04 03:22:43,57476.9,22569.1
2022-06-04 03:22:44,58052.9,21993
2022-06-04 03:22:45,57685.2,22360.7
2022-06-04 03:22:46,57308.7,22737.2
2022-06-04 03:22:47,57112.5,22933.4
2022-06-04 03:22:48,56440.3,23605.7
2022-06-04 03:22:49,56255,23791
2022-06-04 03:22:50,56068,23977.9
2022-06-04 03:22:51,56164.8,23881.1
2022-06-04 03:22:52,56864.4,23181.5
2022-06-04 03:22:53,56448.9,23596.9
2022-06-04 03:22:54,57053.3,22992.6
2022-06-04 03:22:55,57371.8,22674.1
2022-06-04 03:22:56,57620.4,22425.5
2022-06-04 03:22:57,57586.2,22459.8
2022-06-04 03:22:58,57204.8,22841.1
2022-06-04 03:22:59,57479,22567
2022-06-04 03:23:00,56628.9,23417.1
2022-06-04 03:23:01,56681.3,23364.5
2022-06-04 03:23:02,57045.5,23000.4
2022-06-04 03:23:03,56789.1,23256.9
2022-06-04 03:23:04,55612.1,24433.9
2022-06-04 03:23:05,56209.8,23836.1
2022-06-04 03:23:06,56575.9,23470
2022-06-04 03:23:07,56420.3,23625.6
2022-06-04 03:23:08,56227.8,23818.3
2022-06-04 03:23:09,57419.1,22626.8
2022-06-04 03:23:10,57455.4,22590.5
2022-06-04 03:23:11,58145.9,21900
2022-06-04 03:23:12,58234.6,21811.3
2022-06-04 03:23:13,57772,22273.9
2022-06-04 03:23:14,57475.9,22570
2022-06-04 03:23:15,56546.6,23499.2
2022-06-04 03:23:16,55902.1,24143.8
2022-06-04 03:23:17,56177.2,23868.7
2022-06-04 03:23:18,56838,23208
2022-06-04 03:23:19,57252.7,22793.2
2022-06-04 03:23:20,56414.8,23631.1
2022-06-04 03:23:21,55956.7,24089.3
2022-06-04 03:23:22,55663.4,24382.5
2022-06-04 03:23:23,57011.9,23034
2022-06-04 03:23:24,57786,22260
2022-06-04 03:23:25,58886.6,21159.3
2022-06-04 03:23:26,58522.6,21523.3
2022-06-04 03:23:27,57780.5,22265.4
2022-06-04 03:23:28,56854.8,23191.1
2022-06-04 03:23:29,56273,23772.9
2022-06-04 03:23:30,55965.8,24080.1
2022-06-04 03:23:31,56870.6,23175.3
2022-06-04 03:23:32,56265.1,23780.9
2022-06-04 03:23:33,56105,23941
2022-06-04 03:23:34,56556.5,23489.5
2022-06-04 03:23:35,56460.9,23585
2022-06-04 03:23:36,56854.2,23191.7
2022-06-04 03:23:37,57302.3,22743.6
2022-06-04 03:23:38,57157.4,22888.5
2022-06-04 03:23:39,57538.5,22507.5
2022-06-04 03:23:40,57812.1,22233.9
2022-06-04 03:23:41,57589.1,22456.9
2022-06-04 03:23:42,56870.8,23175
2022-06-04 03:23:43,56600,23445.9
2022-06-04 03:23:44,56766.7,23279.2
2022-06-04 03:23:45,56904.3,23141.6
2022-06-04 03:23:46,56798.5,23247.4
2022-06-04 03:23:47,56961,23084.8
2022-06-04 03:23:48,56351.9,23694.1
2022-06-04 03:23:49,55742.8,24303
2022-06-04 03:23:50,55720.5,24325.4
2022-06-04 03:23:51,56806.1,23239.8
2022-06-04 03:23:52,56727.5,23318.5
2022-06-04 03:23:53,58324,21721.9
2022-06-04 03:23:54,58303.2,21742.7
2022-06-04 03:23:55,57326.8,22719.1
2022-06-04 03:23:56,57392.7,22653.2
2022-06-04 03:23:57,57216.8,22829.1
2022-06-04 03:23:58,58256.9,21789
2022-06-04 03:23:59,57378.7,22667.2
2022-06-04 03:24:00,56752.1,23293.8
2022-06-04 03:24:01,56472,23574
2022-06-04 03:24:02,55901.6,24144.2
2022-06-04 03:24:03,55183.3,24862.7
2022-06-04 03:24:04,56204.4,23841.5
2022-06-04 03:24:05,55746.1,24299.8
2022-06-04 03:24:06,56425.9,23620
2022-06-04 03:24:07,56630.1,23415.8
2022-06-04 03:24:08,58122.3,21923.7
2022-06-04 03:24:09,58952.9,21093.1
2022-06-04 03:24:10,58443.7,21602.2
2022-06-04 03:24:11,58102.2,21943.7
2022-06-04 03:24:12,57311.7,22734.3
2022-06-04 03:24:13,56594.4,23451.5
2022-06-04 03:24:14,56064.4,23981.4
2022-06-04 03:24:15,55992.3,24053.8
2022-06-04 03:24:16,55074.2,24971.7
2022-06-04 03:24:17,55746.7,24299.2
2022-06-04 03:24:18,55496.2,24549.7
2022-06-04 03:24:19,56496.4,23549.6
2022-06-04 03:24:20,57212.9,22833.1
2022-06-04 03:24:21,58099.3,21946.6
2022-06-04 03:24:22,58676.3,21369.7
2022-06-04 03:24:23,59302.4,20743.5
2022-06-04 03:24:24,58860,21185.9
2022-06-04 03:24:25,58014.8,22031.2
2022-06-04 03:24:26,57445.5,22600.5
2022-06-04 03:24:27,56247.2,23798.8
2022-06-04 03:24:28,55434.5,24611.3
2022-06-04 03:24:29,54778.9,25267
2022-06-04 03:24:30,54323.1,25722.8
2022-06-04 03:24:31,55437.3,24608.6
2022-06-04 03:24:32,56676.3,23369.6
2022-06-04 03:24:33,57175.2,22870.7
2022-06-04 03:24:34,57656.9,22389
2022-06-04 03:24:35,58461,21585
2022-06-04 03:24:36,58716.8,21329
2022-06-04 03:24:37,58647.7,21398.3
2022-06-04 03:24:38,58257.3,21788.6
2022-06-04 03:24:39,57651.8,22394.2
2022-06-04 03:24:40,56885.6,23160.4
2022-06-04 03:24:41,56057.8,23988.2
2022-06-04 03:24:42,56106.6,23939.4
2022-06-04 03:24:43,56061.3,23984.6
2022-06-04 03:24:44,55339.1,24706.8
2022-06-04 03:24:45,55771,24275
2022-06-04 03:24:46,56914,23131.9
2022-06-04 03:24:47,56532.5,23513.4
2022-06-04 03:24:48,56213.3,23832.5
2022-06-04 03:24:49,57085.8,22960.2
2022-06-04 03:24:50,58078.7,21967.1
2022-06-04 03:24:51,58033.2,22012.8
2022-06-04 03:24:52,57629.4,22416.6
2022-06-04 03:24:53,58014.4,22031.5
2022-06-04 03:24:54,57522.8,22523.1
2022-06-04 03:24:55,57127.8,22918.1
2022-06-04 03:24:56,56821.3,23224.6
2022-06-04 03:24:57,56140,23906
2022-06-04 03:24:58,55986.8,24059
2022-06-04 03:24:59,55312.1,24733.8
2022-06-04 03:25:00,54738.5,25307.5
2022-06-04 03:25:01,56433.5,23612.5
2022-06-04 03:25:02,55863.6,24182.4
2022-06-04 03:25:03,57175.5,22870.5
2022-06-04 03:25:04,58049.2,21996.7
2022-06-04 03:25:05,58174,21871.9
2022-06-04 03:25:06,59012.9,21033
2022-06-04 03:25:07,58770.5,21275.4
2022-06-04 03:25:08,58250.5,21795.3
2022-06-04 03:25:09,57357.1,22688.8
2022-06-04 03:25:10,56635.7,23410.2
2022-06-04 03:25:11,56320.1,23725.8
2022-06-04 03:25:12,56036,24010
2022-06-04 03:25:13,54813.6,25232.3
2022-06-04 03:25:14,54606,25439.8
2022-06-04 03:25:15,54782.2,25263.7
2022-06-04 03:25:16,55936.7,24109.3
2022-06-04 03:25:17,56537.8,23508.2
2022-06-04 03:25:18,58898.8,21147.2
2022-06-04 03:25:19,59516.4,20529.5
2022-06-04 03:25:20,58818.7,21227.2
2022-06-04 03:25:21,58056.4,21989.7
2022-06-04 03:25:22,58242.5,21803.4
2022-06-04 03:25:23,57659.6,22386.3
2022-06-04 03:25:24,57139.6,22906.3
2022-06-04 03:25:25,56898.4,23147.5
2022-06-04 03:25:26,55705.1,24340.7
2022-06-04 03:25:27,55475.3,24570.6
2022-06-04 03:25:28,55075.9,24970
2022-06-04 03:25:29,55047.7,24998.2
2022-06-04 03:25:30,55611.5,24434.5
2022-06-04 03:25:31,56015.4,24030.5
2022-06-04 03:25:32,57332.3,22713.6
2022-06-04 03:25:33,58127,21919
2022-06-04 03:25:34,58050,21995.9
2022-06-04 03:25:35,59033.3,21012.6
2022-06-04 03:25:36,58253.3,21792.8
2022-06-04 03:25:37,58180.5,21865.5
2022-06-04 03:25:38,57740.2,22305.8
2022-06-04 03:25:39,57241,22805
2022-06-04 03:25:40,56254.7,23791.2
2022-06-04 03:25:41,55064.8,24981
2022-06-04 03:25:42,54771.5,25274.4
2022-06-04 03:25:43,54918.9,25127.1
2022-06-04 03:25:44,55722.6,24323.4
2022-06-04 03:25:45,56733.8,23312.1
2022-06-04 03:25:46,58483.6,21562.4
2022-06-04 03:25:47,58189.6,21856.4
2022-06-04 03:25:48,58104.1,21941.8
2022-06-04 03:25:49,59328.1,20717.8
2022-06-04 03:25:50,58855.1,21190.9
2022-06-04 03:25:51,57874.1,22171.8
2022-06-04 03:25:52,56659.7,23386.2
2022-06-04 03:25:53,56159.8,23886.2
2022-06-04 03:25:54,55431.7,24614.2
2022-06-04 03:25:55,55185.8,24860.2
2022-06-04 03:25:56,55047.2,24998.7
2022-06-04 03:25:57,54941.2,25104.6
2022-06-04 03:25:58,55691.4,24354.5
2022-06-04 03:25:59,57736.9,22309.1
2022-06-04 03:26:00,58355.4,21690.6
2022-06-04 03:26:01,58517.6,21528.3
2022-06-04 03:26:02,58321.7,21724.2
2022-06-04 03:26:03,57633.5,22412.4
2022-06-04 03:26:04,57981,22064.9
2022-06-04 03:26:05,57311.7,22734.1
2022-06-04 03:26:06,57221.1,22824.8
2022-06-04 03:26:07,56894.9,23151
2022-06-04 03:26:08,55716.1,24329.9
2022-06-04 03:26:09,56218.3,23827.7
2022-06-04 03:26:10,55459.8,24586.2
2022-06-04 03:26:11,55985.5,24060.6
2022-06-04 03:26:12,55825.6,24220.3
2022-06-04 03:26:13,57537.8,22508.2
2022-06-04 03:26:14,57896,22149.9
2022-06-04 03:26:15,58020.8,22025.1
2022-06-04 03:26:16,57268,22777.8
2022-06-04 03:26:17,56516.8,23529.1
2022-06-04 03:26:18,57721.5,22324.5
2022-06-04 03:26:19,57762.7,22283.3
2022-06-04 03:26:20,57863.9,22182
2022-06-04 03:26:21,57702.8,22343.3
2022-06-04 03:26:22,57121.2,22924.8
2022-06-04 03:26:23,56221.5,23824.5
2022-06-04 03:26:24,56115.8,23930.1
2022-06-04 03:26:25,55521.9,24524
2022-06-04 03:26:26,55358.9,24687.1
2022-06-04 03:26:27,54965.3,25080.6
2022-06-04 03:26:28,56756.3,23289.7
2022-06-04 03:26:29,58102.9,21942.9
2022-06-04 03:26:30,57998.7,22047.2
2022-06-04 03:26:31,57597,22448.8
2022-06-04 03:26:32,57786.7,22259.2
2022-06-04 03:26:33,58323.6,21722.4
2022-06-04 03:26:34,58179.4,21866.6
2022-06-04 03:26:35,58235.3,21810.6
2022-06-04 03:26:36,57478.8,22567.1
2022-06-04 03:26:37,55880.4,24165.6
2022-06-04 03:26:38,55558.5,24487.5
2022-06-04 03:26:39,54562.8,25483.2
2022-06-04 03:26:40,54398.8,25647.1
2022-06-04 03:26:41,54629.6,25416.4
2022-06-04 03:26:42,57375.4,22670.6
2022-06-04 03:26:43,57454.9,22591
2022-06-04 03:26:44,58805,21241
2022-06-04 03:26:45,58797.9,21248.1
2022-06-04 03:26:46,58053.7,21992.2
2022-06-04 03:26:47,58418.7,21627.3
2022-06-04 03:26:48,57959.7,22086.2
2022-06-04 03:26:49,57267,22778.9
2022-06-04 03:26:50,56270.9,23775
2022-06-04 03:26:51,55076.6,24969.4
2022-06-04 03:26:52,55329.2,24716.7
2022-06-04 03:26:53,56639.9,23405.9
2022-06-04 03:26:54,55475,24571
2022-06-04 03:26:55,55888.9,24157.1
2022-06-04 03:26:56,56844.2,23201.8
2022-06-04 03:26:57,57409.1,22636.8
2022-06-04 03:26:58,58446.6,21599.4
2022-06-04 03:26:59,58753.8,21292
2022-06-04 03:27:00,57764.8,22281.1
2022-06-04 03:27:01,57387.1,22658.8
2022-06-04 03:27:02,57021.9,23024.1
2022-06-04 03:27:03,56826.6,23219.3
2022-06-04 03:27:04,57420.6,22625.2
2022-06-04 03:27:05,57191.1,22854.8
2022-06-04 03:27:06,56931,23115
2022-06-04 03:27:07,56513.3,23532.6
2022-06-04 03:27:08,56282,23763.9
2022-06-04 03:27:09,56313.1,23732.8
2022-06-04 03:27:10,56103.8,23942.1
2022-06-04 03:27:11,56831.1,23214.8
2022-06-04 03:27:12,57107.4,22938.6
2022-06-04 03:27:13,57498.3,22547.6
2022-06-04 03:27:14,57843.2,22202.8
2022-06-04 03:27:15,57760.6,22285.3
2022-06-04 03:27:16,57782.7,22263.2
2022-06-04 03:27:17,57641,22405
2022-06-04 03:27:18,56820,23225.9
2022-06-04 03:27:19,56736.8,23309.2
2022-06-04 03:27:20,56874.8,23171
2022-06-04 03:27:21,56159.8,23886.1
2022-06-04 03:27:22,56014.6,24031.4
2022-06-04 03:27:23,56195.4,23850.5
2022-06-04 03:27:24,55948.4,24097.5
2022-06-04 03:27:25,55976.6,24069.3
2022-06-04 03:27:26,56866.7,23179.2
2022-06-04 03:27:27,58663.4,21382.5
2022-06-04 03:27:28,58802.5,21243.4
2022-06-04 03:27:29,57896,22150
2022-06-04 03:27:30,56994.4,23051.5
2022-06-04 03:27:31,57152.7,22893.2
2022-06-04 03:27:32,56719.1,23326.7
2022-06-04 03:27:33,56801.3,23244.5
2022-06-04 03:27:34,55994,24052
2022-06-04 03:27:35,56324.8,23721.1
2022-06-04 03:27:36,56240.3,23805.7
2022-06-04 03:27:37,56841.8,23204.1
2022-06-04 03:27:38,58376.8,21669.1
2022-06-04 03:27:39,57400.5,22645.4
2022-06-04 03:27:40,56564.6,23481.3
2022-06-04 03:27:41,56245.4,23800.5
2022-06-04 03:27:42,57226.4,22819.5
2022-06-04 03:27:43,57192.1,22853.9
2022-06-04 03:27:44,57038.7,23007.2
2022-06-04 03:27:45,56131.3,23914.6
2022-06-04 03:27:46,56437.3,23608.6
2022-06-04 03:27:47,56108.1,23937.9
2022-06-04 03:27:48,55682.1,24363.7
2022-06-04 03:27:49,57618.8,22427.1
2022-06-04 03:27:50,57374.3,22671.7
2022-06-04 03:27:51,58207.4,21838.5
2022-06-04 03:27:52,57288.7,22757.1
2022-06-04 03:27:53,56895.2,23150.7
2022-06-04 03:27:54,55904.5,24141.4
2022-06-04 03:27:55,56422.3,23623.6
2022-06-04 03:27:56,56930.6,23115.3
2022-06-04 03:27:57,56649.6,23396.3
2022-06-04 03:27:58,56762.6,23283.3
2022-06-04 03:27:59,57025.6,23020.4
2022-06-04 03:28:00,57796,22250
2022-06-04 03:28:01,57419.4,22626.7
2022-06-04 03:28:02,57212.3,22833.6
2022-06-04 03:28:03,56977.7,23068.3
2022-06-04 03:28:04,57729.5,22316.5
2022-06-04 03:28:05,58010.8,22035.1
2022-06-04 03:28:06,56823.3,23222.7
2022-06-04 03:28:07,56541.8,23504.1
2022-06-04 03:28:08,56247.8,23798.1
2022-06-04 03:28:09,55668.1,24378
2022-06-04 03:28:10,55858.2,24187.8
2022-06-04 03:28:11,57159.4,22886.6
2022-06-04 03:28:12,57650.3,22395.6
2022-06-04 03:28:13,57583.3,22462.6
2022-06-04 03:28:14,57223.9,22822
2022-06-04 03:28:15,56782.1,23263.8
2022-06-04 03:28:16,55882.8,24163.2
2022-06-04 03:28:17,56191.7,23854.1
2022-06-04 03:28:18,57140.8,22905.1
2022-06-04 03:28:19,57954.2,22091.9
2022-06-04 03:28:20,57404.6,22641.3
2022-06-04 03:28:21,56413.8,23632.1
2022-06-04 03:28:22,57279.3,22766.5
2022-06-04 03:28:23,56921.7,23124.3
2022-06-04 03:28:24,57114.7,22931.3
2022-06-04 03:28:25,56326.1,23719.7
2022-06-04 03:28:26,56703.2,23342.7
2022-06-04 03:28:27,56237,23808.9
2022-06-04 03:28:28,56095.1,23950.8
2022-06-04 03:28:29,56363.1,23682.8
2022-06-04 03:28:30,56628.3,23417.6
2022-06-04 03:28:31,56993.5,23052.4
2022-06-04 03:28:32,57077.8,22968.1
2022-06-04 03:28:33,57881.4,22164.5
2022-06-04 03:28:34,57812.2,22233.8
2022-06-04 03:28:35,57265.5,22780.3
2022-06-04 03:28:36,57480.1,22565.7
2022-06-04 03:28:37,56401.8,23644.2
2022-06-04 03:28:38,56119.3,23926.6
2022-06-04 03:28:39,56083,23962.9
2022-06-04 03:28:40,56539.6,23506.4
2022-06-04 03:28:41,56666.8,23379.2
2022-06-04 03:28:42,56806.8,23239.1
2022-06-04 03:28:43,56066.5,23979.5
2022-06-04 03:28:44,56732.3,23313.5
2022-06-04 03:28:45,57484.9,22561
2022-06-04 03:28:46,57848.9,22197
2022-06-04 03:28:47,58359.3,21686.7
2022-06-04 03:28:48,57434.3,22611.7
2022-06-04 03:28:49,57254.8,22791.1
2022-06-04 03:28:50,57069.9,22976.1
2022-06-04 03:28:51,56836,23209.8
2022-06-04 03:28:52,56380.6,23665.2
2022-06-04 03:28:53,56234.1,23811.8
2022-06-04 03:28:54,55991.6,24054.3
2022-06-04 03:28:55,56376,23669.9
2022-06-04 03:28:56,56384.5,23661.4
2022-06-04 03:28:57,55901.2,24144.8
2022-06-04 03:28:58,57200.1,22845.8
2022-06-04 03:28:59,56915.1,23130.9
2022-06-04 03:29:00,57020.5,23025.5
2022-06-04 03:29:01,58232.9,21813
2022-06-04 03:29:02,57357.1,22688.8
2022-06-04 03:29:03,56891,23155
2022-06-04 03:29:04,56619.5,23426.4
2022-06-04 03:29:05,56497.4,23548.6
2022-06-04 03:29:06,57070.3,22975.7
2022-06-04 03:29:07,57082.6,22963.3
2022-06-04 03:29:08,56304.1,23741.9
2022-06-04 03:29:09,55522.2,24523.7
2022-06-04 03:29:10,55562.6,24483.4
2022-06-04 03:29:11,55317.4,24728.4
2022-06-04 03:29:12,56527.2,23518.8
2022-06-04 03:29:13,57395.4,22650.5
2022-06-04 03:29:14,57520.3,22525.7
2022-06-04 03:29:15,57959.3,22086.5
2022-06-04 03:29:16,58197.7,21848.2
2022-06-04 03:29:17,57824.4,22221.5
2022-06-04 03:29:18,57847.3,22198.6
2022-06-04 03:29:19,57495,22551
2022-06-04 03:29:20,56891.2,23154.7
2022-06-04 03:29:21,56200.2,23845.7
2022-06-04 03:29:22,56426.3,23619.6
2022-06-04 03:29:23,55395,24650.9
2022-06-04 03:29:24,55678,24368
2022-06-04 03:29:25,55549,24496.9
2022-06-04 03:29:26,55955.3,24090.7
2022-06-04 03:29:27,56742.6,23303.2
2022-06-04 03:29:28,57453,22593
2022-06-04 03:29:29,58249.9,21796.1
2022-06-04 03:29:30,58600.3,21445.6
2022-06-04 03:29:31,57779,22267
2022-06-04 03:29:32,57261.8,22784.1
2022-06-04 03:29:33,57592.5,22453.3
2022-06-04 03:29:34,57480.4,22565.6
2022-06-04 03:29:35,56160.8,23885.2
2022-06-04 03:29:36,55747.7,24298.2
2022-06-04 03:29:37,55616,24429.9
2022-06-04 03:29:38,56061.2,23984.7
2022-06-04 03:29:39,56517.1,23528.9
2022-06-04 03:29:40,56509.1,23536.8
2022-06-04 03:29:41,56528.4,23517.5
2022-06-04 03:29:42,57492.8,22553
2022-06-04 03:29:43,57516,22530
2022-06-04 03:29:44,58279.1,21766.8
2022-06-04 03:29:45,58328.6,21717.4
2022-06-04 03:29:46,57510.1,22535.8
2022-06-04 03:29:47,57158.7,22887.3
2022-06-04 03:29:48,56936.9,23109
2022-06-04 03:29:49,56202.9,23843
2022-06-04 03:29:50,56980.5,23065.3
2022-06-04 03:29:51,56869.8,23176.1
2022-06-04 03:29:52,57019.6,23026.4
2022-06-04 03:29:53,56312.7,23733.1
2022-06-04 03:29:54,56593.6,23452.2
2022-06-04 03:29:55,56463.7,23582.3
2022-06-04 03:29:56,56803.2,23242.7
2022-06-04 03:29:57,57096.7,22949.3
2022-06-04 03:29:58,56747.2,23298.8
2022-06-04 03:29:59,57594.1,22451.9
2022-06-04 03:30:00,57389.7,22656.2
2022-06-04 03:30:01,57376.3,22669.7
2022-06-04 03:30:02,56637.9,23407.9
2022-06-04 03:30:03,56710,23336
2022-06-04 03:30:04,56795.9,23250
2022-06-04 03:30:05,56492.9,23553.1
2022-06-04 03:30:06,56502.3,23543.6
2022-06-04 03:30:07,56223.4,23822.5
2022-06-04 03:30:08,55974.3,24071.5
2022-06-04 03:30:09,56486.7,23559.2
2022-06-04 03:30:10,56837.7,23208.2
2022-06-04 03:30:11,56972.8,23073.2
2022-06-04 03:30:12,56707.8,23338
2022-06-04 03:30:13,56486.6,23559.3
2022-06-04 03:30:14,57836.6,22209.3
2022-06-04 03:30:15,57770.6,22275.4
2022-06-04 03:30:16,57410,22635.9
2022-06-04 03:30:17,56277,23768.9
2022-06-04 03:30:18,55622.4,24423.5
2022-06-04 03:30:19,56084.4,23961.5
2022-06-04 03:30:20,56909.2,23136.7
2022-06-04 03:30:21,56017.3,24028.6
2022-06-04 03:30:22,56441.7,23604.3
2022-06-04 03:30:23,57257.5,22788.5
2022-06-04 03:30:24,57687.4,22358.6
2022-06-04 03:30:25,57183.2,22862.7
2022-06-04 03:30:26,56310.8,23735.1
2022-06-04 03:30:27,56061.1,23984.8
2022-06-04 03:30:28,57421.8,22624.2
2022-06-04 03:30:29,57938.1,22107.8
2022-06-04 03:30:30,57761.3,22284.6
2022-06-04 03:30:31,56742.1,23303.7
2022-06-04 03:30:32,55711,24334.9
2022-06-04 03:30:33,56087.8,23958.2
2022-06-04 03:30:34,56920,23126
2022-06-04 03:30:35,56930.8,23115
2022-06-04 03:30:36,56394.5,23651.3
2022-06-04 03:30:37,56664.5,23381.4
2022-06-04 03:30:38,56960.8,23085.2
2022-06-04 03:30:39,56764.8,23281.2
2022-06-04 03:30:40,56936.7,23109.2
2022-06-04 03:30:41,57215.8,22830
2022-06-04 03:30:42,57291.2,22754.7
2022-06-04 03:30:43,57397.3,22648.7
2022-06-04 03:30:44,57042.4,23003.5
2022-06-04 03:30:45,56817.7,23228.3
2022-06-04 03:30:46,57108.8,22937.1
2022-06-04 03:30:47,56893.2,23152.7
2022-06-04 03:30:48,56512.8,23533
2022-06-04 03:30:49,56354.5,23691.5
2022-06-04 03:30:50,56231.4,23814.4
2022-06-04 03:30:51,56336.6,23709.3
2022-06-04 03:30:52,56618.2,23427.7
2022-06-04 03:30:53,57343.7,22702.1
2022-06-04 03:30:54,56816.5,23229.5
2022-06-04 03:30:55,56378.8,23667.1
2022-06-04 03:30:56,56258.1,23787.7
2022-06-04 03:30:57,57392.3,22653.6
2022-06-04 03:30:58,57468.4,22577.5
2022-06-04 03:30:59,57824.6,22221.4
2022-06-04 03:31:00,57468.1,22577.9
2022-06-04 03:31:01,57188.5,22857.4
2022-06-04 03:31:02,57118.8,22927.2
2022-06-04 03:31:03,56090.5,23955.4
2022-06-04 03:31:04,56255,23790.9
2022-06-04 03:31:05,56954.2,23091.8
2022-06-04 03:31:06,57403.2,22642.7
2022-06-04 03:31:07,57714.4,22331.6
2022-06-04 03:31:08,57074.3,22971.5
2022-06-04 03:31:09,56289.1,23756.8
2022-06-04 03:31:10,56205.1,23840.9
2022-06-04 03:31:11,56510.5,23535.4
2022-06-04 03:31:12,57835.2,22210.6
2022-06-04 03:31:13,58053.6,21992.3
2022-06-04 03:31:14,56589.8,23456.1
2022-06-04 03:31:15,55987.4,24058.6
2022-06-04 03:31:16,55611.7,24434.2
2022-06-04 03:31:17,55304.4,24741.5
2022-06-04 03:31:18,57258.8,22787.1
2022-06-04 03:31:19,57886.4,22159.5
2022-06-04 03:31:20,57832,22214
2022-06-04 03:31:21,57864.6,22181.4
2022-06-04 03:31:22,57673.7,22372.2
2022-06-04 03:31:23,57241.2,22804.8
2022-06-04 03:31:24,56712.5,23333.3
2022-06-04 03:31:25,56259.6,23786.2
2022-06-04 03:31:26,56021.2,24024.8
2022-06-04 03:31:27,56239.5,23806.5
2022-06-04 03:31:28,55646,24400
2022-06-04 03:31:29,55907,24138.8
2022-06-04 03:31:30,57389.7,22656.3
2022-06-04 03:31:31,57730.6,22315.4
2022-06-04 03:31:32,57321.1,22724.7
2022-06-04 03:31:33,57897.1,22148.8
2022-06-04 03:31:34,58459.7,21586.1
2022-06-04 03:31:35,58332.1,21713.8
2022-06-04 03:31:36,57170.6,22875.4
2022-06-04 03:31:37,56038.9,24007
2022-06-04 03:31:38,55485.4,24560.5
2022-06-04 03:31:39,54483.6,25562.4
2022-06-04 03:31:40,56053.9,23991.9
2022-06-04 03:31:41,56838.3,23207.7
2022-06-04 03:31:42,57018.4,23027.7
2022-06-04 03:31:43,57465.3,22580.6
2022-06-04 03:31:44,57000.4,23045.5
2022-06-04 03:31:45,56706.2,23339.7
2022-06-04 03:31:46,57347.7,22698.1
2022-06-04 03:31:47,58155.6,21890.3
2022-06-04 03:31:48,57840.3,22205.7
2022-06-04 03:31:49,57382.1,22663.9
2022-06-04 03:31:50,56705.6,23340.2
2022-06-04 03:31:51,55620.6,24425.2
2022-06-04 03:31:52,55733.3,24312.6
2022-06-04 03:31:53,56534.7,23511.2
2022-06-04 03:31:54,56678.2,23367.7
2022-06-04 03:31:55,57102.1,22943.8
2022-06-04 03:31:56,56976.1,23069.8
2022-06-04 03:31:57,57378.3,22667.6
2022-06-04 03:31:58,57549.2,22496.6
2022-06-04 03:31:59,57221,22824.8
2022-06-04 03:32:00,57387.6,22658.4
2022-06-04 03:32:01,56997.5,23048.5
2022-06-04 03:32:02,57239.9,22805.9
2022-06-04 03:32:03,57585.4,22460.6
2022-06-04 03:32:04,57216.2,22829.8
2022-06-04 03:32:05,56803.8,23242.2
2022-06-04 03:32:06,56274.8,23771.2
2022-06-04 03:32:07,56355.9,23689.9
2022-06-04 03:32:08,56284.7,23761.2
2022-06-04 03:32:09,56524.2,23521.8
2022-06-04 03:32:10,56341.5,23704.4
2022-06-04 03:32:11,56538,23507.9
2022-06-04 03:32:12,57019,23026.9
2022-06-04 03:32:13,57586.1,22459.8
2022-06-04 03:32:14,57060,22986
2022-06-04 03:32:15,57909.9,22136.1
2022-06-04 03:32:16,57825.9,22220.1
2022-06-04 03:32:17,57649.2,22396.7
2022-06-04 03:32:18,57322.2,22723.7
2022-06-04 03:32:19,56249.9,23796.1
2022-06-04 03:32:20,55789.1,24256.9
2022-06-04 03:32:21,55797.6,24248.3
2022-06-04 03:32:22,55068.7,24977.3
2022-06-04 03:32:23,56151,23895
2022-06-04 03:32:24,57101.9,22944
2022-06-04 03:32:25,56774.1,23271.8
2022-06-04 03:32:26,58133.3,21912.5
2022-06-04 03:32:27,57893.8,22152.1
2022-06-04 03:32:28,57630,22416
2022-06-04 03:32:29,57278.1,22767.8
2022-06-04 03:32:30,56946.8,23099.1
2022-06-04 03:32:31,56864.5,23181.5
2022-06-04 03:32:32,56930.6,23115.3
2022-06-04 03:32:33,56517.7,23528.2
2022-06-04 03:32:34,55962,24084
2022-06-04 03:32:35,56956.6,23089.4
2022-06-04 03:32:36,56553,23492.9
2022-06-04 03:32:37,56670.5,23375.4
2022-06-04 03:32:38,56470.8,23575.1
2022-06-04 03:32:39,56990.3,23055.5
2022-06-04 03:32:40,56966.9,23079.1
2022-06-04 03:32:41,57512.1,22533.8
2022-06-04 03:32:42,56715,23331
2022-06-04 03:32:43,56503,23543
2022-06-04 03:32:44,57343.9,22702
2022-06-04 03:32:45,56757.2,23288.9
2022-06-04 03:32:46,57258.7,22787.2
2022-06-04 03:32:47,58020.7,22025.2
2022-06-04 03:32:48,57914.6,22131.3
2022-06-04 03:32:49,57570.5,22475.5
2022-06-04 03:32:50,56797.8,23248.1
2022-06-04 03:32:51,55695.4,24350.5
2022-06-04 03:32:52,56299,23746.9
2022-06-04 03:32:53,56318.2,23727.7
2022-06-04 03:32:54,55811.1,24234.9
2022-06-04 03:32:55,56346.1,23699.7
2022-06-04 03:32:56,57168.2,22877.8
2022-06-04 03:32:57,57225.4,22820.6
2022-06-04 03:32:58,57241.6,22804.3
2022-06-04 03:32:59,59068.2,20977.7
2022-06-04 03:33:00,58104.6,21941.3
2022-06-04 03:33:01,57533.9,22512
2022-06-04 03:33:02,56826.4,23219.5
2022-06-04 03:33:03,56410.2,23635.6
2022-06-04 03:33:04,55995.7,24050.3
2022-06-04 03:33:05,55245.6,24800.4
2022-06-04 03:33:06,55783.2,24262.7
2022-06-04 03:33:07,56269.9,23776.1
2022-06-04 03:33:08,56712.3,23333.6
2022-06-04 03:33:09,57451.3,22594.7
2022-06-04 03:33:10,58612.2,21433.8
2022-06-04 03:33:11,58335.5,21710.4
2022-06-04 03:33:12,57657.8,22388
2022-06-04 03:33:13,57060.5,22985.4
2022-06-04 03:33:14,57163.5,22882.3
2022-06-04 03:33:15,57253.5,22792.4
2022-06-04 03:33:16,56137.6,23908.4
2022-06-04 03:33:17,55902,24144
2022-06-04 03:33:18,55314.7,24731.3
2022-06-04 03:33:19,55822.7,24223.2
2022-06-04 03:33:20,56841.3,23204.7
2022-06-04 03:33:21,57230.8,22815.1
2022-06-04 03:33:22,58184.3,21861.6
2022-06-04 03:33:23,58036.3,22009.6
2022-06-04 03:33:24,57957.8,22088.1
2022-06-04 03:33:25,57088.5,22957.5
2022-06-04 03:33:26,57294.9,22751
2022-06-04 03:33:27,56787.8,23258.1
2022-06-04 03:33:28,56519.9,23526.1
2022-06-04 03:33:29,56899,23146.9
2022-06-04 03:33:30,56237.2,23808.7
2022-06-04 03:33:31,56478.8,23567
2022-06-04 03:33:32,55688.1,24357.8
2022-06-04 03:33:33,56707.3,23338.6
2022-06-04 03:33:34,56940,23105.8
2022-06-04 03:33:35,57490,22556
2022-06-04 03:33:36,57693.4,22352.5
2022-06-04 03:33:37,57479.4,22566.7
2022-06-04 03:33:38,57125.1,22920.8
2022-06-04 03:33:39,56717.4,23328.4
2022-06-04 03:33:40,56222.5,23823.5
2022-06-04 03:33:41,57180,22866
2022-06-04 03:33:42,56972.9,23073
2022-06-04 03:33:43,57916.6,22129.3
2022-06-04 03:33:44,56932.4,23113.6
2022-06-04 03:33:45,55989,24057
2022-06-04 03:33:46,55634.2,24411.8
2022-06-04 03:33:47,56242.3,23803.7
2022-06-04 03:33:48,56535.5,23510.5
2022-06-04 03:33:49,57018.3,23027.6
2022-06-04 03:33:50,56871.5,23174.4
2022-06-04 03:33:51,56908.3,23137.7
2022-06-04 03:33:52,58042.6,22003.5
2022-06-04 03:33:53,58115.4,21930.6
2022-06-04 03:33:54,57768.3,22277.6
2022-06-04 03:33:55,56829.7,23216.3
2022-06-04 03:33:56,56021.3,24024.7
2022-06-04 03:33:57,56585.7,23460.1
2022-06-04 03:33:58,56284.1,23761.9
2022-06-04 03:33:59,57005.5,23040.5
2022-06-04 03:34:00,56160.6,23885.3
2022-06-04 03:34:01,55831,24214.8
2022-06-04 03:34:02,56244.8,23801.3
2022-06-04 03:34:03,56932.2,23113.7
2022-06-04 03:34:04,57695.7,22350.4
2022-06-04 03:34:05,57762.8,22283.3
2022-06-04 03:34:06,57425.1,22620.8
2022-06-04 03:34:07,57533,22512.9
2022-06-04 03:34:08,57109.7,22936.2
2022-06-04 03:34:09,56766.2,23279.7
2022-06-04 03:34:10,56548.2,23497.7
2022-06-04 03:34:11,56815.7,23230.1
2022-06-04 03:34:12,56125.7,23920.2
2022-06-04 03:34:13,55544.8,24501.1
2022-06-04 03:34:14,56890.8,23155.2
2022-06-04 03:34:15,56940.1,23105.9
2022-06-04 03:34:16,56767.8,23278.1
2022-06-04 03:34:17,57483.6,22562.2
2022-06-04 03:34:18,57200.3,22845.5
2022-06-04 03:34:19,57606.2,22439.8
2022-06-04 03:34:20,57013.9,23032.1
2022-06-04 03:34:21,56668.4,23377.6
2022-06-04 03:34:22,56738.1,23307.9
2022-06-04 03:34:23,56858.6,23187.3
2022-06-04 03:34:24,57055.4,22990.5
2022-06-04 03:34:25,56389.4,23656.5
2022-06-04 03:34:26,56923.7,23122.3
2022-06-04 03:34:27,56671,23375
2022-06-04 03:34:28,56268.1,23777.8
2022-06-04 03:34:29,56896.4,23149.4
2022-06-04 03:34:30,56444.9,23601
2022-06-04 03:34:31,56869.2,23176.7
2022-06-04 03:34:32,57024.1,23021.8
2022-06-04 03:34:33,57493.4,22552.5
2022-06-04 03:34:34,56977.6,23068.3
2022-06-04 03:34:35,57008.6,23037.4
2022-06-04 03:34:36,57757.3,22288.6
2022-06-04 03:34:37,57206.5,22839.5
2022-06-04 03:34:38,57961.4,22084.5
2022-06-04 03:34:39,57400.9,22645
2022-06-04 03:34:40,57214.3,22831.6
2022-06-04 03:34:41,56246.7,23799.3
2022-06-04 03:34:42,56195.8,23850.1
2022-06-04 03:34:43,55548.4,24497.5
2022-06-04 03:34:44,55910.5,24135.6
2022-06-04 03:34:45,55511.5,24534.4
2022-06-04 03:34:46,57049.7,22996.2
2022-06-04 03:34:47,57644,22401.9
2022-06-04 03:34:48,57757,22288.9
2022-06-04 03:34:49,59049.6,20996.3
2022-06-04 03:34:50,58653.1,21392.9
2022-06-04 03:34:51,58199.3,21846.7
2022-06-04 03:34:52,57581.9,22464.1
2022-06-04 03:34:53,57086.3,22959.7
2022-06-04 03:34:54,56863,23182.9
2022-06-04 03:34:55,56627.6,23418.2
2022-06-04 03:34:56,55446.4,24599.5
2022-06-04 03:34:57,55581.8,24464.1
2022-06-04 03:34:58,54635.3,25410.7
2022-06-04 03:34:59,55163.7,24882.2
2022-06-04 03:35:00,56655.3,23390.6
2022-06-04 03:35:01,58576.3,21469.6
2022-06-04 03:35:02,58226.7,21819.2
2022-06-04 03:35:03,58718.9,21327
2022-06-04 03:35:04,57804.4,22241.4
2022-06-04 03:35:05,57610.8,22435.1
2022-06-04 03:35:06,57897.6,22148.3
2022-06-04 03:35:07,56974,23072.1
2022-06-04 03:35:08,56325.6,23720.3
2022-06-04 03:35:09,54991.8,25054.1
2022-06-04 03:35:10,54676.5,25369.4
2022-06-04 03:35:11,55059.4,24986.6
2022-06-04 03:35:12,55831.3,24214.6
2022-06-04 03:35:13,56763.5,23282.4
2022-06-04 03:35:14,57398,22647.9
2022-06-04 03:35:15,58327.1,21718.8
2022-06-04 03:35:16,58556,21489.9
2022-06-04 03:35:17,58667.7,21378.3
2022-06-04 03:35:18,58269.5,21776.4
2022-06-04 03:35:19,57652.3,22393.6
2022-06-04 03:35:20,56996.9,23048.9
2022-06-04 03:35:21,56196.9,23848.9
2022-06-04 03:35:22,55824.8,24221.1
2022-06-04 03:35:23,55065.1,24980.8
2022-06-04 03:35:24,55529.6,24516.3
2022-06-04 03:35:25,56322.7,23723.1
2022-06-04 03:35:26,56515.8,23530.2
2022-06-04 03:35:27,56722.6,23323.3
2022-06-04 03:35:28,56102.7,23943.2
2022-06-04 03:35:29,57970.4,22075.7
2022-06-04 03:35:30,58633.9,21412
2022-06-04 03:35:31,58063.1,21982.8
2022-06-04 03:35:32,58333,21713
2022-06-04 03:35:33,57558.8,22487.1
2022-06-04 03:35:34,57283.9,22762
2022-06-04 03:35:35,57008.1,23037.9
2022-06-04 03:35:36,56411.7,23634.3
2022-06-04 03:35:37,56264.4,23781.5
2022-06-04 03:35:38,57168.2,22877.6
2022-06-04 03:35:39,56647,23399
2022-06-04 03:35:40,56191.8,23854.2
2022-06-04 03:35:41,56199.8,23846
2022-06-04 03:35:42,55959.4,24086.5
2022-06-04 03:35:43,56304.8,23741
2022-06-04 03:35:44,57103.9,22942
2022-06-04 03:35:45,58492.2,21553.7
2022-06-04 03:35:46,57995.9,22050
2022-06-04 03:35:47,58046.4,21999.5
2022-06-04 03:35:48,56893.2,23152.7
2022-06-04 03:35:49,57099.5,22946.5
2022-06-04 03:35:50,56832.1,23213.9
2022-06-04 03:35:51,56916.3,23129.5
2022-06-04 03:35:52,57317.6,22728.3
2022-06-04 03:35:53,56908.4,23137.6
2022-06-04 03:35:54,55974.3,24071.8
2022-06-04 03:35:55,55074.6,24971.4
2022-06-04 03:35:56,55312.6,24733.3
2022-06-04 03:35:57,55767.4,24278.6
2022-06-04 03:35:58,56721.6,23324.4
2022-06-04 03:35:59,58245.9,21800
2022-06-04 03:36:00,58003.2,22042.8
2022-06-04 03:36:01,58188.1,21857.9
2022-06-04 03:36:02,57817.7,22228.1
2022-06-04 03:36:03,57844.3,22201.7
2022-06-04 03:36:04,56925.8,23120.2
2022-06-04 03:36:05,56527.3,23518.7
2022-06-04 03:36:06,56438.1,23607.8
2022-06-04 03:36:07,56737.8,23308.2
2022-06-04 03:36:08,56589.2,23456.8
2022-06-04 03:36:09,55721.6,24324.3
2022-06-04 03:36:10,56071.6,23974.4
2022-06-04 03:36:11,56079.4,23966.6
2022-06-04 03:36:12,56868.5,23177.4
2022-06-04 03:36:13,56647.3,23398.6
2022-06-04 03:36:14,58539.5,21506.4
2022-06-04 03:36:15,58089.3,21956.6
2022-06-04 03:36:16,58183.7,21862.1
2022-06-04 03:36:17,57564.5,22481.5
2022-06-04 03:36:18,57598.4,22447.6
2022-06-04 03:36:19,56406.4,23639.6
2022-06-04 03:36:20,55942.1,24103.8
2022-06-04 03:36:21,56749,23296.9
2022-06-04 03:36:22,56408,23637.9
2022-06-04 03:36:23,56213.1,23832.7
2022-06-04 03:36:24,56339.8,23706.1
2022-06-04 03:36:25,56399.2,23646.7
2022-06-04 03:36:26,56654,23392
2022-06-04 03:36:27,56617.8,23428.1
2022-06-04 03:36:28,58554.7,21491.3
2022-06-04 03:36:29,59506.7,20539.3
2022-06-04 03:36:30,58323.5,21722.4
2022-06-04 03:36:31,57398.4,22647.5
2022-06-04 03:36:32,56772.1,23273.9
2022-06-04 03:36:33,56002.7,24043.1
2022-06-04 03:36:34,56716.6,23329.4
2022-06-04 03:36:35,56473.4,23572.5
2022-06-04 03:36:36,56063.6,23982.3
2022-06-04 03:36:37,55978.4,24067.5
2022-06-04 03:36:38,55904.5,24141.3
2022-06-04 03:36:39,56559,23486.9
2022-06-04 03:36:40,57902.4,22143.5
2022-06-04 03:36:41,57370.7,22675.2
2022-06-04 03:36:42,57377.1,22668.8
2022-06-04 03:36:43,58062.1,21983.8
2022-06-04 03:36:44,57828.5,22217.4
2022-06-04 03:36:45,57302.2,22743.8
2022-06-04 03:36:46,56668,23378
2022-06-04 03:36:47,56227.2,23818.7
2022-06-04 03:36:48,56263.1,23782.8
2022-06-04 03:36:49,56391,23654.9
2022-06-04 03:36:50,56704.3,23341.6
2022-06-04 03:36:51,57270.4,22775.5
2022-06-04 03:36:52,56279.3,23766.7
2022-06-04 03:36:53,56295.4,23750.6
2022-06-04 03:36:54,56968.1,23077.8
2022-06-04 03:36:55,56152.5,23893.4
2022-06-04 03:36:56,57536.2,22509.8
2022-06-04 03:36:57,57369.1,22676.8
2022-06-04 03:36:58,57903.3,22142.7
2022-06-04 03:36:59,56767,23278.9
2022-06-04 03:37:00,56723,23323
2022-06-04 03:37:01,56369.3,23676.7
2022-06-04 03:37:02,56654.8,23391
2022-06-04 03:37:03,57359.5,22686.5
2022-06-04 03:37:04,57479.4,22566.5
2022-06-04 03:37:05,57503.1,22542.7
2022-06-04 03:37:06,56442.1,23603.8
2022-06-04 03:37:07,56086.2,23959.7
2022-06-04 03:37:08,54960.6,25085.4
2022-06-04 03:37:09,56753.1,23292.8
2022-06-04 03:37:10,56774,23272
2022-06-04 03:37:11,57983.6,22062.3
2022-06-04 03:37:12,58166.2,21879.7
2022-06-04 03:37:13,57154,22891.9
2022-06-04 03:37:14,56980.2,23065.8
2022-06-04 03:37:15,56880.2,23165.7
2022-06-04 03:37:16,57147.3,22898.6
2022-06-04 03:37:17,57772.9,22273
2022-06-04 03:37:18,58100.6,21945.3
2022-06-04 03:37:19,57005,23040.8
2022-06-04 03:37:20,56279.8,23766.1
2022-06-04 03:37:21,56251.1,23794.8
2022-06-04 03:37:22,55509,24536.9
2022-06-04 03:37:23,56514.8,23531.1
2022-06-04 03:37:24,56779,23266.8
2022-06-04 03:37:25,57175.3,22870.7
2022-06-04 03:37:26,57774.4,22271.6
2022-06-04 03:37:27,57255.9,22790.1
2022-06-04 03:37:28,57409.4,22636.5
2022-06-04 03:37:29,57730,22315.9
2022-06-04 03:37:30,57397.2,22648.7
2022-06-04 03:37:31,57937,22109
2022-06-04 03:37:32,57881.9,22164
2022-06-04 03:37:33,57111,22934.9
2022-06-04 03:37:34,56821,23224.9
2022-06-04 03:37:35,56651.2,23394.8
2022-06-04 03:37:36,56226.5,23819.4
2022-06-04 03:37:37,55472.7,24573.3
2022-06-04 03:37:38,55934.3,24111.7
2022-06-04 03:37:39,55962,24084
2022-06-04 03:37:40,57235.1,22810.8
2022-06-04 03:37:41,57587.5,22458.5
2022-06-04 03:37:42,57626.3,22419.7
2022-06-04 03:37:43,57407.9,22637.9
2022-06-04 03:37:44,57988.1,22057.8
2022-06-04 03:37:45,58178.2,21867.8
2022-06-04 03:37:46,58255.5,21790.5
2022-06-04 03:37:47,57449.2,22596.8
2022-06-04 03:37:48,56336.9,23709
2022-06-04 03:37:49,56423.5,23622.5
2022-06-04 03:37:50,55869.4,24176.6
2022-06-04 03:37:51,55188.7,24857.3
2022-06-04 03:37:52,55341.6,24704.3
2022-06-04 03:37:53,55704.3,24341.6
2022-06-04 03:37:54,56145.1,23900.8
2022-06-04 03:37:55,58338.3,21707.7
2022-06-04 03:37:56,58695.3,21350.6
2022-06-04 03:37:57,58503.7,21542.3
2022-06-04 03:37:58,57760.7,22285.1
2022-06-04 03:37:59,57449.2,22596.7
2022-06-04 03:38:00,57310.9,22735.1
2022-06-04 03:38:01,56590.8,23455.1
2022-06-04 03:38:02,55867.4,24178.5
2022-06-04 03:38:03,55764.9,24281
2022-06-04 03:38:04,56300.8,23745.1
2022-06-04 03:38:05,55639.4,24406.5
2022-06-04 03:38:06,56046.2,23999.7
2022-06-04 03:38:07,56224.9,23821
2022-06-04 03:38:08,57260.2,22785.8
2022-06-04 03:38:09,57977.4,22068.4
2022-06-04 03:38:10,57904.3,22141.6
2022-06-04 03:38:11,56925.3,23120.5
2022-06-04 03:38:12,57447.3,22598.7
2022-06-04 03:38:13,56822.7,23223.2
2022-06-04 03:38:14,56667,23378.9
2022-06-04 03:38:15,57179.4,22866.6
2022-06-04 03:38:16,56811.1,23234.8
2022-06-04 03:38:17,56615.1,23430.8
2022-06-04 03:38:18,57348.5,22697.3
2022-06-04 03:38:19,57100.9,22944.9
2022-06-04 03:38:20,56315.8,23730
2022-06-04 03:38:21,56079.4,23966.6
2022-06-04 03:38:22,56628.6,23417.4
2022-06-04 03:38:23,56698,23347.8
2022-06-04 03:38:24,56869.8,23176.2
2022-06-04 03:38:25,56796.9,23249
2022-06-04 03:38:26,56881.8,23164.2
2022-06-04 03:38:27,56006.9,24038.9
2022-06-04 03:38:28,57670.8,22375.2
2022-06-04 03:38:29,58572.4,21473.5
2022-06-04 03:38:30,58120.3,21925.5
2022-06-04 03:38:31,57306.6,22739.3
2022-06-04 03:38:32,56641.1,23404.9
2022-06-04 03:38:33,56428.1,23617.8
2022-06-04 03:38:34,55846.2,24199.6
2022-06-04 03:38:35,55657.9,24388
2022-06-04 03:38:36,55883.4,24162.5
2022-06-04 03:38:37,55358.7,24687.3
2022-06-04 03:38:38,55535.2,24510.8
2022-06-04 03:38:39,56681.2,23364.7
2022-06-04 03:38:40,56788.3,23257.6
2022-06-04 03:38:41,57929.1,22116.8
2022-06-04 03:38:42,58947.7,21098.1
2022-06-04 03:38:43,58560.8,21485.2
2022-06-04 03:38:44,57768.1,22277.8
2022-06-04 03:38:45,56620.9,23425
2022-06-04 03:38:46,55816.8,24229.3
2022-06-04 03:38:47,55738,24308
2022-06-04 03:38:48,55325.7,24720.1
2022-06-04 03:38:49,55058.5,24987.4
2022-06-04 03:38:50,55194.7,24851.1
2022-06-04 03:38:51,55529.2,24516.7
2022-06-04 03:38:52,56339.9,23706.1
2022-06-04 03:38:53,58274,21771.8
2022-06-04 03:38:54,58739.9,21306
2022-06-04 03:38:55,59808.6,20237.4
2022-06-04 03:38:56,58912.5,21133.4
2022-06-04 03:38:57,58059.7,21986.2
2022-06-04 03:38:58,57252,22793.9
2022-06-04 03:38:59,56576.6,23469.2
2022-06-04 03:39:00,56160.2,23885.8
2022-06-04 03:39:01,55080.5,24965.5
2022-06-04 03:39:02,54928.1,25117.9
2022-06-04 03:39:03,55325.7,24720.2
2022-06-04 03:39:04,55885.5,24160.4
2022-06-04 03:39:05,56871.5,23174.5
2022-06-04 03:39:06,57360.7,22685.3
2022-06-04 03:39:07,57869.5,22176.4
2022-06-04 03:39:08,58219.5,21826.5
2022-06-04 03:39:09,58937,21108.9
2022-06-04 03:39:10,58448.8,21597.1
2022-06-04 03:39:11,57680.7,22365.2
2022-06-04 03:39:12,57402.3,22643.7
2022-06-04 03:39:13,56444.1,23601.9
2022-06-04 03:39:14,56749.7,23296.3
2022-06-04 03:39:15,56157.8,23888.1
2022-06-04 03:39:16,55367.4,24678.5
2022-06-04 03:39:17,55880.3,24165.5
2022-06-04 03:39:18,56726.5,23319.4
2022-06-04 03:39:19,56521.1,23524.9
2022-06-04 03:39:20,56368.2,23677.7
2022-06-04 03:39:21,56342.9,23702.9
2022-06-04 03:39:22,57015.4,23030.5
2022-06-04 03:39:23,59217.9,20828.1
2022-06-04 03:39:24,58752.2,21293.8
2022-06-04 03:39:25,58416.4,21629.5
2022-06-04 03:39:26,57577.7,22468.1
2022-06-04 03:39:27,56519.5,23526.3
2022-06-04 03:39:28,55781.1,24264.9
2022-06-04 03:39:29,55463.9,24582
2022-06-04 03:39:30,56492.9,23553
2022-06-04 03:39:31,56300.8,23745.3
2022-06-04 03:39:32,56050.2,23995.6
2022-06-04 03:39:33,55812.1,24233.8
2022-06-04 03:39:34,56857.6,23188.3
2022-06-04 03:39:35,56719.8,23326.2
2022-06-04 03:39:36,57557.3,22488.7
2022-06-04 03:39:37,57832.1,22213.8
2022-06-04 03:39:38,57960.4,22085.5
2022-06-04 03:39:39,57419,22627
2022-06-04 03:39:40,56587.7,23458.1
2022-06-04 03:39:41,57069,22977.1
2022-06-04 03:39:42,56877.3,23168.8
2022-06-04 03:39:43,56541.1,23505
2022-06-04 03:39:44,56421.3,23624.7
2022-06-04 03:39:45,56495.7,23550.2
2022-06-04 03:39:46,56512.9,23533
2022-06-04 03:39:47,56097.9,23948
2022-06-04 03:39:48,56664.5,23381.4
2022-06-04 03:39:49,56215.6,23830.3
2022-06-04 03:39:50,56442.4,23603.5
2022-06-04 03:39:51,56625.9,23420
2022-06-04 03:39:52,56186.1,23859.8
2022-06-04 03:39:53,55904.4,24141.4
2022-06-04 03:39:54,57496.5,22549.4
2022-06-04 03:39:55,58578,21467.9
2022-06-04 03:39:56,58158.9,21887
2022-06-04 03:39:57,57683.1,22362.9
2022-06-04 03:39:58,56810.6,23235.3
2022-06-04 03:39:59,56674.1,23371.8
2022-06-04 03:40:00,56172.2,23873.7
2022-06-04 03:40:01,56754.8,23291.1
2022-06-04 03:40:02,56159.3,23886.5
2022-06-04 03:40:03,55346,24699.9
2022-06-04 03:40:04,55881.9,24164
2022-06-04 03:40:05,55423.2,24622.8
2022-06-04 03:40:06,56392.3,23653.5
2022-06-04 03:40:07,59034.6,21011.3
2022-06-04 03:40:08,58174.4,21871.6
2022-06-04 03:40:09,58360.3,21685.6
2022-06-04 03:40:10,57653.3,22392.6
2022-06-04 03:40:11,57151.1,22894.8
2022-06-04 03:40:12,56340,23705.9
2022-06-04 03:40:13,56745.2,23300.7
2022-06-04 03:40:14,55976.7,24069.2
2022-06-04 03:40:15,55615.6,24430.4
2022-06-04 03:40:16,55745.8,24300.1
2022-06-04 03:40:17,55065.2,24980.7
2022-06-04 03:40:18,57121.3,22924.6
2022-06-04 03:40:19,57720.6,22325.2
2022-06-04 03:40:20,57968.1,22077.9
2022-06-04 03:40:21,58257,21788.9
2022-06-04 03:40:22,57480.8,22565.1
2022-06-04 03:40:23,57306.1,22739.8
2022-06-04 03:40:24,56912.4,23133.4
2022-06-04 03:40:25,56408.5,23637.4
2022-06-04 03:40:26,55944.8,24101.1
2022-06-04 03:40:27,56004.2,24041.7
2022-06-04 03:40:28,55262.8,24783.2
2022-06-04 03:40:29,56828.1,23217.8
2022-06-04 03:40:30,57560,22485.9
2022-06-04 03:40:31,57382.6,22663.3
2022-06-04 03:40:32,58337.7,21708.3
2022-06-04 03:40:33,57355,22690.9
2022-06-04 03:40:34,57347,22699
2022-06-04 03:40:35,56999.1,23046.8
2022-06-04 03:40:36,56557.8,23488.1
2022-06-04 03:40:37,55687.1,24358.9
2022-06-04 03:40:38,56297.1,23748.7
2022-06-04 03:40:39,56451.3,23594.6
2022-06-04 03:40:40,56872,23174.1
2022-06-04 03:40:41,56655,23391.1
2022-06-04 03:40:42,56464.8,23581.1
2022-06-04 03:40:43,56824,23221.9
2022-06-04 03:40:44,58093.4,21952.4
2022-06-04 03:40:45,57927.5,22118.5
2022-06-04 03:40:46,57748.3,22297.6
2022-06-04 03:40:47,56673.9,23371.9
2022-06-04 03:40:48,56012.2,24033.8
2022-06-04 03:40:49,55724.8,24321.1
2022-06-04 03:40:50,56705.1,23340.7
2022-06-04 03:40:51,57553,22493
2022-06-04 03:40:52,56822.9,23223.1
2022-06-04 03:40:53,55920.9,24125
2022-06-04 03:40:54,57091.4,22954.5
2022-06-04 03:40:55,56787.8,23258.2
2022-06-04 03:40:56,56468.2,23577.8
2022-06-04 03:40:57,56758.4,23287.5
2022-06-04 03:40:58,57688.2,22357.7
2022-06-04 03:40:59,57291.3,22754.7
2022-06-04 03:41:00,57260.3,22785.7
2022-06-04 03:41:01,57441.5,22604.3
2022-06-04 03:41:02,57417.9,22628
2022-06-04 03:41:03,57396.9,22648.9
2022-06-04 03:41:04,56755.7,23290.3
2022-06-04 03:41:05,56311.6,23734.3
2022-06-04 03:41:06,56409.7,23636.3
2022-06-04 03:41:07,56133.3,23912.7
2022-06-04 03:41:08,55989.9,24056
2022-06-04 03:41:09,56428.8,23617.1
2022-06-04 03:41:10,55987.3,24058.7
2022-06-04 03:41:11,56816.3,23229.7
2022-06-04 03:41:12,57467.7,22578.2
2022-06-04 03:41:13,59051.2,20994.8
2022-06-04 03:41:14,58246.6,21799.3
2022-06-04 03:41:15,57725.2,22320.7
2022-06-04 03:41:16,57489.8,22556.1
2022-06-04 03:41:17,56342.2,23703.7
2022-06-04 03:41:18,56112.1,23933.8
2022-06-04 03:41:19,55862,24184
2022-06-04 03:41:20,55895.3,24150.7
2022-06-04 03:41:21,56661.5,23384.4
2022-06-04 03:41:22,56752.7,23293.3
2022-06-04 03:41:23,56528.3,23517.6
2022-06-04 03:41:24,57355.8,22690.1
2022-06-04 03:41:25,57224,22822.1
2022-06-04 03:41:26,57616.5,22429.4
2022-06-04 03:41:27,57743.8,22302.1
2022-06-04 03:41:28,57418.7,22627.2
2022-06-04 03:41:29,56523.3,23522.5
2022-06-04 03:41:30,57146.5,22899.5
2022-06-04 03:41:31,56732.1,23313.8
2022-06-04 03:41:32,56442.3,23603.5
2022-06-04 03:41:33,56936.6,23109.2
2022-06-04 03:41:34,56732,23313.9
2022-06-04 03:41:35,57081.5,22964.4
2022-06-04 03:41:36,57165.6,22880.4
2022-06-04 03:41:37,56544.7,23501.2
2022-06-04 03:41:38,56605.9,23439.9
2022-06-04 03:41:39,56831.2,23214.8
2022-06-04 03:41:40,56800.8,23245.2
2022-06-04 03:41:41,57295.9,22750
2022-06-04 03:41:42,57426.3,22619.7
2022-06-04 03:41:43,57887.2,22158.8
2022-06-04 03:41:44,57986.5,22059.4
2022-06-04 03:41:45,58207.7,21838.2
2022-06-04 03:41:46,57403.7,22642.3
2022-06-04 03:41:47,57015.8,23030.2
2022-06-04 03:41:48,56313.9,23732.1
2022-06-04 03:41:49,56574.3,23471.6
2022-06-04 03:41:50,56066.9,23979
2022-06-04 03:41:51,55171.4,24874.6
2022-06-04 03:41:52,54916.1,25129.8
2022-06-04 03:41:53,55604.7,24441.2
2022-06-04 03:41:54,56203.2,23842.7
2022-06-04 03:41:55,58202.2,21843.8
2022-06-04 03:41:56,59376.7,20669.1
2022-06-04 03:41:57,58977.7,21068.3
2022-06-04 03:41:58,58065.9,21980.1
2022-06-04 03:41:59,57921.2,22124.7
2022-06-04 03:42:00,56889.2,23156.7
2022-06-04 03:42:01,56119.9,23926.1
2022-06-04 03:42:02,56293.8,23752.1
2022-06-04 03:42:03,55754.8,24291
2022-06-04 03:42:04,55142.3,24903.5
2022-06-04 03:42:05,55479.2,24566.8
2022-06-04 03:42:06,55661.5,24384.5
2022-06-04 03:42:07,56327.3,23718.6
2022-06-04 03:42:08,57926.4,22119.5
2022-06-04 03:42:09,58498.4,21547.6
2022-06-04 03:42:10,59108.3,20937.6
2022-06-04 03:42:11,57959.2,22086.7
2022-06-04 03:42:12,57318.3,22727.6
2022-06-04 03:42:13,56248.8,23797
2022-06-04 03:42:14,55776,24270
2022-06-04 03:42:15,55412.6,24633.3
2022-06-04 03:42:16,56330.4,23715.4
2022-06-04 03:42:17,56374.5,23671.4
2022-06-04 03:42:18,56192.4,23853.5
2022-06-04 03:42:19,57252.2,22793.7
2022-06-04 03:42:20,56637.7,23408.1
2022-06-04 03:42:21,56472.6,23573.2
2022-06-04 03:42:22,56672.1,23373.8
2022-06-04 03:42:23,57041.5,23004.5
2022-06-04 03:42:24,57730.1,22315.7
2022-06-04 03:42:25,57308,22737.9
2022-06-04 03:42:26,56742.9,23303
2022-06-04 03:42:27,56584.5,23461.5
2022-06-04 03:42:28,56891.4,23154.5
2022-06-04 03:42:29,56825.5,23220.4
2022-06-04 03:42:30,56803,23242.9
2022-06-04 03:42:31,56602.4,23443.6
2022-06-04 03:42:32,57447,22598.9
2022-06-04 03:42:33,57174.3,22871.6
2022-06-04 03:42:34,56342.3,23703.6
2022-06-04 03:42:35,56401.4,23644.5
2022-06-04 03:42:36,56234.6,23811.3
2022-06-04 03:42:37,56139,23906.9
2022-06-04 03:42:38,57283.6,22762.3
2022-06-04 03:42:39,58336.5,21709.5
2022-06-04 03:42:40,57953.1,22092.7
2022-06-04 03:42:41,57075.7,22970.2
2022-06-04 03:42:42,56661.1,23384.7
2022-06-04 03:42:43,57048.1,22997.7
2022-06-04 03:42:44,57734.8,22311.1
2022-06-04 03:42:45,57778.7,22267.2
2022-06-04 03:42:46,56478.4,23567.5
2022-06-04 03:42:47,55637.5,24408.4
2022-06-04 03:42:48,55147.3,24898.6
2022-06-04 03:42:49,55397.6,24648.4
2022-06-04 03:42:50,57762.5,22283.4
2022-06-04 03:42:51,57391.7,22654.2
2022-06-04 03:42:52,56870.7,23175.2
2022-06-04 03:42:53,56893.7,23152.2
2022-06-04 03:42:54,57218.7,22827.1
2022-06-04 03:42:55,56636.2,23409.8
2022-06-04 03:42:56,57486.8,22559.2
2022-06-04 03:42:57,57700.2,22345.7
2022-06-04 03:42:58,57622.8,22423.1
2022-06-04 03:42:59,56940.6,23105.4
2022-06-04 03:43:00,56354.6,23691.4
2022-06-04 03:43:01,57063.9,22982.1
2022-06-04 03:43:02,56545.6,23500.3
2022-06-04 03:43:03,56488.1,23557.8
2022-06-04 03:43:04,56700.3,23345.6
2022-06-04 03:43:05,57028.2,23017.8
2022-06-04 03:43:06,56715.4,23330.7
2022-06-04 03:43:07,55767.4,24278.5
2022-06-04 03:43:08,56904.9,23141
2022-06-04 03:43:09,56937.2,23108.8
2022-06-04 03:43:10,57038.7,23007.3
2022-06-04 03:43:11,57385,22660.9
2022-06-04 03:43:12,57677.6,22368.3
2022-06-04 03:43:13,58382,21663.9
2022-06-04 03:43:14,57406.2,22639.6
2022-06-04 03:43:15,56683.1,23362.8
2022-06-04 03:43:16,55801.6,24244.3
2022-06-04 03:43:17,56475.5,23570.3
2022-06-04 03:43:18,56056.6,23989.3
2022-06-04 03:43:19,55979.1,24066.7
2022-06-04 03:43:20,56929.1,23116.8
2022-06-04 03:43:21,55907.2,24138.8
2022-06-04 03:43:22,55336.3,24709.6
2022-06-04 03:43:23,57050,22996
2022-06-04 03:43:24,58556,21489.9
2022-06-04 03:43:25,59347.3,20698.7
2022-06-04 03:43:26,58966.1,21079.8
2022-06-04 03:43:27,57843.5,22202.3
2022-06-04 03:43:28,57208.5,22837.4
2022-06-04 03:43:29,56260.1,23785.9
2022-06-04 03:43:30,55511.4,24534.5
2022-06-04 03:43:31,55138.9,24907
2022-06-04 03:43:32,55817.4,24228.5
2022-06-04 03:43:33,55500.6,24545.3
2022-06-04 03:43:34,56407.3,23638.7
2022-06-04 03:43:35,57084.9,22961.1
2022-06-04 03:43:36,57557.7,22488.3
2022-06-04 03:43:37,58058.8,21987.2
2022-06-04 03:43:38,58506.2,21539.7
2022-06-04 03:43:39,58660.1,21385.8
2022-06-04 03:43:40,58015,22031
2022-06-04 03:43:41,57333.2,22712.7
2022-06-04 03:43:42,56002.3,24043.6
2022-06-04 03:43:43,55855.8,24190.1
2022-06-04 03:43:44,55331,24714.8
2022-06-04 03:43:45,55451.2,24594.7
2022-06-04 03:43:46,56381.3,23664.7
2022-06-04 03:43:47,57099.6,22946.3
2022-06-04 03:43:48,57342.4,22703.5
2022-06-04 03:43:49,57029.7,23016.2
2022-06-04 03:43:50,56991.4,23054.7
2022-06-04 03:43:51,56649.7,23396.3
2022-06-04 03:43:52,58219.3,21826.6
2022-06-04 03:43:53,57900,22145.9
2022-06-04 03:43:54,57741.8,22304.1
2022-06-04 03:43:55,56752.2,23293.8
2022-06-04 03:43:56,56573.7,23472.3
2022-06-04 03:43:57,56847.2,23198.7
2022-06-04 03:43:58,56466.1,23579.8
2022-06-04 03:43:59,56091.4,23954.6
2022-06-04 03:44:00,56432.1,23613.8
2022-06-04 03:44:01,56867.9,23178.1
2022-06-04 03:44:02,55737.5,24308.5
2022-06-04 03:44:03,56174.7,23871.4
2022-06-04 03:44:04,56527.3,23518.6
2022-06-04 03:44:05,56479,23566.9
2022-06-04 03:44:06,57199.1,22846.8
2022-06-04 03:44:07,58157.5,21888.4
2022-06-04 03:44:08,58900.4,21145.6
2022-06-04 03:44:09,58247.5,21798.5
2022-06-04 03:44:10,57630.6,22415.3
2022-06-04 03:44:11,56713.1,23332.9
2022-06-04 03:44:12,56453.3,23592.7
2022-06-04 03:44:13,56375.6,23670.5
2022-06-04 03:44:14,56814.9,23231.1
2022-06-04 03:44:15,56514,23531.9
2022-06-04 03:44:16,55415.5,24630.5
2022-06-04 03:44:17,55347.7,24698.2
2022-06-04 03:44:18,55770.7,24275.2
2022-06-04 03:44:19,57140.9,22905
2022-06-04 03:44:20,57774.6,22271.3
2022-06-04 03:44:21,58726.5,21319.5
2022-06-04 03:44:22,58781.1,21264.8
2022-06-04 03:44:23,57742.6,22303.4
2022-06-04 03:44:24,57788.2,22257.6
2022-06-04 03:44:25,57364.1,22681.9
2022-06-04 03:44:26,56186.1,23860
2022-06-04 03:44:27,55584.5,24461.4
2022-06-04 03:44:28,55934.9,24111.1
2022-06-04 03:44:29,56400.5,23645.4
2022-06-04 03:44:30,56240.2,23805.7
2022-06-04 03:44:31,55945.5,24100.4
2022-06-04 03:44:32,56943.2,23102.7
2022-06-04 03:44:33,56815.2,23230.6
2022-06-04 03:44:34,57977,22069
2022-06-04 03:44:35,57799.5,22246.4
2022-06-04 03:44:36,59084,20961.9
2022-06-04 03:44:37,57928.9,22117
2022-06-04 03:44:38,57169.4,22876.6
2022-06-04 03:44:39,56615.2,23430.7
2022-06-04 03:44:40,57002,23043.9
2022-06-04 03:44:41,56545.6,23500.3
2022-06-04 03:44:42,56589.9,23455.9
2022-06-04 03:44:43,56011.4,24034.6
2022-06-04 03:44:44,56168.6,23877.3
2022-06-04 03:44:45,56354.3,23691.7
2022-06-04 03:44:46,56492.9,23553
2022-06-04 03:44:47,57134.7,22911.3
2022-06-04 03:44:48,57798.9,22247
2022-06-04 03:44:49,58122.6,21923.3
2022-06-04 03:44:50,57680.2,22365.8
2022-06-04 03:44:51,57993.5,22052.3
2022-06-04 03:44:52,58186.5,21859.4
2022-06-04 03:44:53,57399.2,22646.7
2022-06-04 03:44:54,56904.7,23141.4
2022-06-04 03:44:55,56169.5,23876.5
2022-06-04 03:44:56,55372.7,24673.3
2022-06-04 03:44:57,56481.8,23564.2
2022-06-04 03:44:58,56276.9,23769
2022-06-04 03:44:59,56713.6,23332.5
2022-06-04 03:45:00,57019.3,23026.6
2022-06-04 03:45:01,57082.1,22963.9
2022-06-04 03:45:02,56831.1,23214.8
2022-06-04 03:45:03,57626,22419.9
2022-06-04 03:45:04,57473.9,22572.1
2022-06-04 03:45:05,57547.4,22498.6
2022-06-04 03:45:06,57568.8,22477.2
2022-06-04 03:45:07,57037.2,23008.8
2022-06-04 03:45:08,56149.8,23896.1
2022-06-04 03:45:09,56267.5,23778.4
2022-06-04 03:45:10,56074,23972
2022-06-04 03:45:11,56048,23998.1
2022-06-04 03:45:12,56586.8,23459.1
2022-06-04 03:45:13,57605.8,22440.2
2022-06-04 03:45:14,57873.5,22172.5
2022-06-04 03:45:15,57909.4,22136.7
2022-06-04 03:45:16,57021.5,23024.4
2022-06-04 03:45:17,56728.5,23317.5
2022-06-04 03:45:18,56838.3,23207.6
2022-06-04 03:45:19,56672,23373.9
2022-06-04 03:45:20,57631.6,22414.4
2022-06-04 03:45:21,57486,22559.9
2022-06-04 03:45:22,56549.9,23496
2022-06-04 03:45:23,56535.5,23510.4
2022-06-04 03:45:24,56753.5,23292.5
2022-06-04 03:45:25,56564.9,23481
2022-06-04 03:45:26,56852.9,23193
2022-06-04 03:45:27,56774.5,23271.4
2022-06-04 03:45:28,56592.2,23453.8
2022-06-04 03:45:29,56069.2,23976.8
2022-06-04 03:45:30,56949.9,23096
2022-06-04 03:45:31,56322.4,23723.7
2022-06-04 03:45:32,57456.3,22589.6
2022-06-04 03:45:33,57101.1,22944.9
2022-06-04 03:45:34,57545.7,22500.2
2022-06-04 03:45:35,58080.4,21965.5
2022-06-04 03:45:36,57483.1,22562.8
2022-06-04 03:45:37,57143.7,22902.2
2022-06-04 03:45:38,56863.8,23182.2
2022-06-04 03:45:39,56328.8,23717.2
2022-06-04 03:45:40,55330.8,24715.2
2022-06-04 03:45:41,55673.9,24372
2022-06-04 03:45:42,56158.8,23887.1
2022-06-04 03:45:43,56891.2,23154.8
2022-06-04 03:45:44,57223.8,22822.1
2022-06-04 03:45:45,57454.1,22591.9
2022-06-04 03:45:46,57666.4,22379.6
2022-06-04 03:45:47,58185.9,21860
2022-06-04 03:45:48,57549.8,22496.2
2022-06-04 03:45:49,57403.3,22642.5
2022-06-04 03:45:50,57479.9,22566
2022-06-04 03:45:51,56731.7,23314.1
2022-06-04 03:45:52,55816.9,24229.1
2022-06-04 03:45:53,55486,24559.8
2022-06-04 03:45:54,55517.8,24528.2
2022-06-04 03:45:55,56174,23872
2022-06-04 03:45:56,57231.8,22814
2022-06-04 03:45:57,57101.5,22944.6
2022-06-04 03:45:58,58010.6,22035.2
2022-06-04 03:45:59,57382.6,22663.4
2022-06-04 03:46:00,57892.6,22153.4
2022-06-04 03:46:01,57704.7,22341.3
2022-06-04 03:46:02,57371.9,22674
2022-06-04 03:46:03,56776.7,23269.2
2022-06-04 03:46:04,56755.8,23290.1
2022-06-04 03:46:05,55858.7,24187.2
2022-06-04 03:46:06,57155.3,22890.6
2022-06-04 03:46:07,57362.7,22683.2
2022-06-04 03:46:08,57425.1,22620.9
2022-06-04 03:46:09,57148.3,22897.7
2022-06-04 03:46:10,57180,22865.9
2022-06-04 03:46:11,56425,23620.9
2022-06-04 03:46:12,56799.3,23246.6
2022-06-04 03:46:13,56668.4,23377.6
2022-06-04 03:46:14,56876.3,23169.7
2022-06-04 03:46:15,57107,22939
2022-06-04 03:46:16,56647.5,23398.3
2022-06-04 03:46:17,56511.2,23534.8
2022-06-04 03:46:18,58108.3,21937.7
2022-06-04 03:46:19,57675.4,22370.5
2022-06-04 03:46:20,57720.5,22325.4
2022-06-04 03:46:21,57059.8,22986.2
2022-06-04 03:46:22,57505.4,22540.5
2022-06-04 03:46:23,56868.7,23177.3
2022-06-04 03:46:24,56430.9,23614.9
2022-06-04 03:46:25,55928.5,24117.4
2022-06-04 03:46:26,55629.9,24416
2022-06-04 03:46:27,56200.1,23845.8
2022-06-04 03:46:28,56848.3,23197.7
2022-06-04 03:46:29,57620.2,22425.7
2022-06-04 03:46:30,57429.3,22616.6
2022-06-04 03:46:31,57545,22500.8
2022-06-04 03:46:32,56782.9,23263
2022-06-04 03:46:33,57309.7,22736.3
2022-06-04 03:46:34,57132.5,22913.5
2022-06-04 03:46:35,56732.4,23313.6
2022-06-04 03:46:36,56733.9,23312.2
2022-06-04 03:46:37,56684.6,23361.3
2022-06-04 03:46:38,56216.2,23829.7
2022-06-04 03:46:39,57202.1,22843.8
2022-06-04 03:46:40,57367,22678.8
2022-06-04 03:46:41,57534.6,22511.3
2022-06-04 03:46:42,57586.3,22459.7
2022-06-04 03:46:43,57423.3,22622.7
2022-06-04 03:46:44,56889.2,23156.7
2022-06-04 03:46:45,56666.7,23379.3
2022-06-04 03:46:46,56288.6,23757.3
2022-06-04 03:46:47,57007.5,23038.4
2022-06-04 03:46:48,56452.7,23593.2
2022-06-04 03:46:49,56077.3,23968.7
2022-06-04 03:46:50,57637.9,22408
2022-06-04 03:46:51,57665.9,22380
2022-06-04 03:46:52,57017.8,23028.3
2022-06-04 03:46:53,56323.7,23722.2
2022-06-04 03:46:54,56761.1,23284.8
2022-06-04 03:46:55,56781.2,23264.8
2022-06-04 03:46:56,56618.9,23427
2022-06-04 03:46:57,56099.5,23946.5
2022-06-04 03:46:58,56746,23299.8
2022-06-04 03:46:59,55858.1,24187.8
2022-06-04 03:47:00,56303.4,23742.5
2022-06-04 03:47:01,58360.3,21685.6
2022-06-04 03:47:02,57745.7,22300.2
2022-06-04 03:47:03,57229.7,22816.3
2022-06-04 03:47:04,56867.7,23178.3
2022-06-04 03:47:05,56973.4,23072.4
2022-06-04 03:47:06,56693.6,23352.3
2022-06-04 03:47:07,56607,23438.9
2022-06-04 03:47:08,56390,23656
2022-06-04 03:47:09,55805.4,24240.6
2022-06-04 03:47:10,56604.3,23441.7
2022-06-04 03:47:11,56781.3,23264.6
2022-06-04 03:47:12,57022.7,23023.3
2022-06-04 03:47:13,57809.7,22236.3
2022-06-04 03:47:14,57235.1,22810.8
2022-06-04 03:47:15,57625.6,22420.3
2022-06-04 03:47:16,56950.3,23095.8
2022-06-04 03:47:17,56964.5,23081.5
2022-06-04 03:47:18,56391.4,23654.5
2022-06-04 03:47:19,56808.6,23237.4
2022-06-04 03:47:20,57147.8,22898.2
2022-06-04 03:47:21,56626.7,23419.2
2022-06-04 03:47:22,56454.9,23591
2022-06-04 03:47:23,56233.5,23812.4
2022-06-04 03:47:24,57321.2,22724.7
2022-06-04 03:47:25,56956.1,23089.9
2022-06-04 03:47:26,57174.3,22871.7
2022-06-04 03:47:27,56660.8,23385.1
2022-06-04 03:47:28,57043.5,23002.5
2022-06-04 03:47:29,56862.9,23183.1
2022-06-04 03:47:30,57017.7,23028
2022-06-04 03:47:31,56118.5,23927.4
2022-06-04 03:47:32,56899.4,23146.6
2022-06-04 03:47:33,57075.9,22969.9
2022-06-04 03:47:34,57907.3,22138.7
2022-06-04 03:47:35,58028,22018
2022-06-04 03:47:36,57814.3,22231.6
2022-06-04 03:47:37,57371,22675
2022-06-04 03:47:38,56420.7,23625.1
2022-06-04 03:47:39,56698,23347.8
2022-06-04 03:47:40,56151.7,23894.3
2022-06-04 03:47:41,56272.5,23773.4
2022-06-04 03:47:42,56301.8,23744.2
2022-06-04 03:47:43,56599,23446.8
2022-06-04 03:47:44,56452.3,23593.6
2022-06-04 03:47:45,57237.8,22808.2
2022-06-04 03:47:46,57630.1,22415.8
2022-06-04 03:47:47,56887.1,23158.9
2022-06-04 03:47:48,56718.8,23327.2
2022-06-04 03:47:49,57474,22571.8
2022-06-04 03:47:50,57718.7,22327.2
2022-06-04 03:47:51,56793.1,23253
2022-06-04 03:47:52,56328.1,23717.9
2022-06-04 03:47:53,56307.4,23738.5
2022-06-04 03:47:54,56239.5,23806.6
2022-06-04 03:47:55,56678.6,23367.3
2022-06-04 03:47:56,56354.4,23691.6
2022-06-04 03:47:57,57431.7,22614.2
2022-06-04 03:47:58,57519.1,22526.8
2022-06-04 03:47:59,57405.1,22640.9
2022-06-04 03:48:00,56730.6,23315.5
2022-06-04 03:48:01,56744,23302
2022-06-04 03:48:02,56469.2,23576.8
2022-06-04 03:48:03,57442.1,22603.8
2022-06-04 03:48:04,56832.8,23213
2022-06-04 03:48:05,56270.3,23775.6
2022-06-04 03:48:06,56598.2,23447.8
2022-06-04 03:48:07,56539.5,23506.4
2022-06-04 03:48:08,56786.4,23259.6
2022-06-04 03:48:09,57267.2,22778.7
2022-06-04 03:48:10,56744.8,23301.1
2022-06-04 03:48:11,56398,23647.9
2022-06-04 03:48:12,56776.5,23269.5
2022-06-04 03:48:13,55845.4,24200.4
2022-06-04 03:48:14,57859.5,22186.6
2022-06-04 03:48:15,57070.3,22975.6
2022-06-04 03:48:16,57151.2,22894.7
2022-06-04 03:48:17,56964.3,23081.6
2022-06-04 03:48:18,57225.7,22820.3
2022-06-04 03:48:19,57506.2,22539.7
2022-06-04 03:48:20,56786.5,23259.4
2022-06-04 03:48:21,56115.1,23930.9
2022-06-04 03:48:22,56022.2,24023.7
2022-06-04 03:48:23,56300.2,23745.7
2022-06-04 03:48:24,55747.9,24298.1
2022-06-04 03:48:25,56027.8,24018.2
2022-06-04 03:48:26,57368.5,22677.4
2022-06-04 03:48:27,57530.3,22515.6
2022-06-04 03:48:28,58315.2,21730.8
2022-06-04 03:48:29,57541.6,22504.3
2022-06-04 03:48:30,57646.9,22399.1
2022-06-04 03:48:31,57396.9,22649.1
2022-06-04 03:48:32,56709.8,23336.1
2022-06-04 03:48:33,56589.6,23456.2
2022-06-04 03:48:34,56576.1,23469.9
2022-06-04 03:48:35,56146.1,23899.8
2022-06-04 03:48:36,56447.8,23598.1
2022-06-04 03:48:37,57252.6,22793.3
2022-06-04 03:48:38,56813.3,23232.5
2022-06-04 03:48:39,57093,22952.8
2022-06-04 03:48:40,56656,23389.8
2022-06-04 03:48:41,56903.7,23142.1
2022-06-04 03:48:42,57116.1,22929.9
2022-06-04 03:48:43,56608,23437.9
2022-06-04 03:48:44,56894.5,23151.4
2022-06-04 03:48:45,56698.6,23347.4
2022-06-04 03:48:46,57223.8,22822.2
2022-06-04 03:48:47,56656.2,23389.7
2022-06-04 03:48:48,57542.5,22503.3
2022-06-04 03:48:49,56959,23087
2022-06-04 03:48:50,57761.5,22284.5
2022-06-04 03:48:51,57158.5,22887.4
2022-06-04 03:48:52,56669.4,23376.5
2022-06-04 03:48:53,56546.6,23499.4
2022-06-04 03:48:54,55862.8,24183
2022-06-04 03:48:55,55438.1,24607.9
2022-06-04 03:48:56,55430,24615.8
2022-06-04 03:48:57,56371.7,23674.2
2022-06-04 03:48:58,57637.3,22408.7
2022-06-04 03:48:59,58963.9,21082
2022-06-04 03:49:00,58684.7,21361.2
2022-06-04 03:49:01,57836.7,22209.2
2022-06-04 03:49:02,57346.7,22699.3
2022-06-04 03:49:03,57054.5,22991.4
2022-06-04 03:49:04,56846.2,23199.7
2022-06-04 03:49:05,56527.6,23518.4
2022-06-04 03:49:06,56030.5,24015.5
2022-06-04 03:49:07,55865.4,24180.5
2022-06-04 03:49:08,56059.9,23986
2022-06-04 03:49:09,56562.1,23483.8
2022-06-04 03:49:10,56698.2,23347.6
2022-06-04 03:49:11,57407.6,22638.3
2022-06-04 03:49:12,57388.5,22657.4
2022-06-04 03:49:13,58475.8,21570.1
2022-06-04 03:49:14,57678.1,22367.8
2022-06-04 03:49:15,57544.1,22501.9
2022-06-04 03:49:16,56564.3,23481.8
2022-06-04 03:49:17,56445.7,23600.1
2022-06-04 03:49:18,56009.4,24036.6
2022-06-04 03:49:19,55718,24327.9
2022-06-04 03:49:20,56262.7,23783.2
2022-06-04 03:49:21,57364.6,22681.4
2022-06-04 03:49:22,57705.3,22340.6
2022-06-04 03:49:23,57138.4,22907.5
2022-06-04 03:49:24,56898.2,23147.7
2022-06-04 03:49:25,56639.5,23406.5
2022-06-04 03:49:26,56622.4,23423.6
2022-06-04 03:49:27,57160.4,22885.3
2022-06-04 03:49:28,57537.4,22508.6
2022-06-04 03:49:29,57349.7,22696.2
2022-06-04 03:49:30,56345.3,23700.6
2022-06-04 03:49:31,56427.2,23618.7
2022-06-04 03:49:32,57413.1,22632.8
2022-06-04 03:49:33,57278.7,22767.3
2022-06-04 03:49:34,57288.1,22757.8
2022-06-04 03:49:35,57453.1,22592.9
2022-06-04 03:49:36,57035.3,23010.6
2022-06-04 03:49:37,56530.3,23515.6
2022-06-04 03:49:38,55707.3,24338.7
2022-06-04 03:49:39,56352,23694
2022-06-04 03:49:40,56856.9,23189.1
2022-06-04 03:49:41,56549.5,23496.3
2022-06-04 03:49:42,57477.4,22568.6
2022-06-04 03:49:43,57036.4,23009.5
2022-06-04 03:49:44,57737.3,22308.6
2022-06-04 03:49:45,57872.3,22173.6
2022-06-04 03:49:46,57397.8,22648.2
2022-06-04 03:49:47,56786.7,23259.3
2022-06-04 03:49:48,56580.1,23465.9
2022-06-04 03:49:49,56988.6,23057.2
2022-06-04 03:49:50,56593.3,23452.7
2022-06-04 03:49:51,56872.8,23173
2022-06-04 03:49:52,56664.8,23381.1
2022-06-04 03:49:53,56231.6,23814.3
2022-06-04 03:49:54,56351.3,23694.5
2022-06-04 03:49:55,57394.3,22651.7
2022-06-04 03:49:56,56452.5,23593.5
2022-06-04 03:49:57,57310,22736
2022-06-04 03:49:58,58078.5,21967.4
2022-06-04 03:49:59,57439.1,22607
2022-06-04 03:50:00,57315,22730.9
2022-06-04 03:50:01,56186.5,23859.6
2022-06-04 03:50:02,56149.3,23896.5
2022-06-04 03:50:03,55995.9,24050
2022-06-04 03:50:04,57195.7,22850.3
2022-06-04 03:50:05,57177.3,22868.7
2022-06-04 03:50:06,56941.9,23104.1
2022-06-04 03:50:07,56982.3,23063.6
2022-06-04 03:50:08,56569.3,23476.6
2022-06-04 03:50:09,56800.9,23245
2022-06-04 03:50:10,56944.3,23101.6
2022-06-04 03:50:11,57206.7,22839.3
2022-06-04 03:50:12,57544.5,22501.5
2022-06-04 03:50:13,57327.6,22718.4
2022-06-04 03:50:14,57022.1,23023.8
2022-06-04 03:50:15,56292.9,23753.2
2022-06-04 03:50:16,55712.6,24333.4
2022-06-04 03:50:17,55422.5,24623.5
2022-06-04 03:50:18,56667.2,23378.8
2022-06-04 03:50:19,56774.7,23271.3
2022-06-04 03:50:20,56394.5,23651.5
2022-06-04 03:50:21,56888.6,23157.4
2022-06-04 03:50:22,57491.7,22554.2
2022-06-04 03:50:23,58154.1,21892
2022-06-04 03:50:24,57579.9,22466
2022-06-04 03:50:25,57343,22703
2022-06-04 03:50:26,56583.6,23462.4
2022-06-04 03:50:27,56773.5,23272.5
2022-06-04 03:50:28,57646.6,22399.3
2022-06-04 03:50:29,56913.1,23132.8
2022-06-04 03:50:30,56226.9,23819
2022-06-04 03:50:31,55647.1,24398.9
2022-06-04 03:50:32,56348.2,23697.7
2022-06-04 03:50:33,56705.9,23340.2
2022-06-04 03:50:34,57606.7,22439.2
2022-06-04 03:50:35,57378.8,22667.2
2022-06-04 03:50:36,58337.4,21708.4
2022-06-04 03:50:37,57960.3,22085.6
2022-06-04 03:50:38,58030.3,22015.7
2022-06-04 03:50:39,57678.9,22367.1
2022-06-04 03:50:40,56764.3,23281.6
2022-06-04 03:50:41,55918.9,24127.1
2022-06-04 03:50:42,56092.4,23953.6
2022-06-04 03:50:43,55678.2,24367.8
2022-06-04 03:50:44,55883.7,24162.2
2022-06-04 03:50:45,55834.8,24211.2
2022-06-04 03:50:46,56149,23897
2022-06-04 03:50:47,57016.4,23029.5
2022-06-04 03:50:48,57467.8,22578.2
2022-06-04 03:50:49,57538.8,22507.1
2022-06-04 03:50:50,58416.4,21629.7
2022-06-04 03:50:51,58099.6,21946.4
2022-06-04 03:50:52,57252.7,22793.2
2022-06-04 03:50:53,57220.9,22825
2022-06-04 03:50:54,56605.1,23440.8
2022-06-04 03:50:55,55689.2,24356.8
2022-06-04 03:50:56,54801.3,25244.7
2022-06-04 03:50:57,55696.4,24349.6
2022-06-04 03:50:58,56560.1,23485.8
2022-06-04 03:50:59,56834.7,23211.2
2022-06-04 03:51:00,56660.5,23385.3
2022-06-04 03:51:01,56716.3,23329.6
2022-06-04 03:51:02,58052.1,21993.8
2022-06-04 03:51:03,58001.2,22044.6
2022-06-04 03:51:04,57690.7,22355.2
2022-06-04 03:51:05,58217.4,21828.5
2022-06-04 03:51:06,57357.8,22688.1
2022-06-04 03:51:07,57052,22994
2022-06-04 03:51:08,56561.9,23483.9
2022-06-04 03:51:09,55770.7,24275.2
2022-06-04 03:51:10,55169.8,24876.2
2022-06-04 03:51:11,55322.4,24723.5
2022-06-04 03:51:12,56640.8,23405.2
2022-06-04 03:51:13,56679,23367.1
2022-06-04 03:51:14,57008.5,23037.5
2022-06-04 03:51:15,57468.6,22577.5
2022-06-04 03:51:16,58238,21807.9
2022-06-04 03:51:17,58009,22036.9
2022-06-04 03:51:18,58613,21433
2022-06-04 03:51:19,57546.4,22499.5
2022-06-04 03:51:20,57114,22931.8
2022-06-04 03:51:21,56143.6,23902.3
2022-06-04 03:51:22,56402.4,23643.5
2022-06-04 03:51:23,56441.5,23604.5
2022-06-04 03:51:24,55573.8,24472.1
2022-06-04 03:51:25,55643.6,24402.4
2022-06-04 03:51:26,55357.7,24688.2
2022-06-04 03:51:27,55677.4,24368.5
2022-06-04 03:51:28,57411.1,22634.8
2022-06-04 03:51:29,58309.5,21736.3
2022-06-04 03:51:30,57594.4,22451.5
2022-06-04 03:51:31,57915.9,22130
2022-06-04 03:51:32,57501.4,22544.6
2022-06-04 03:51:33,57392.2,22653.7
2022-06-04 03:51:34,57220.7,22825.3
2022-06-04 03:51:35,57119.9,22926
2022-06-04 03:51:36,56958.2,23087.8
2022-06-04 03:51:37,56565,23481
2022-06-04 03:51:38,56555.2,23490.7
2022-06-04 03:51:39,55840.7,24205.3
2022-06-04 03:51:40,56189.3,23856.7
2022-06-04 03:51:41,55701.3,24344.6
2022-06-04 03:51:42,56134.3,23911.7
2022-06-04 03:51:43,57174.8,22871.2
2022-06-04 03:51:44,57244.2,22801.7
2022-06-04 03:51:45,57577.9,22468
2022-06-04 03:51:46,57409.3,22636.6
2022-06-04 03:51:47,56907.5,23138.4
2022-06-04 03:51:48,57772.7,22273.1
2022-06-04 03:51:49,57601.5,22444.4
2022-06-04 03:51:50,57350.5,22695.3
2022-06-04 03:51:51,57025.2,23020.6
2022-06-04 03:51:52,56435.4,23610.5
2022-06-04 03:51:53,55995.6,24050.3
2022-06-04 03:51:54,55541,24504.8
2022-06-04 03:51:55,55595.1,24450.8
2022-06-04 03:51:56,56221.2,23824.7
2022-06-04 03:51:57,56831.8,23214
2022-06-04 03:51:58,57217.1,22828.9
2022-06-04 03:51:59,57155.5,22890.5
2022-06-04 03:52:00,58168.1,21877.8
2022-06-04 03:52:01,58376.2,21669.7
2022-06-04 03:52:02,58514.3,21531.6
2022-06-04 03:52:03,57641.4,22404.5
2022-06-04 03:52:04,57177.9,22868.1
2022-06-04 03:52:05,56652.1,23393.9
2022-06-04 03:52:06,56005.7,24040.2
2022-06-04 03:52:07,55572.7,24473.3
2022-06-04 03:52:08,54995.1,25050.9
2022-06-04 03:52:09,55233.7,24812.2
2022-06-04 03:52:10,54770.6,25275.4
2022-06-04 03:52:11,55682.6,24363.4
2022-06-04 03:52:12,57741.3,22304.7
2022-06-04 03:52:13,58672.3,21373.5
2022-06-04 03:52:14,59608.6,20437.3
2022-06-04 03:52:15,59082.5,20963.4
2022-06-04 03:52:16,58343.2,21702.8
2022-06-04 03:52:17,57418.7,22627.2
2022-06-04 03:52:18,56962.6,23083.3
2022-06-04 03:52:19,55855.4,24190.6
2022-06-04 03:52:20,55422.8,24623.1
2022-06-04 03:52:21,54885.9,25160
2022-06-04 03:52:22,54811.3,25234.5
2022-06-04 03:52:23,55065,24980.8
2022-06-04 03:52:24,55282,24764.1
2022-06-04 03:52:25,57417,22629
2022-06-04 03:52:26,57809.8,22236.1
2022-06-04 03:52:27,58780,21266
2022-06-04 03:52:28,59157.5,20888.5
2022-06-04 03:52:29,59155.6,20890.4
2022-06-04 03:52:30,57947.3,22098.6
2022-06-04 03:52:31,57433.7,22612.3
2022-06-04 03:52:32,56726.9,23319
2022-06-04 03:52:33,55539.8,24506.2
2022-06-04 03:52:34,55012.9,25033.1
2022-06-04 03:52:35,54654.9,25391
2022-06-04 03:52:36,56154.5,23891.4
2022-06-04 03:52:37,56750.6,23295.3
2022-06-04 03:52:38,56683.9,23362
2022-06-04 03:52:39,57389.4,22656.6
2022-06-04 03:52:40,57302.2,22743.7
2022-06-04 03:52:41,58113.4,21932.6
2022-06-04 03:52:42,58966.2,21079.8
2022-06-04 03:52:43,58395.5,21650.4
2022-06-04 03:52:44,57480.1,22565.8
2022-06-04 03:52:45,56803.7,23242.2
2022-06-04 03:52:46,55560.9,24485
2022-06-04 03:52:47,55822.4,24223.5
2022-06-04 03:52:48,55403.3,24642.7
2022-06-04 03:52:49,56015.8,24030.1
2022-06-04 03:52:50,55962.3,24083.6
2022-06-04 03:52:51,56588.7,23457.2
2022-06-04 03:52:52,56906.6,23139.3
2022-06-04 03:52:53,57107.6,22938.3
2022-06-04 03:52:54,56871.4,23174.6
2022-06-04 03:52:55,57057.1,22988.9
2022-06-04 03:52:56,57724.6,22321.2
2022-06-04 03:52:57,57150.6,22895.4
2022-06-04 03:52:58,57126.9,22919
2022-06-04 03:52:59,56750.6,23295.4
2022-06-04 03:53:00,57146,22899.9
2022-06-04 03:53:01,56640.2,23405.8
2022-06-04 03:53:02,56551.7,23494.4
2022-06-04 03:53:03,56062.3,23983.6
2022-06-04 03:53:04,55814.6,24231.2
2022-06-04 03:53:05,55946.3,24099.6
2022-06-04 03:53:06,56483.8,23562.2
2022-06-04 03:53:07,56364,23681.9
2022-06-04 03:53:08,57210.8,22835.1
2022-06-04 03:53:09,57465.7,22580.2
2022-06-04 03:53:10,57530.9,22515
2022-06-04 03:53:11,58186.1,21859.9
2022-06-04 03:53:12,58052,21994
2022-06-04 03:53:13,57257.8,22788.2
2022-06-04 03:53:14,58092.4,21953.5
2022-06-04 03:53:15,56960.2,23085.7
2022-06-04 03:53:16,56017.6,24028.4
2022-06-04 03:53:17,55823.5,24222.4
2022-06-04 03:53:18,55043.1,25002.9
2022-06-04 03:53:19,55753.3,24292.6
2022-06-04 03:53:20,55933,24113
2022-06-04 03:53:21,56770.6,23275.3
2022-06-04 03:53:22,58366.5,21679.5
2022-06-04 03:53:23,58108,21937.8
2022-06-04 03:53:24,57556.8,22489.2
2022-06-04 03:53:25,57673.2,22372.7
2022-06-04 03:53:26,58167.2,21878.7
2022-06-04 03:53:27,57678.9,22367.1
2022-06-04 03:53:28,56830.8,23215.1
2022-06-04 03:53:29,56365.1,23680.8
2022-06-04 03:53:30,56543.5,23502.4
2022-06-04 03:53:31,56640.6,23405.4
2022-06-04 03:53:32,55534.2,24511.8
2022-06-04 03:53:33,55586.8,24459
2022-06-04 03:53:34,55844.8,24201.3
2022-06-04 03:53:35,57743.7,22302.3
2022-06-04 03:53:36,58172.7,21873.3
2022-06-04 03:53:37,57910.9,22135
2022-06-04 03:53:38,57660.5,22385.5
2022-06-04 03:53:39,57485.7,22560.3
2022-06-04 03:53:40,57349.9,22696
2022-06-04 03:53:41,57957.9,22087.9
2022-06-04 03:53:42,57516.3,22529.6
2022-06-04 03:53:43,56861.1,23184.8
2022-06-04 03:53:44,56536.5,23509.5
2022-06-04 03:53:45,55748.9,24297
2022-06-04 03:53:46,55454.6,24591.4
2022-06-04 03:53:47,55730.8,24315.1
2022-06-04 03:53:48,56227.4,23818.6
2022-06-04 03:53:49,57522.1,22523.8
2022-06-04 03:53:50,57165.6,22880.4
2022-06-04 03:53:51,57640.6,22405.3
2022-06-04 03:53:52,57610,22435.9
2022-06-04 03:53:53,58163.9,21882.2
2022-06-04 03:53:54,57932.1,22113.9
2022-06-04 03:53:55,57599.4,22446.6
2022-06-04 03:53:56,57651.5,22394.5
2022-06-04 03:53:57,56845.1,23200.7
2022-06-04 03:53:58,55843.2,24202.8
2022-06-04 03:53:59,55244.9,24801
2022-06-04 03:54:00,55330.9,24715.1
2022-06-04 03:54:01,55385.3,24660.7
2022-06-04 03:54:02,56451.7,23594.2
2022-06-04 03:54:03,58517,21529
2022-06-04 03:54:04,57839,22206.9
2022-06-04 03:54:05,57684.3,22361.6
2022-06-04 03:54:06,58252.4,21793.5
2022-06-04 03:54:07,57841.4,22204.4
2022-06-04 03:54:08,57451.4,22594.4
2022-06-04 03:54:09,56538.8,23507.2
2022-06-04 03:54:10,56083.8,23962.2
2022-06-04 03:54:11,55974.7,24071.2
2022-06-04 03:54:12,56233.6,23812.4
2022-06-04 03:54:13,56855.4,23190.5
2022-06-04 03:54:14,56933.1,23112.8
2022-06-04 03:54:15,57293.1,22752.8
2022-06-04 03:54:16,57743,22302.9
2022-06-04 03:54:17,57285.5,22760.3
2022-06-04 03:54:18,57578.6,22467.3
2022-06-04 03:54:19,57231.6,22814.2
2022-06-04 03:54:20,57381.1,22664.7
2022-06-04 03:54:21,56026.3,24019.7
2022-06-04 03:54:22,55792.1,24253.9
2022-06-04 03:54:23,55775.9,24270.2
2022-06-04 03:54:24,56992.3,23053.6
2022-06-04 03:54:25,57795.6,22250.5
2022-06-04 03:54:26,57857.3,22188.7
2022-06-04 03:54:27,58239.2,21806.8
2022-06-04 03:54:28,57693.4,22352.6
2022-06-04 03:54:29,56900.3,23145.5
2022-06-04 03:54:30,56708.5,23337.4
2022-06-04 03:54:31,55970.5,24075.6
2022-06-04 03:54:32,55740.4,24305.5
2022-06-04 03:54:33,56247.5,23798.4
2022-06-04 03:54:34,56812.8,23233.3
2022-06-04 03:54:35,56638.3,23407.5
2022-06-04 03:54:36,56668,23377.9
2022-06-04 03:54:37,58262,21783.9
2022-06-04 03:54:38,58464.8,21581
2022-06-04 03:54:39,57925.7,22120.2
2022-06-04 03:54:40,57487,22558.9
2022-06-04 03:54:41,56945.9,23099.9
2022-06-04 03:54:42,57253.6,22792.3
2022-06-04 03:54:43,56950.6,23095.2
2022-06-04 03:54:44,55609.9,24436
2022-06-04 03:54:45,54821.1,25224.8
2022-06-04 03:54:46,55136.2,24909.7
2022-06-04 03:54:47,56282.4,23763.5
2022-06-04 03:54:48,57237.8,22808.1
2022-06-04 03:54:49,58542.3,21503.7
2022-06-04 03:54:50,58334.9,21711
2022-06-04 03:54:51,58183.8,21862.3
2022-06-04 03:54:52,57655.6,22390.4
2022-06-04 03:54:53,56897.9,23148
2022-06-04 03:54:54,56956,23090
2022-06-04 03:54:55,56390.4,23655.4
2022-06-04 03:54:56,56149.6,23896.2
2022-06-04 03:54:57,56966.3,23079.7
2022-06-04 03:54:58,57225.5,22820.4
2022-06-04 03:54:59,56477.5,23568.4
2022-06-04 03:55:00,56041.4,24004.5
2022-06-04 03:55:01,56502.7,23543.4
2022-06-04 03:55:02,57476.7,22569.2
2022-06-04 03:55:03,57720.2,22325.7
2022-06-04 03:55:04,57166.5,22879.4
2022-06-04 03:55:05,57051.2,22994.7
2022-06-04 03:55:06,56353.8,23692.2
2022-06-04 03:55:07,56347.2,23698.8
2022-06-04 03:55:08,57193.2,22852.9
2022-06-04 03:55:09,57742.5,22303.5
2022-06-04 03:55:10,57845.6,22200.4
2022-06-04 03:55:11,57757.5,22288.4
2022-06-04 03:55:12,57094.4,22951.4
2022-06-04 03:55:13,56828.6,23217.3
2022-06-04 03:55:14,56532.3,23513.6
2022-06-04 03:55:15,55439.1,24606.8
2022-06-04 03:55:16,54800.8,25245.1
2022-06-04 03:55:17,56225.8,23820.2
2022-06-04 03:55:18,56948.8,23097.2
2022-06-04 03:55:19,57237.3,22808.6
2022-06-04 03:55:20,57999.8,22046.2
2022-06-04 03:55:21,57749.5,22296.5
2022-06-04 03:55:22,57534.2,22511.7
2022-06-04 03:55:23,57475.8,22570.3
2022-06-04 03:55:24,57820.9,22225.1
2022-06-04 03:55:25,58135.7,21910.2
2022-06-04 03:55:26,57838.1,22207.8
2022-06-04 03:55:27,56480.8,23565.2
2022-06-04 03:55:28,55979.5,24066.4
2022-06-04 03:55:29,55103.1,24942.8
2022-06-04 03:55:30,54735.4,25310.6
2022-06-04 03:55:31,55263.9,24782
2022-06-04 03:55:32,57188.3,22857.7
2022-06-04 03:55:33,57764.7,22281.2
2022-06-04 03:55:34,57433.8,22612.2
2022-06-04 03:55:35,57705.2,22340.7
2022-06-04 03:55:36,57605.3,22440.7
2022-06-04 03:55:37,57844.4,22201.6
2022-06-04 03:55:38,58408,21637.8
2022-06-04 03:55:39,58296.5,21749.5
2022-06-04 03:55:40,57412,22633.8
2022-06-04 03:55:41,56658.8,23387.2
2022-06-04 03:55:42,55481.2,24564.7
2022-06-04 03:55:43,55834.5,24211.4
2022-06-04 03:55:44,55395.8,24650.2
2022-06-04 03:55:45,54915.1,25130.8
2022-06-04 03:55:46,55828.3,24217.7
2022-06-04 03:55:47,56283.2,23762.7
2022-06-04 03:55:48,57674,22372
2022-06-04 03:55:49,58329.1,21716.9
2022-06-04 03:55:50,59283.3,20762.8
2022-06-04 03:55:51,59132.2,20913.7
2022-06-04 03:55:52,58165.1,21880.8
2022-06-04 03:55:53,57784,22262
2022-06-04 03:55:54,58094.3,21951.7
2022-06-04 03:55:55,57193,22853.1
2022-06-04 03:55:56,56107.3,23938.7
2022-06-04 03:55:57,55473.2,24572.8
2022-06-04 03:55:58,54704.5,25341.4
2022-06-04 03:55:59,54250.8,25795.1
2022-06-04 03:56:00,54457.9,25588.2
2022-06-04 03:56:01,56510.9,23535.1
2022-06-04 03:56:02,58276.1,21769.8
2022-06-04 03:56:03,59385.4,20660.5
2022-06-04 03:56:04,58969,21076.9
2022-06-04 03:56:05,58443.8,21602.2
2022-06-04 03:56:06,58771.1,21274.8
2022-06-04 03:56:07,57787.8,22258.1
2022-06-04 03:56:08,56894.1,23151.9
2022-06-04 03:56:09,55959.5,24086.4
2022-06-04 03:56:10,55741.8,24304.2
2022-06-04 03:56:11,55433.7,24612.2
2022-06-04 03:56:12,55646.4,24399.6
2022-06-04 03:56:13,55671.6,24374.3
2022-06-04 03:56:14,55430.2,24615.8
2022-06-04 03:56:15,55923.2,24122.7
2022-06-04 03:56:16,57732,22313.9
2022-06-04 03:56:17,58579.1,21466.8
2022-06-04 03:56:18,59020.2,21025.8
2022-06-04 03:56:19,58809.2,21236.8
2022-06-04 03:56:20,57728.4,22317.6
2022-06-04 03:56:21,56856.8,23189.2
2022-06-04 03:56:22,57357.2,22688.7
2022-06-04 03:56:23,56561.6,23484.3
2022-06-04 03:56:24,56740,23305.9
2022-06-04 03:56:25,56744.1,23301.9
2022-06-04 03:56:26,56359.4,23686.6
2022-06-04 03:56:27,56134.6,23911.3
2022-06-04 03:56:28,55431,24615
2022-06-04 03:56:29,55348.5,24697.4
2022-06-04 03:56:30,55892.7,24153.2
2022-06-04 03:56:31,57411.3,22634.6
2022-06-04 03:56:32,58130.9,21915
2022-06-04 03:56:33,58462.5,21583.4
2022-06-04 03:56:34,57939.2,22106.7
2022-06-04 03:56:35,57811.7,22234.2
2022-06-04 03:56:36,57330.4,22715.5
2022-06-04 03:56:37,57193.8,22852
2022-06-04 03:56:38,57707.6,22338.3
2022-06-04 03:56:39,57446.3,22599.7
2022-06-04 03:56:40,56242.7,23803.3
2022-06-04 03:56:41,55297.1,24748.8
2022-06-04 03:56:42,54673.1,25372.8
2022-06-04 03:56:43,54384.3,25661.6
2022-06-04 03:56:44,55615.7,24430.2
2022-06-04 03:56:45,57572.6,22473.3
2022-06-04 03:56:46,57996.7,22049.2
2022-06-04 03:56:47,59074.9,20971
2022-06-04 03:56:48,58772.3,21273.8
2022-06-04 03:56:49,58366.5,21679.5
2022-06-04 03:56:50,58612.1,21433.9
2022-06-04 03:56:51,57638.4,22407.4
2022-06-04 03:56:52,56769.8,23276.1
2022-06-04 03:56:53,56493.6,23552.3
2022-06-04 03:56:54,55356.2,24689.7
2022-06-04 03:56:55,54389.7,25656.2
2022-06-04 03:56:56,54120.2,25925.8
2022-06-04 03:56:57,54179.5,25866.3
2022-06-04 03:56:58,56347.7,23698.1
2022-06-04 03:56:59,57254,22791.9
2022-06-04 03:57:00,58275.2,21770.6
2022-06-04 03:57:01,59259.9,20786.1
2022-06-04 03:57:02,59134.5,20911.4
2022-06-04 03:57:03,58607.9,21438
2022-06-04 03:57:04,58051.3,21994.6
2022-06-04 03:57:05,57040.1,23005.8
2022-06-04 03:57:06,55784.8,24261.1
2022-06-04 03:57:07,55683.1,24362.8
2022-06-04 03:57:08,55619.5,24426.4
2022-06-04 03:57:09,55193.7,24852.2
2022-06-04 03:57:10,55421.8,24624.2
2022-06-04 03:57:11,55169.3,24876.5
2022-06-04 03:57:12,56918.9,23127
2022-06-04 03:57:13,58139.1,21906.9
2022-06-04 03:57:14,57932.9,22113
2022-06-04 03:57:15,58030.5,22015.5
2022-06-04 03:57:16,57976.7,22069.2
2022-06-04 03:57:17,57841.3,22204.6
2022-06-04 03:57:18,57180.5,22865.4
2022-06-04 03:57:19,57218.8,22827
2022-06-04 03:57:20,57296.7,22749.4
2022-06-04 03:57:21,56748.7,23297.3
2022-06-04 03:57:22,56139.8,23906.1
2022-06-04 03:57:23,55373.2,24672.8
2022-06-04 03:57:24,55045.9,25000
2022-06-04 03:57:25,55570.5,24475.5
2022-06-04 03:57:26,57318.1,22727.8
2022-06-04 03:57:27,57629.3,22416.6
2022-06-04 03:57:28,57773.3,22272.7
2022-06-04 03:57:29,57660.7,22385.3
2022-06-04 03:57:30,58085.6,21960.3
2022-06-04 03:57:31,58067.8,21978.1
2022-06-04 03:57:32,58074.5,21971.5
2022-06-04 03:57:33,57164.2,22881.7
2022-06-04 03:57:34,56813.8,23232.2
2022-06-04 03:57:35,57009.9,23036
2022-06-04 03:57:36,56591,23454.9
2022-06-04 03:57:37,55726,24319.9
2022-06-04 03:57:38,55366.1,24679.9
2022-06-04 03:57:39,55567.9,24478.1
2022-06-04 03:57:40,56365.7,23680.2
2022-06-04 03:57:41,56707.9,23337.9
2022-06-04 03:57:42,57774.1,22271.8
2022-06-04 03:57:43,58099.1,21946.8
2022-06-04 03:57:44,57404.4,22641.4
2022-06-04 03:57:45,57322.6,22723.4
2022-06-04 03:57:46,57955,22090.8
2022-06-04 03:57:47,57400.9,22645
2022-06-04 03:57:48,56536.3,23509.6
2022-06-04 03:57:49,57053.5,22992.6
2022-06-04 03:57:50,56167.6,23878.3
2022-06-04 03:57:51,56635,23410.8
2022-06-04 03:57:52,56370.4,23675.5
2022-06-04 03:57:53,56742.3,23303.7
2022-06-04 03:57:54,56243.6,23802.2
2022-06-04 03:57:55,56261.5,23784.4
2022-06-04 03:57:56,56981,23064.9
2022-06-04 03:57:57,57916,22129.9
2022-06-04 03:57:58,57527.9,22518
2022-06-04 03:57:59,57589.9,22456
2022-06-04 03:58:00,58080.2,21965.7
2022-06-04 03:58:01,57529.8,22516.2
2022-06-04 03:58:02,57543.1,22502.9
2022-06-04 03:58:03,58297.4,21748.5
2022-06-04 03:58:04,57328.2,22717.6
2022-06-04 03:58:05,56892.7,23153.2
2022-06-04 03:58:06,55801.4,24244.6
2022-06-04 03:58:07,55683.4,24362.7
2022-06-04 03:58:08,55397.6,24648.4
2022-06-04 03:58:09,55235.7,24810.2
2022-06-04 03:58:10,55565.6,24480.3
2022-06-04 03:58:11,56571.3,23474.6
2022-06-04 03:58:12,57671.8,22374.1
2022-06-04 03:58:13,57935,22111
2022-06-04 03:58:14,58368.6,21677.3
2022-06-04 03:58:15,58294.9,21751
2022-06-04 03:58:16,58629,21416.9
2022-06-04 03:58:17,58066.4,21979.6
2022-06-04 03:58:18,57434,22612
2022-06-04 03:58:19,56206.9,23839
2022-06-04 03:58:20,55474.1,24571.8
2022-06-04 03:58:21,54703,25343
2022-06-04 03:58:22,55412.5,24633.3
2022-06-04 03:58:23,56097.2,23948.8
2022-06-04 03:58:24,56220.1,23825.9
2022-06-04 03:58:25,56558.1,23487.8
2022-06-04 03:58:26,58733,21312.9
2022-06-04 03:58:27,58208.7,21837.3
2022-06-04 03:58:28,58575.6,21470.3
2022-06-04 03:58:29,58778.8,21267
2022-06-04 03:58:30,58266.4,21779.5
2022-06-04 03:58:31,57035.4,23010.5
2022-06-04 03:58:32,56088.2,23957.8
2022-06-04 03:58:33,54983.4,25062.4
2022-06-04 03:58:34,55419.1,24626.9
2022-06-04 03:58:35,55372.1,24673.8
2022-06-04 03:58:36,56748.6,23297.3
2022-06-04 03:58:37,57516.4,22529.6
2022-06-04 03:58:38,57145.5,22900.3
2022-06-04 03:58:39,57059.5,22986.4
2022-06-04 03:58:40,57015.2,23030.7
2022-06-04 03:58:41,56656.8,23389.2
2022-06-04 03:58:42,57584,22462
2022-06-04 03:58:43,57028.3,23017.6
2022-06-04 03:58:44,56588.4,23457.6
2022-06-04 03:58:45,56768.1,23278
2022-06-04 03:58:46,56030.6,24015.4
2022-06-04 03:58:47,56002,24044
2022-06-04 03:58:48,56354.6,23691.4
2022-06-04 03:58:49,58466.7,21579.3
2022-06-04 03:58:50,58194.9,21851
2022-06-04 03:58:51,57349.6,22696.3
2022-06-04 03:58:52,56276.9,23769.1
2022-06-04 03:58:53,55583.8,24462.1
2022-06-04 03:58:54,55569.7,24476.2
2022-06-04 03:58:55,55439.4,24606.5
2022-06-04 03:58:56,56756.2,23289.7
2022-06-04 03:58:57,57246.6,22799.4
2022-06-04 03:58:58,57385.7,22660.3
2022-06-04 03:58:59,56738.1,23307.8
2022-06-04 03:59:00,57762.7,22283.2
2022-06-04 03:59:01,58353.9,21692
2022-06-04 03:59:02,57803.8,22242.1
2022-06-04 03:59:03,57436.6,22609.2
2022-06-04 03:59:04,56970.9,23075
2022-06-04 03:59:05,56273.8,23772.1
2022-06-04 03:59:06,55936.7,24109.2
2022-06-04 03:59:07,56055.2,23990.7
2022-06-04 03:59:08,55648.7,24397.4
2022-06-04 03:59:09,55926.4,24119.5
2022-06-04 03:59:10,56736.7,23309.2
2022-06-04 03:59:11,57942.9,22103.1
2022-06-04 03:59:12,57777.7,22268.3
2022-06-04 03:59:13,58120.3,21925.6
2022-06-04 03:59:14,57733,22312.9
2022-06-04 03:59:15,57624.9,22421
2022-06-04 03:59:16,57346.2,22699.7
2022-06-04 03:59:17,57751.5,22294.4
2022-06-04 03:59:18,57156.4,22889.5
2022-06-04 03:59:19,56474.6,23571.3
2022-06-04 03:59:20,56164.2,23881.7
2022-06-04 03:59:21,56298.7,23747.3
2022-06-04 03:59:22,55394.4,24651.5
2022-06-04 03:59:23,55895.7,24150.2
2022-06-04 03:59:24,55995.4,24050.5
2022-06-04 03:59:25,57261.2,22784.8
2022-06-04 03:59:26,58410.8,21635.1
2022-06-04 03:59:27,58522,21523.8
2022-06-04 03:59:28,57605.4,22440.6
2022-06-04 03:59:29,56903.9,23142.1
2022-06-04 03:59:30,56111.3,23934.7
2022-06-04 03:59:31,57512.6,22533.3
2022-06-04 03:59:32,56905.4,23140.5
2022-06-04 03:59:33,56846.7,23199.3
2022-06-04 03:59:34,56504.4,23541.5
2022-06-04 03:59:35,56254.3,23791.7
2022-06-04 03:59:36,56189.7,23856.3
2022-06-04 03:59:37,57274.7,22771.3
2022-06-04 03:59:38,57070.7,22975.2
2022-06-04 03:59:39,56653.6,23392.5
2022-06-04 03:59:40,56802.7,23243.2
2022-06-04 03:59:41,57713.3,22332.7
2022-06-04 03:59:42,57097.9,22948.1
2022-06-04 03:59:43,57173.4,22872.6
2022-06-04 03:59:44,57116.7,22929.2
2022-06-04 03:59:45,57040.4,23005.5
2022-06-04 03:59:46,57069.7,22976.3
2022-06-04 03:59:47,57605,22441
2022-06-04 03:59:48,57328.7,22717.3
2022-06-04 03:59:49,57271.5,22774.4
2022-06-04 03:59:50,56432.3,23613.7
2022-06-04 03:59:51,56002.4,24043.5
2022-06-04 03:59:52,55616.7,24429.2
2022-06-04 03:59:53,56361.7,23684.2
2022-06-04 03:59:54,56574,23471.8
2022-06-04 03:59:55,56830.8,23215
2022-06-04 03:59:56,56300.5,23745.4
2022-06-04 03:59:57,57167.4,22878.5
2022-06-04 03:59:58,56994.7,23051.2
2022-06-04 03:59:59,57854.7,22191.2
2022-06-04 04:00:00,57705.2,22340.8
2022-06-04 04:00:01,57755.5,22290.5
2022-06-04 04:00:02,57652.2,22393.7
2022-06-04 04:00:03,56975.5,23070.4
2022-06-04 04:00:04,56145.9,23900
2022-06-04 04:00:05,55934.8,24111.1
2022-06-04 04:00:06,55925.1,24120.8
2022-06-04 04:00:07,55998.2,24047.7
2022-06-04 04:00:08,56192.6,23853.4
2022-06-04 04:00:09,56340.7,23705.3
2022-06-04 04:00:10,56515.1,23531
2022-06-04 04:00:11,57262.4,22783.5
2022-06-04 04:00:12,58193.3,21852.6
2022-06-04 04:00:13,57925.9,22120
2022-06-04 04:00:14,58087.1,21958.8
2022-06-04 04:00:15,57332.7,22713.2
2022-06-04 04:00:16,57455.6,22590.4
2022-06-04 04:00:17,57175.2,22870.7
2022-06-04 04:00:18,56812.9,23233
2022-06-04 04:00:19,55934.9,24111
2022-06-04 04:00:20,55671.8,24374.1
2022-06-04 04:00:21,55500.6,24545.3
2022-06-04 04:00:22,56636.1,23409.9
2022-06-04 04:00:23,55517.1,24528.7
2022-06-04 04:00:24,57156.5,22889.4
2022-06-04 04:00:25,57756.3,22289.5
2022-06-04 04:00:26,58394.3,21651.7
2022-06-04 04:00:27,57933.3,22112.6
2022-06-04 04:00:28,58231.8,21814.2
2022-06-04 04:00:29,57829,22216.9
2022-06-04 04:00:30,57152.6,22893.3
2022-06-04 04:00:31,56490.7,23555.2
2022-06-04 04:00:32,55954.9,24091.1
2022-06-04 04:00:33,55327.9,24718.1
2022-06-04 04:00:34,54601.3,25444.6
2022-06-04 04:00:35,55466.5,24579.4
2022-06-04 04:00:36,55635.8,24410.2
2022-06-04 04:00:37,55914.6,24131.2
2022-06-04 04:00:38,56243.5,23802.5
2022-06-04 04:00:39,58136.7,21909.2
2022-06-04 04:00:40,59377.5,20668.4
2022-06-04 04:00:41,58964.1,21081.7
2022-06-04 04:00:42,58174.5,21871.5
2022-06-04 04:00:43,57452.4,22593.6
2022-06-04 04:00:44,57487.6,22558.3
2022-06-04 04:00:45,56292.6,23753.3
2022-06-04 04:00:46,55736.1,24309.9
2022-06-04 04:00:47,55225.9,24820
2022-06-04 04:00:48,54947.7,25098.3
2022-06-04 04:00:49,55865.3,24180.7
2022-06-04 04:00:50,56835.1,23210.8
2022-06-04 04:00:51,57926.1,22119.8
2022-06-04 04:00:52,57428.8,22617.2
2022-06-04 04:00:53,57594.8,22451.1
2022-06-04 04:00:54,58919.3,21126.6
2022-06-04 04:00:55,58167.4,21878.6
2022-06-04 04:00:56,57390.4,22655.5
2022-06-04 04:00:57,56716.5,23329.3
2022-06-04 04:00:58,56119,23927
2022-06-04 04:00:59,56548.4,23497.4
2022-06-04 04:01:00,55898.8,24147.2
2022-06-04 04:01:01,56990.7,23055.2
2022-06-04 04:01:02,56585,23461
2022-06-04 04:01:03,55752.8,24293
2022-06-04 04:01:04,56744.1,23301.9
2022-06-04 04:01:05,56754.7,23291.3
2022-06-04 04:01:06,57182.8,22863.1
2022-06-04 04:01:07,56592.8,23453.2
2022-06-04 04:01:08,58309.7,21736.1
2022-06-04 04:01:09,57750.8,22295.1
2022-06-04 04:01:10,57152.6,22893.4
2022-06-04 04:01:11,57060.1,22985.9
2022-06-04 04:01:12,57658.3,22387.5
2022-06-04 04:01:13,57764.4,22281.6
2022-06-04 04:01:14,57380.8,22665
2022-06-04 04:01:15,56294.6,23751.2
2022-06-04 04:01:16,55276.2,24769.6
2022-06-04 04:01:17,55493.7,24552.2
2022-06-04 04:01:18,55068.4,24977.5
2022-06-04 04:01:19,56748.6,23297.3
2022-06-04 04:01:20,56246.1,23799.8
2022-06-04 04:01:21,56556.8,23489.2
2022-06-04 04:01:22,57479.7,22566.1
2022-06-04 04:01:23,58332.4,21713.5
2022-06-04 04:01:24,58917.8,21128.1
2022-06-04 04:01:25,58256.4,21789.6
2022-06-04 04:01:26,58269.5,21776.4
2022-06-04 04:01:27,57217.9,22828
2022-06-04 04:01:28,56558.4,23487.4
2022-06-04 04:01:29,55354.4,24691.5
2022-06-04 04:01:30,55054.1,24991.8
2022-06-04 04:01:31,54642.4,25403.6
2022-06-04 04:01:32,55180.3,24865.6
2022-06-04 04:01:33,56501.1,23544.7
2022-06-04 04:01:34,56201.6,23844.2
2022-06-04 04:01:35,57784.5,22261.3
2022-06-04 04:01:36,58484.5,21561.3
2022-06-04 04:01:37,59063.4,20982.6
2022-06-04 04:01:38,58586.4,21459.5
2022-06-04 04:01:39,58160.1,21885.9
2022-06-04 04:01:40,57877.3,22168.5
2022-06-04 04:01:41,56996.5,23049.4
2022-06-04 04:01:42,56421.3,23624.6
2022-06-04 04:01:43,56126.2,23919.8
2022-06-04 04:01:44,55578.7,24467.1
2022-06-04 04:01:45,54363.2,25682.7
2022-06-04 04:01:46,54292.5,25753.4
2022-06-04 04:01:47,56790.5,23255.5
2022-06-04 04:01:48,58088.8,21957.2
2022-06-04 04:01:49,58611.4,21434.5
2022-06-04 04:01:50,58044.2,22001.7
2022-06-04 04:01:51,57231,22814.9
2022-06-04 04:01:52,58357.4,21688.5
2022-06-04 04:01:53,58374.4,21671.5
2022-06-04 04:01:54,57412.6,22633.4
2022-06-04 04:01:55,56483.9,23562
2022-06-04 04:01:56,55530.5,24515.3
2022-06-04 04:01:57,55814.8,24231.2
2022-06-04 04:01:58,55639.9,24406
2022-06-04 04:01:59,55337.9,24708
2022-06-04 04:02:00,56071.4,23974.5
2022-06-04 04:02:01,56457.6,23588.4
2022-06-04 04:02:02,58103.7,21942.2
2022-06-04 04:02:03,57969.4,22076.5
2022-06-04 04:02:04,58432.1,21613.8
2022-06-04 04:02:05,57970.1,22075.8
2022-06-04 04:02:06,57330.7,22715.3
2022-06-04 04:02:07,56889.7,23156.3
2022-06-04 04:02:08,56948.9,23097
2022-06-04 04:02:09,56670.1,23375.7
2022-06-04 04:02:10,56664.8,23381.1
2022-06-04 04:02:11,56272,23773.9
2022-06-04 04:02:12,55874.5,24171.4
2022-06-04 04:02:13,55590,24455.9
2022-06-04 04:02:14,56434,23612
2022-06-04 04:02:15,57260.1,22785.8
2022-06-04 04:02:16,57337.5,22708.5
2022-06-04 04:02:17,57659.5,22386.5
2022-06-04 04:02:18,57305.1,22740.9
2022-06-04 04:02:19,57241.3,22804.5
2022-06-04 04:02:20,56929.7,23116.2
2022-06-04 04:02:21,56838.6,23207.4
2022-06-04 04:02:22,56086.1,23959.9
2022-06-04 04:02:23,56906.6,23139.3
2022-06-04 04:02:24,56999.2,23046.6
2022-06-04 04:02:25,57365.2,22680.7
2022-06-04 04:02:26,57159.8,22886.2
2022-06-04 04:02:27,56408.5,23637.4
2022-06-04 04:02:28,56216.5,23829.4
2022-06-04 04:02:29,57166.8,22879
2022-06-04 04:02:30,57499.5,22546.4
2022-06-04 04:02:31,57318.4,22727.6
2022-06-04 04:02:32,56987.8,23058.1
2022-06-04 04:02:33,56485.8,23560.2
2022-06-04 04:02:34,55794.8,24251.1
2022-06-04 04:02:35,56649.2,23396.8
2022-06-04 04:02:36,57600,22446
2022-06-04 04:02:37,57453.3,22592.6
2022-06-04 04:02:38,57392.9,22653
2022-06-04 04:02:39,57627.5,22418.5
2022-06-04 04:02:40,57115.9,22930.2
2022-06-04 04:02:41,56710.2,23335.8
2022-06-04 04:02:42,56460.7,23585.2
2022-06-04 04:02:43,55843.9,24202.1
2022-06-04 04:02:44,56536.1,23509.8
2022-06-04 04:02:45,55760.4,24285.5
2022-06-04 04:02:46,56301.4,23744.5
2022-06-04 04:02:47,56262.5,23783.3
2022-06-04 04:02:48,56888.6,23157.4
2022-06-04 04:02:49,57522.8,22523.1
2022-06-04 04:02:50,57740.7,22305.2
2022-06-04 04:02:51,57581.7,22464.2
2022-06-04 04:02:52,57846.6,22199.4
2022-06-04 04:02:53,57319.9,22726
2022-06-04 04:02:54,56532.9,23513
2022-06-04 04:02:55,55735.2,24310.7
2022-06-04 04:02:56,54914.8,25131.2
2022-06-04 04:02:57,55717,24328.9
2022-06-04 04:02:58,56284,23761.9
2022-06-04 04:02:59,56515.3,23530.7
2022-06-04 04:03:00,58364.4,21681.5
2022-06-04 04:03:01,58550,21495.9
2022-06-04 04:03:02,57664.4,22381.5
2022-06-04 04:03:03,57665.6,22380.3
2022-06-04 04:03:04,57534.8,22511.1
2022-06-04 04:03:05,57007.6,23038.3
2022-06-04 04:03:06,56153.3,23892.7
2022-06-04 04:03:07,55891.6,24154.4
2022-06-04 04:03:08,56025.4,24020.6
2022-06-04 04:03:09,55256.5,24789.4
2022-06-04 04:03:10,56110.7,23935.2
2022-06-04 04:03:11,56967.8,23078.1
2022-06-04 04:03:12,57534.7,22511.2
2022-06-04 04:03:13,57876.9,22169
2022-06-04 04:03:14,58008.5,22037.4
2022-06-04 04:03:15,57674.3,22371.7
2022-06-04 04:03:16,57259.6,22786.3
2022-06-04 04:03:17,56429.7,23616.2
2022-06-04 04:03:18,56657.9,23388
2022-06-04 04:03:19,56402.5,23643.4
2022-06-04 04:03:20,56164.9,23881
2022-06-04 04:03:21,55145.3,24900.6
2022-06-04 04:03:22,55858.1,24187.8
2022-06-04 04:03:23,56717.5,23328.4
2022-06-04 04:03:24,57765.3,22280.5
2022-06-04 04:03:25,58799.8,21246.1
2022-06-04 04:03:26,57907,22138.9
2022-06-04 04:03:27,56880.6,23165.4
2022-06-04 04:03:28,57247.3,22798.7
2022-06-04 04:03:29,56726.3,23319.7
2022-06-04 04:03:30,56207.4,23838.5
2022-06-04 04:03:31,56089.2,23956.7
2022-06-04 04:03:32,56148.8,23897
2022-06-04 04:03:33,56079,23966.9
2022-06-04 04:03:34,56192.5,23853.4
2022-06-04 04:03:35,56482,23563.9
2022-06-04 04:03:36,57044.7,23001.3
2022-06-04 04:03:37,58119.9,21926
2022-06-04 04:03:38,58014.8,22031.2
2022-06-04 04:03:39,57636.6,22409.4
2022-06-04 04:03:40,57586,22459.9
2022-06-04 04:03:41,57023.3,23022.6
2022-06-04 04:03:42,56683.9,23362.2
2022-06-04 04:03:43,56901,23144.9
2022-06-04 04:03:44,56555.6,23490.4
2022-06-04 04:03:45,56561.6,23484.4
2022-06-04 04:03:46,57210.5,22835.4
2022-06-04 04:03:47,56982.8,23063.1
2022-06-04 04:03:48,56699.6,23346.3
2022-06-04 04:03:49,57109.1,22936.8
2022-06-04 04:03:50,56291.1,23754.8
2022-06-04 04:03:51,57108.3,22937.8
2022-06-04 04:03:52,58026.4,22019.7
2022-06-04 04:03:53,57647.6,22398.2
2022-06-04 04:03:54,57263.6,22782.3
2022-06-04 04:03:55,56983.3,23062.6
2022-06-04 04:03:56,56123.8,23922.1
2022-06-04 04:03:57,56808.1,23237.9
2022-06-04 04:03:58,56644.9,23401
2022-06-04 04:03:59,56469.3,23576.8
2022-06-04 04:04:00,56333,23713
2022-06-04 04:04:01,56665.7,23380.3
2022-06-04 04:04:02,56650.5,23395.3
2022-06-04 04:04:03,56821.8,23224
2022-06-04 04:04:04,56520.2,23525.6
2022-06-04 04:04:05,57031.2,23014.6
2022-06-04 04:04:06,57647.4,22398.5
2022-06-04 04:04:07,57814.6,22231.3
2022-06-04 04:04:08,57271.2,22774.8
2022-06-04 04:04:09,56788.5,23257.5
2022-06-04 04:04:10,56407.9,23638.1
2022-06-04 04:04:11,56016.2,24029.8
2022-06-04 04:04:12,56593,23453
2022-06-04 04:04:13,56009.4,24036.3
2022-06-04 04:04:14,57796.5,22249.4
2022-06-04 04:04:15,57109.2,22936.8
2022-06-04 04:04:16,56930.3,23115.6
2022-06-04 04:04:17,56973.7,23072.3
2022-06-04 04:04:18,56487.8,23558.2
2022-06-04 04:04:19,56943.7,23102.3
2022-06-04 04:04:20,57241.4,22804.5
2022-06-04 04:04:21,57515,22531
2022-06-04 04:04:22,57216.5,22829.4
2022-06-04 04:04:23,57134.5,22911.5
2022-06-04 04:04:24,57303.2,22742.7
2022-06-04 04:04:25,56937.1,23108.9
2022-06-04 04:04:26,56987.7,23058.3
2022-06-04 04:04:27,57481.5,22564.5
2022-06-04 04:04:28,57584,22462
2022-06-04 04:04:29,56733.4,23312.6
2022-06-04 04:04:30,56082.9,23963
2022-06-04 04:04:31,56552.9,23493
2022-06-04 04:04:32,56682.5,23363.5
2022-06-04 04:04:33,56011.3,24034.6
2022-06-04 04:04:34,57184.8,22861.1
2022-06-04 04:04:35,57513.7,22532.3
2022-06-04 04:04:36,57493.6,22552.4
2022-06-04 04:04:37,57841.8,22204.1
2022-06-04 04:04:38,57566.3,22479.6
2022-06-04 04:04:39,57319.4,22726.5
2022-06-04 04:04:40,56404.9,23641.1
2022-06-04 04:04:41,57316.3,22729.6
2022-06-04 04:04:42,56870.7,23175.3
2022-06-04 04:04:43,55994.6,24051.3
2022-06-04 04:04:44,54834.1,25211.8
2022-06-04 04:04:45,56064.3,23981.7
2022-06-04 04:04:46,56620.7,23425.2
2022-06-04 04:04:47,56652,23393.9
2022-06-04 04:04:48,57742,22304
2022-06-04 04:04:49,57815.5,22230.3
2022-06-04 04:04:50,58757,21289
2022-06-04 04:04:51,58351.7,21694.4
2022-06-04 04:04:52,57319.1,22726.7
2022-06-04 04:04:53,56580.1,23465.9
2022-06-04 04:04:54,55638.5,24407.5
2022-06-04 04:04:55,56127,23919
2022-06-04 04:04:56,56279.6,23766.2
2022-06-04 04:04:57,55621.2,24424.8
2022-06-04 04:04:58,55515.2,24530.8
2022-06-04 04:04:59,56621.9,23423.9
2022-06-04 04:05:00,57286,22759.8
2022-06-04 04:05:01,57864.5,22181.3
2022-06-04 04:05:02,57658.7,22387.2
2022-06-04 04:05:03,57388.8,22657.2
2022-06-04 04:05:04,57914,22131.8
2022-06-04 04:05:05,57565.8,22480.1
2022-06-04 04:05:06,57402.7,22643.1
2022-06-04 04:05:07,56518.8,23527.1
2022-06-04 04:05:08,56268.8,23777.1
2022-06-04 04:05:09,56402.7,23643.2
2022-06-04 04:05:10,56251.2,23794.7
2022-06-04 04:05:11,56158.8,23887.2
2022-06-04 04:05:12,55915.6,24130.3
2022-06-04 04:05:13,55970,24075.9
2022-06-04 04:05:14,57651.1,22394.8
2022-06-04 04:05:15,58078.2,21967.6
2022-06-04 04:05:16,57767.1,22278.9
2022-06-04 04:05:17,57570.6,22475.4
2022-06-04 04:05:18,57329.4,22716.5
2022-06-04 04:05:19,57663.9,22381.9
2022-06-04 04:05:20,57057.1,22988.8
2022-06-04 04:05:21,57018.7,23027.1
2022-06-04 04:05:22,56755.5,23290.4
2022-06-04 04:05:23,56777.2,23268.6
2022-06-04 04:05:24,56728.5,23317.5
2022-06-04 04:05:25,55918.8,24127.3
2022-06-04 04:05:26,57132.2,22913.6
2022-06-04 04:05:27,57151,22894.9
2022-06-04 04:05:28,56917.8,23128.1
2022-06-04 04:05:29,56816.8,23229.2
2022-06-04 04:05:30,56909.8,23136.2
2022-06-04 04:05:31,56594.8,23451.2
2022-06-04 04:05:32,57358,22687.9
2022-06-04 04:05:33,57633.3,22412.6
2022-06-04 04:05:34,58235,21811
2022-06-04 04:05:35,57117.4,22928.5
2022-06-04 04:05:36,56765.5,23280.4
2022-06-04 04:05:37,56105.4,23940.5
2022-06-04 04:05:38,57286.7,22759.2
2022-06-04 04:05:39,56542.6,23503.4
2022-06-04 04:05:40,56950.2,23095.8
2022-06-04 04:05:41,56523.1,23522.9
2022-06-04 04:05:42,56623.6,23422.4
2022-06-04 04:05:43,56643.5,23402.5
2022-06-04 04:05:44,56763.9,23282
2022-06-04 04:05:45,57027.4,23018.5
2022-06-04 04:05:46,56411.1,23634.8
2022-06-04 04:05:47,57381.5,22664.4
2022-06-04 04:05:48,57364.9,22681.1
2022-06-04 04:05:49,56829.9,23215.9
2022-06-04 04:05:50,57486.6,22559.3
2022-06-04 04:05:51,57293.6,22752.4
2022-06-04 04:05:52,56886,23160
2022-06-04 04:05:53,56302.7,23743.3
2022-06-04 04:05:54,56181.4,23864.6
2022-06-04 04:05:55,56232.8,23813.1
2022-06-04 04:05:56,56671.7,23374.2
2022-06-04 04:05:57,57376.4,22669.5
2022-06-04 04:05:58,56575.1,23470.9
2022-06-04 04:05:59,56660.9,23384.9
2022-06-04 04:06:00,56447.1,23598.8
2022-06-04 04:06:01,57226.9,22819.1
2022-06-04 04:06:02,57737.5,22308.4
2022-06-04 04:06:03,57897.2,22148.7
2022-06-04 04:06:04,57664.3,22381.6
2022-06-04 04:06:05,57029.7,23016.1
2022-06-04 04:06:06,56442.2,23603.7
2022-06-04 04:06:07,57299.4,22746.7
2022-06-04 04:06:08,56725.5,23320.5
2022-06-04 04:06:09,56633,23412.9
2022-06-04 04:06:10,56722.2,23323.8
2022-06-04 04:06:11,56233,23813
2022-06-04 04:06:12,57232,22814
2022-06-04 04:06:13,57428.2,22617.8
2022-06-04 04:06:14,56674,23372
2022-06-04 04:06:15,56900.9,23145
2022-06-04 04:06:16,56628,23417.9
2022-06-04 04:06:17,56960.6,23085.2
2022-06-04 04:06:18,56458.6,23587.3
2022-06-04 04:06:19,57719.2,22326.8
2022-06-04 04:06:20,57407.6,22638.3
2022-06-04 04:06:21,56276,23770
2022-06-04 04:06:22,56941.3,23104.5
2022-06-04 04:06:23,56823.9,23222.1
2022-06-04 04:06:24,57353.1,22692.8
2022-06-04 04:06:25,57665.7,22380.3
2022-06-04 04:06:26,57072.7,22973.2
2022-06-04 04:06:27,57109.7,22936.2
2022-06-04 04:06:28,56604,23441.9
2022-06-04 04:06:29,56302.3,23743.6
2022-06-04 04:06:30,56090.4,23955.6
2022-06-04 04:06:31,56672.9,23373.1
2022-06-04 04:06:32,57187.6,22858.3
2022-06-04 04:06:33,57398.5,22647.4
2022-06-04 04:06:34,57421.3,22624.5
2022-06-04 04:06:35,57368.3,22677.6
2022-06-04 04:06:36,57242.1,22803.8
2022-06-04 04:06:37,56505,23541
2022-06-04 04:06:38,56618,23427.9
2022-06-04 04:06:39,56248.5,23797.5
2022-06-04 04:06:40,57414.5,22631.5
2022-06-04 04:06:41,57701,22345
2022-06-04 04:06:42,56779.1,23266.7
2022-06-04 04:06:43,56291.9,23754.1
2022-06-04 04:06:44,55824.7,24221.2
2022-06-04 04:06:45,56085.1,23960.8
2022-06-04 04:06:46,56687.8,23358.1
2022-06-04 04:06:47,57535.8,22510.2
2022-06-04 04:06:48,57391.2,22654.8
2022-06-04 04:06:49,56599.4,23446.6
2022-06-04 04:06:50,57366.4,22679.5
2022-06-04 04:06:51,57897.3,22148.7
2022-06-04 04:06:52,57391.2,22654.7
2022-06-04 04:06:53,57329.7,22716.2
2022-06-04 04:06:54,57585.3,22460.6
2022-06-04 04:06:55,56822.6,23223.3
2022-06-04 04:06:56,56351.4,23694.6
2022-06-04 04:06:57,55780.5,24265.5
2022-06-04 04:06:58,55604.3,24441.8
2022-06-04 04:06:59,56065.6,23980.2
2022-06-04 04:07:00,56525.3,23520.5
2022-06-04 04:07:01,56201.3,23844.6
2022-06-04 04:07:02,57935,22110.9
2022-06-04 04:07:03,57974.9,22071.1
2022-06-04 04:07:04,58502.7,21543.3
2022-06-04 04:07:05,57997.5,22048.5
2022-06-04 04:07:06,57567.5,22478.3
2022-06-04 04:07:07,57438.3,22607.7
2022-06-04 04:07:08,57162.7,22883.2
2022-06-04 04:07:09,56814,23232
2022-06-04 04:07:10,56144.9,23901
2022-06-04 04:07:11,55443.6,24602.4
2022-06-04 04:07:12,55980.7,24065.2
2022-06-04 04:07:13,56094,23951.9
2022-06-04 04:07:14,56063,23982.9
2022-06-04 04:07:15,57126.5,22919.4
2022-06-04 04:07:16,56892.4,23153.6
2022-06-04 04:07:17,57054.3,22991.7
2022-06-04 04:07:18,58581.3,21464.6
2022-06-04 04:07:19,57964.7,22081.3
2022-06-04 04:07:20,57065.7,22980.1
2022-06-04 04:07:21,56937.2,23108.8
2022-06-04 04:07:22,56667.9,23377.9
2022-06-04 04:07:23,56346.3,23699.5
2022-06-04 04:07:24,55973.1,24072.9
2022-06-04 04:07:25,56053,23993
2022-06-04 04:07:26,56030.4,24015.4
2022-06-04 04:07:27,55830.9,24215.1
2022-06-04 04:07:28,57829.3,22216.6
2022-06-04 04:07:29,57050.4,22995.6
2022-06-04 04:07:30,57206.6,22839.3
2022-06-04 04:07:31,57585.3,22460.7
2022-06-04 04:07:32,57675,22370.9
2022-06-04 04:07:33,58027.8,22018
2022-06-04 04:07:34,57594.8,22451.2
2022-06-04 04:07:35,57011.7,23034.1
2022-06-04 04:07:36,57167.5,22878.4
2022-06-04 04:07:37,56224.7,23821.3
2022-06-04 04:07:38,55941.9,24104.1
2022-06-04 04:07:39,57068.6,22977.3
2022-06-04 04:07:40,56919.8,23126
2022-06-04 04:07:41,55932.9,24113
2022-06-04 04:07:42,56805.4,23240.5
2022-06-04 04:07:43,56828,23217.8
2022-06-04 04:07:44,56173.9,23872
2022-06-04 04:07:45,56351.7,23694.2
2022-06-04 04:07:46,57654.6,22391.2
2022-06-04 04:07:47,57980.2,22065.8
2022-06-04 04:07:48,58086.5,21959.5
2022-06-04 04:07:49,57492.3,22553.6
2022-06-04 04:07:50,57395.5,22650.4
2022-06-04 04:07:51,57209,22837
2022-06-04 04:07:52,57068.5,22977.4
2022-06-04 04:07:53,56945,23100.9
2022-06-04 04:07:54,56333.5,23712.3
2022-06-04 04:07:55,56089.5,23956.3
2022-06-04 04:07:56,54857.3,25188.7
2022-06-04 04:07:57,56550.7,23495.2
2022-06-04 04:07:58,55911,24135
2022-06-04 04:07:59,56697.1,23348.8
2022-06-04 04:08:00,57028.4,23017.6
2022-06-04 04:08:01,57388.6,22657.2
2022-06-04 04:08:02,58307.8,21738.1
2022-06-04 04:08:03,57923.3,22122.5
2022-06-04 04:08:04,57903.8,22142.2
2022-06-04 04:08:05,57584.8,22461.1
2022-06-04 04:08:06,57221.4,22824.6
2022-06-04 04:08:07,56599.4,23446.5
2022-06-04 04:08:08,56215.4,23830.4
2022-06-04 04:08:09,56119.7,23926.2
2022-06-04 04:08:10,56235.2,23810.7
2022-06-04 04:08:11,55848.4,24197.5
2022-06-04 04:08:12,56856.8,23189
2022-06-04 04:08:13,57164.2,22881.7
2022-06-04 04:08:14,56851.2,23194.7
2022-06-04 04:08:15,57040.1,23005.8
2022-06-04 04:08:16,57720.9,22325.1
2022-06-04 04:08:17,57867.5,22178.4
2022-06-04 04:08:18,57332.5,22713.5
2022-06-04 04:08:19,57222.1,22823.8
2022-06-04 04:08:20,57775.5,22270.4
2022-06-04 04:08:21,57179.2,22866.8
2022-06-04 04:08:22,56104.8,23941.2
2022-06-04 04:08:23,56601.3,23444.6
2022-06-04 04:08:24,56074.8,23971.1
2022-06-04 04:08:25,55449.9,24596.1
2022-06-04 04:08:26,55703.6,24342.3
2022-06-04 04:08:27,56690,23355.8
2022-06-04 04:08:28,56227.8,23818.1
2022-06-04 04:08:29,56208.7,23837.2
2022-06-04 04:08:30,57362.4,22683.5
2022-06-04 04:08:31,59138.4,20907.4
2022-06-04 04:08:32,58678.9,21367.1
2022-06-04 04:08:33,58186.7,21859.2
2022-06-04 04:08:34,57281.9,22764
2022-06-04 04:08:35,56853.3,23192.6
2022-06-04 04:08:36,56039,24006.9
2022-06-04 04:08:37,56377.1,23668.7
2022-06-04 04:08:38,55661.1,24384.8
2022-06-04 04:08:39,55479.1,24566.8
2022-06-04 04:08:40,56001.6,24044.3
2022-06-04 04:08:41,56170.1,23875.7
2022-06-04 04:08:42,57544.8,22501.2
2022-06-04 04:08:43,58105.1,21940.8
2022-06-04 04:08:44,57927.7,22118.2
2022-06-04 04:08:45,58070.8,21975.2
2022-06-04 04:08:46,58037.3,22008.6
2022-06-04 04:08:47,57464.2,22581.8
2022-06-04 04:08:48,56806.5,23239.5
2022-06-04 04:08:49,56192.9,23853.1
2022-06-04 04:08:50,55970,24076
2022-06-04 04:08:51,56471.9,23574.2
2022-06-04 04:08:52,56533.6,23512.5
2022-06-04 04:08:53,57002.7,23043.3
2022-06-04 04:08:54,57207.2,22838.7
2022-06-04 04:08:55,56871.5,23174.4
2022-06-04 04:08:56,56672.1,23373.8
2022-06-04 04:08:57,56823.9,23222
2022-06-04 04:08:58,57570,22476
2022-06-04 04:08:59,57463.8,22582.3
2022-06-04 04:09:00,57009.8,23036.1
2022-06-04 04:09:01,56796.1,23249.9
2022-06-04 04:09:02,56359.6,23686.2
2022-06-04 04:09:03,56440.7,23605.2
2022-06-04 04:09:04,57307.5,22738.4
2022-06-04 04:09:05,58451.6,21594.2
2022-06-04 04:09:06,57428.1,22618
2022-06-04 04:09:07,56461,23585
2022-06-04 04:09:08,56200.8,23845.2
2022-06-04 04:09:09,56352.9,23693
2022-06-04 04:09:10,56703,23342.7
2022-06-04 04:09:11,56978,23067.9
2022-06-04 04:09:12,57184.7,22861.3
2022-06-04 04:09:13,56617.4,23428.5
2022-06-04 04:09:14,56889,23157
2022-06-04 04:09:15,57040.3,23005.6
2022-06-04 04:09:16,57756.3,22289.7
2022-06-04 04:09:17,58174.1,21871.7
2022-06-04 04:09:18,57768.2,22277.6
2022-06-04 04:09:19,57444.9,22601
2022-06-04 04:09:20,56936.8,23109.1
2022-06-04 04:09:21,56437,23608.9
2022-06-04 04:09:22,55562.6,24483.4
2022-06-04 04:09:23,56166.6,23879.5
2022-06-04 04:09:24,55428,24618.1
2022-06-04 04:09:25,55918.9,24127
2022-06-04 04:09:26,57068.6,22977.4
2022-06-04 04:09:27,56128,23917.9
2022-06-04 04:09:28,56943.3,23102.7
2022-06-04 04:09:29,58294.6,21751.4
2022-06-04 04:09:30,58680,21366
2022-06-04 04:09:31,58460.6,21585.4
2022-06-04 04:09:32,57457.6,22588.3
2022-06-04 04:09:33,57411,22635
2022-06-04 04:09:34,57121.7,22924.1
2022-06-04 04:09:35,56035.8,24010.1
2022-06-04 04:09:36,55686.6,24359.3
2022-06-04 04:09:37,54804.2,25241.8
2022-06-04 04:09:38,55286.2,24759.7
2022-06-04 04:09:39,55978.6,24067.3
2022-06-04 04:09:40,57678.8,22367.2
2022-06-04 04:09:41,58121.1,21924.8
2022-06-04 04:09:42,57590,22455.9
2022-06-04 04:09:43,57668.8,22377.3
2022-06-04 04:09:44,57744.2,22301.7
2022-06-04 04:09:45,57907.1,22138.8
2022-06-04 04:09:46,57758.3,22287.7
2022-06-04 04:09:47,57686,22359.9
2022-06-04 04:09:48,57026.1,23019.8
2022-06-04 04:09:49,56254.1,23791.8
2022-06-04 04:09:50,55113.3,24932.6
2022-06-04 04:09:51,55092.3,24953.6
2022-06-04 04:09:52,55212.4,24833.6
2022-06-04 04:09:53,56324.8,23721.2
2022-06-04 04:09:54,57695,22351
2022-06-04 04:09:55,58092.8,21953.2
2022-06-04 04:09:56,57400.3,22645.7
2022-06-04 04:09:57,57323.5,22722.5
2022-06-04 04:09:58,57502.7,22543.2
2022-06-04 04:09:59,57183.6,22862.3
2022-06-04 04:10:00,57365.2,22680.8
2022-06-04 04:10:01,57778.4,22267.6
2022-06-04 04:10:02,56577.8,23468.3
2022-06-04 04:10:03,55797.3,24248.6
2022-06-04 04:10:04,56217.9,23828.1
2022-06-04 04:10:05,55756.2,24289.6
2022-06-04 04:10:06,55866.6,24179.4
2022-06-04 04:10:07,55915.1,24130.8
2022-06-04 04:10:08,56849.1,23196.8
2022-06-04 04:10:09,58112.6,21933.3
2022-06-04 04:10:10,58060.4,21985.5
2022-06-04 04:10:11,57005.6,23040.2
2022-06-04 04:10:12,57522.8,22523.1
2022-06-04 04:10:13,56819.8,23226.2
2022-06-04 04:10:14,56815.5,23230.5
2022-06-04 04:10:15,57469.3,22576.7
2022-06-04 04:10:16,57055.3,22990.6
2022-06-04 04:10:17,56887.2,23158.7
2022-06-04 04:10:18,56752.4,23293.6
2022-06-04 04:10:19,55939.3,24106.8
2022-06-04 04:10:20,56428,23617.8
2022-06-04 04:10:21,56342.8,23703.2
2022-06-04 04:10:22,57233.4,22812.6
2022-06-04 04:10:23,57784.4,22261.6
2022-06-04 04:10:24,57371.9,22674
2022-06-04 04:10:25,57046.2,22999.6
2022-06-04 04:10:26,56113.8,23932.2
2022-06-04 04:10:27,56075.9,23970.2
2022-06-04 04:10:28,56273.1,23772.9
2022-06-04 04:10:29,57065,22980.9
2022-06-04 04:10:30,58629.4,21416.5
2022-06-04 04:10:31,57431.7,22614.2
2022-06-04 04:10:32,56755.4,23290.6
2022-06-04 04:10:33,56261.1,23784.9
2022-06-04 04:10:34,56273.6,23772.4
2022-06-04 04:10:35,56367.9,23677.9
2022-06-04 04:10:36,57153.4,22892.6
2022-06-04 04:10:37,56949.2,23096.7
2022-06-04 04:10:38,56687.6,23358.3
2022-06-04 04:10:39,56248.9,23797
2022-06-04 04:10:40,56859.1,23186.8
2022-06-04 04:10:41,57465.6,22580.3
2022-06-04 04:10:42,57611.1,22434.8
2022-06-04 04:10:43,57173.9,22871.9
2022-06-04 04:10:44,58211.7,21834.2
2022-06-04 04:10:45,57985.8,22060.2
2022-06-04 04:10:46,56733,23313
2022-06-04 04:10:47,56172.1,23873.8
2022-06-04 04:10:48,55231.2,24814.6
2022-06-04 04:10:49,55874.7,24171.2
2022-06-04 04:10:50,56741.8,23304.2
2022-06-04 04:10:51,57050.4,22995.6
2022-06-04 04:10:52,57213.6,22832.4
2022-06-04 04:10:53,57299,22747
2022-06-04 04:10:54,58441.4,21604.5
2022-06-04 04:10:55,57923.9,22122.1
2022-06-04 04:10:56,57834.4,22211.4
2022-06-04 04:10:57,57618.4,22427.6
2022-06-04 04:10:58,57170.9,22874.9
2022-06-04 04:10:59,57118.6,22927.4
2022-06-04 04:11:00,55789.6,24256.3
2022-06-04 04:11:01,55748.5,24297.5
2022-06-04 04:11:02,55173.1,24872.9
2022-06-04 04:11:03,55972.2,24073.8
2022-06-04 04:11:04,56287,23759.1
2022-06-04 04:11:05,57419.3,22626.5
2022-06-04 04:11:06,57808.7,22237.3
2022-06-04 04:11:07,58149.5,21896.4
2022-06-04 04:11:08,58206.3,21839.7
2022-06-04 04:11:09,57551.9,22493.9
2022-06-04 04:11:10,57008,23038.1
2022-06-04 04:11:11,56496.7,23549.2
2022-06-04 04:11:12,56099.6,23946.2
2022-06-04 04:11:13,56060.8,23985.2
2022-06-04 04:11:14,56733.8,23312.2
2022-06-04 04:11:15,55643,24403
2022-06-04 04:11:16,56233.6,23812.3
2022-06-04 04:11:17,57320.7,22725.1
2022-06-04 04:11:18,57856.7,22189.2
2022-06-04 04:11:19,58125.8,21920.2
2022-06-04 04:11:20,57881.2,22164.8
2022-06-04 04:11:21,57357.7,22688.2
2022-06-04 04:11:22,56894.7,23151.2
2022-06-04 04:11:23,56869.7,23176.3
2022-06-04 04:11:24,56902,23144
2022-06-04 04:11:25,56380.3,23665.6
2022-06-04 04:11:26,55921.7,24124.3
2022-06-04 04:11:27,55940.2,24105.6
2022-06-04 04:11:28,56207,23838.9
2022-06-04 04:11:29,56566.9,23478.9
2022-06-04 04:11:30,57582.9,22463.1
2022-06-04 04:11:31,57296.7,22749.4
2022-06-04 04:11:32,56419.1,23626.8
2022-06-04 04:11:33,57034.7,23011.3
2022-06-04 04:11:34,57448.5,22597.4
2022-06-04 04:11:35,56978,23068.1
2022-06-04 04:11:36,56823.3,23222.7
2022-06-04 04:11:37,57497.3,22548.5
2022-06-04 04:11:38,56856.4,23189.5
2022-06-04 04:11:39,56895.2,23150.6
2022-06-04 04:11:40,56759.7,23286.3
2022-06-04 04:11:41,55741.1,24304.7
2022-06-04 04:11:42,56110.6,23935.3
2022-06-04 04:11:43,56420.2,23625.8
2022-06-04 04:11:44,56685,23361
2022-06-04 04:11:45,57007.6,23038.3
2022-06-04 04:11:46,56818.7,23227.2
2022-06-04 04:11:47,56787.9,23258.1
2022-06-04 04:11:48,56765.1,23280.8
2022-06-04 04:11:49,57820.9,22224.9
2022-06-04 04:11:50,57734.5,22311.5
2022-06-04 04:11:51,57371.1,22674.9
2022-06-04 04:11:52,57764.6,22281.3
2022-06-04 04:11:53,56564.1,23481.9
2022-06-04 04:11:54,56074.4,23971.6
2022-06-04 04:11:55,55305.5,24740.4
2022-06-04 04:11:56,55706.9,24339
2022-06-04 04:11:57,56241.9,23804.1
2022-06-04 04:11:58,56602.6,23443.3
2022-06-04 04:11:59,57223.8,22822.1
2022-06-04 04:12:00,57236.3,22809.6
2022-06-04 04:12:01,56603.7,23442.2
2022-06-04 04:12:02,58244.2,21801.9
2022-06-04 04:12:03,57550.8,22495.2
2022-06-04 04:12:04,57044.6,23001.3
2022-06-04 04:12:05,57517.5,22528.4
2022-06-04 04:12:06,56645.2,23400.7
2022-06-04 04:12:07,56661.1,23384.8
2022-06-04 04:12:08,56850.1,23195.8
2022-06-04 04:12:09,56049.5,23996.4
2022-06-04 04:12:10,56154,23891.9
2022-06-04 04:12:11,55981.2,24064.8
2022-06-04 04:12:12,56088.6,23957.3
2022-06-04 04:12:13,56276.6,23769.4
2022-06-04 04:12:14,57404.4,22641.6
2022-06-04 04:12:15,56237.3,23808.6
2022-06-04 04:12:16,57018.8,23027.1
2022-06-04 04:12:17,57432.3,22613.7
2022-06-04 04:12:18,57305.5,22740.5
2022-06-04 04:12:19,58118.9,21927
2022-06-04 04:12:20,58691.2,21354.7
2022-06-04 04:12:21,57632.9,22413
2022-06-04 04:12:22,56772.7,23273.2
2022-06-04 04:12:23,55740.1,24305.9
2022-06-04 04:12:24,55889.3,24156.5
2022-06-04 04:12:25,55586.5,24459.4
2022-06-04 04:12:26,55492.4,24553.4
2022-06-04 04:12:27,55958,24087.9
2022-06-04 04:12:28,56784.9,23260.9
2022-06-04 04:12:29,56577,23469
2022-06-04 04:12:30,57566.8,22479.1
2022-06-04 04:12:31,58815.8,21230.2
2022-06-04 04:12:32,58194,21852
2022-06-04 04:12:33,57929.7,22116.1
2022-06-04 04:12:34,57790.5,22255.5
2022-06-04 04:12:35,56767.1,23278.7
2022-06-04 04:12:36,56340.1,23705.8
2022-06-04 04:12:37,55366.8,24679.2
2022-06-04 04:12:38,55309.8,24736.2
2022-06-04 04:12:39,55404.8,24641.2
2022-06-04 04:12:40,55417.7,24628.2
2022-06-04 04:12:41,57446.2,22599.8
2022-06-04 04:12:42,58470.2,21575.6
2022-06-04 04:12:43,57883.7,22162.3
2022-06-04 04:12:44,57915.2,22130.8
2022-06-04 04:12:45,57566.6,22479.3
2022-06-04 04:12:46,57711.4,22334.5
2022-06-04 04:12:47,57435.2,22610.8
2022-06-04 04:12:48,56918.3,23127.5
2022-06-04 04:12:49,56740.5,23305.5
2022-06-04 04:12:50,55927.5,24118.3
2022-06-04 04:12:51,56056.5,23989.4
2022-06-04 04:12:52,56108.1,23937.9
2022-06-04 04:12:53,56694.7,23351.2
2022-06-04 04:12:54,56993.1,23053
2022-06-04 04:12:55,57603.7,22442.2
2022-06-04 04:12:56,57526.7,22519.1
2022-06-04 04:12:57,57279.5,22766.3
2022-06-04 04:12:58,56658.3,23387.5
2022-06-04 04:12:59,56497.6,23548.3
2022-06-04 04:13:00,56867.7,23178.4
2022-06-04 04:13:01,57710.9,22335
2022-06-04 04:13:02,56723.5,23322.5
2022-06-04 04:13:03,56803.3,23242.6
2022-06-04 04:13:04,57104.1,22941.8
2022-06-04 04:13:05,56829.7,23216.3
2022-06-04 04:13:06,57268.1,22777.8
2022-06-04 04:13:07,57071,22974.9
2022-06-04 04:13:08,56374.3,23671.6
2022-06-04 04:13:09,55958,24087.9
2022-06-04 04:13:10,57464.2,22581.7
2022-06-04 04:13:11,56749.2,23296.8
2022-06-04 04:13:12,56488.2,23557.7
2022-06-04 04:13:13,56711.3,23334.6
2022-06-04 04:13:14,56951.1,23094.9
2022-06-04 04:13:15,57123.2,22922.7
2022-06-04 04:13:16,58008.2,22037.6
2022-06-04 04:13:17,57818.7,22227.2
2022-06-04 04:13:18,57222.2,22823.8
2022-06-04 04:13:19,56909.2,23136.7
2022-06-04 04:13:20,56815,23231
2022-06-04 04:13:21,56190.5,23855.4
2022-06-04 04:13:22,56615.4,23430.5
2022-06-04 04:13:23,56226.5,23819.3
2022-06-04 04:13:24,56959.7,23086.2
2022-06-04 04:13:25,57010,23035.9
2022-06-04 04:13:26,57482.1,22563.9
2022-06-04 04:13:27,57763.8,22282.1
2022-06-04 04:13:28,57560.5,22485.4
2022-06-04 04:13:29,57788.7,22257.2
2022-06-04 04:13:30,57368.8,22677
2022-06-04 04:13:31,57783.1,22262.8
2022-06-04 04:13:32,56550.3,23495.6
2022-06-04 04:13:33,56378,23667.9
2022-06-04 04:13:34,56370.4,23675.4
2022-06-04 04:13:35,56707.3,23338.7
2022-06-04 04:13:36,56657.8,23388.2
2022-06-04 04:13:37,56787.6,23258.4
2022-06-04 04:13:38,57094.2,22951.8
2022-06-04 04:13:39,57108.3,22937.6
2022-06-04 04:13:40,57134.4,22911.5
2022-06-04 04:13:41,57122.6,22923.3
2022-06-04 04:13:42,56852.2,23193.7
2022-06-04 04:13:43,57086.2,22959.6
2022-06-04 04:13:44,57819.7,22226.2
2022-06-04 04:13:45,57259,22787
2022-06-04 04:13:46,57175.4,22870.6
2022-06-04 04:13:47,56815.4,23230.5
2022-06-04 04:13:48,56331.4,23714.5
2022-06-04 04:13:49,56558.8,23487.1
2022-06-04 04:13:50,57232.3,22813.5
2022-06-04 04:13:51,57338.7,22707.4
2022-06-04 04:13:52,56931.8,23114.2
2022-06-04 04:13:53,56441.7,23604.1
2022-06-04 04:13:54,56352.9,23693.1
2022-06-04 04:13:55,56986,23060
2022-06-04 04:13:56,56991.3,23054.7
2022-06-04 04:13:57,57442,22603.9
2022-06-04 04:13:58,57955,22091
2022-06-04 04:13:59,57280.5,22765.5
2022-06-04 04:14:00,57050.8,22995.2
2022-06-04 04:14:01,56551.6,23494.2
2022-06-04 04:14:02,57513.1,22532.8
2022-06-04 04:14:03,57338.1,22707.8
2022-06-04 04:14:04,57229.2,22816.6
2022-06-04 04:14:05,57093.5,22952.5
2022-06-04 04:14:06,56800.5,23245.4
2022-06-04 04:14:07,56682.7,23363.2
2022-06-04 04:14:08,56064.4,23981.6
2022-06-04 04:14:09,56219.5,23826.4
2022-06-04 04:14:10,57349.7,22696.2
2022-06-04 04:14:11,57460.2,22585.6
2022-06-04 04:14:12,57108.9,22937
2022-06-04 04:14:13,57763.1,22282.9
2022-06-04 04:14:14,56961.1,23084.8
2022-06-04 04:14:15,57390.5,22655.4
2022-06-04 04:14:16,56542.2,23503.8
2022-06-04 04:14:17,56151.1,23894.8
2022-06-04 04:14:18,57647.1,22398.7
2022-06-04 04:14:19,57745.4,22300.6
2022-06-04 04:14:20,57038.9,23007
2022-06-04 04:14:21,56471.1,23574.9
2022-06-04 04:14:22,56463.3,23582.7
2022-06-04 04:14:23,55914.2,24131.8
2022-06-04 04:14:24,56194.9,23850.9
2022-06-04 04:14:25,56399.8,23646.2
2022-06-04 04:14:26,57188.1,22857.9
2022-06-04 04:14:27,58395.7,21650.2
2022-06-04 04:14:28,58720.7,21325.3
2022-06-04 04:14:29,57606.1,22439.8
2022-06-04 04:14:30,57119.2,22926.7
2022-06-04 04:14:31,57407.6,22638.3
2022-06-04 04:14:32,57340.6,22705.3
2022-06-04 04:14:33,57322.6,22723.3
2022-06-04 04:14:34,56979.2,23066.8
2022-06-04 04:14:35,55927.9,24118.1
2022-06-04 04:14:36,55325.3,24720.6
2022-06-04 04:14:37,55146.3,24899.6
2022-06-04 04:14:38,54999.5,25046.4
2022-06-04 04:14:39,56283.4,23762.6
2022-06-04 04:14:40,58385.9,21660.1
2022-06-04 04:14:41,58103.2,21942.8
2022-06-04 04:14:42,58111.8,21934.1
2022-06-04 04:14:43,57356.5,22689.5
2022-06-04 04:14:44,57778.3,22267.6
2022-06-04 04:14:45,57339.3,22706.6
2022-06-04 04:14:46,57134.1,22911.8
2022-06-04 04:14:47,56611,23434.9
2022-06-04 04:14:48,57161.4,22884.5
2022-06-04 04:14:49,56675.8,23370.1
2022-06-04 04:14:50,55993.6,24052.4
2022-06-04 04:14:51,55413.6,24632.2
2022-06-04 04:14:52,55896.6,24149.3
2022-06-04 04:14:53,57022,23024
2022-06-04 04:14:54,57626.3,22419.6
2022-06-04 04:14:55,58125.9,21920
2022-06-04 04:14:56,57802.7,22243.1
2022-06-04 04:14:57,57569.7,22476.3
2022-06-04 04:14:58,57014.4,23031.7
2022-06-04 04:14:59,56880.3,23165.6
2022-06-04 04:15:00,57222.6,22823.4
2022-06-04 04:15:01,56849.1,23196.8
2022-06-04 04:15:02,57060.1,22985.8
2022-06-04 04:15:03,56628,23417.9
2022-06-04 04:15:04,56182.5,23863.4
2022-06-04 04:15:05,56183.3,23862.7
2022-06-04 04:15:06,56876.2,23169.7
2022-06-04 04:15:07,56654.3,23391.7
2022-06-04 04:15:08,56962,23084
2022-06-04 04:15:09,57064.6,22981.2
2022-06-04 04:15:10,57428.1,22617.8
2022-06-04 04:15:11,57017,23028.9
2022-06-04 04:15:12,56895.5,23150.4
2022-06-04 04:15:13,57580.2,22465.7
2022-06-04 04:15:14,57043.7,23002.2
2022-06-04 04:15:15,56690.4,23355.5
2022-06-04 04:15:16,57147.5,22898.4
2022-06-04 04:15:17,57173.4,22872.5
2022-06-04 04:15:18,56763.6,23282.4
2022-06-04 04:15:19,56442.9,23603
2022-06-04 04:15:20,56079.3,23966.7
2022-06-04 04:15:21,56211.1,23834.9
2022-06-04 04:15:22,56537,23508.9
2022-06-04 04:15:23,56741.9,23304
2022-06-04 04:15:24,57918.2,22127.7
2022-06-04 04:15:25,57093.5,22952.5
2022-06-04 04:15:26,57224.1,22821.8
2022-06-04 04:15:27,57532.4,22513.4
2022-06-04 04:15:28,57698.9,22347
2022-06-04 04:15:29,57157.6,22888.4
2022-06-04 04:15:30,57916.1,22129.9
2022-06-04 04:15:31,57345.6,22700.3
2022-06-04 04:15:32,57082.6,22963.3
2022-06-04 04:15:33,56490.3,23555.7
2022-06-04 04:15:34,55877.1,24168.7
2022-06-04 04:15:35,55353.6,24692.4
2022-06-04 04:15:36,55446.7,24599.2
2022-06-04 04:15:37,55985.6,24060.3
2022-06-04 04:15:38,58299.4,21746.5
2022-06-04 04:15:39,57928.2,22117.7
2022-06-04 04:15:40,57638.6,22407.4
2022-06-04 04:15:41,58924.6,21121.3
2022-06-04 04:15:42,58070.2,21975.6
2022-06-04 04:15:43,57053.7,22992.2
2022-06-04 04:15:44,56681.7,23364.2
2022-06-04 04:15:45,57361.1,22684.9
2022-06-04 04:15:46,56423.1,23622.8
2022-06-04 04:15:47,55648.2,24397.7
2022-06-04 04:15:48,55547.7,24498.1
2022-06-04 04:15:49,55899.4,24146.5
2022-06-04 04:15:50,55914,24132
2022-06-04 04:15:51,56712.4,23333.6
2022-06-04 04:15:52,58659.3,21386.7
2022-06-04 04:15:53,58445.4,21600.5
2022-06-04 04:15:54,58542.1,21503.9
2022-06-04 04:15:55,58577.1,21468.8
2022-06-04 04:15:56,57949.1,22096.9
2022-06-04 04:15:57,57017.6,23028.4
2022-06-04 04:15:58,56388.1,23657.9
2022-06-04 04:15:59,56926.7,23119.3
2022-06-04 04:16:00,56596,23449.9
2022-06-04 04:16:01,56404.8,23641.1
2022-06-04 04:16:02,56149.3,23896.6
2022-06-04 04:16:03,55715.7,24330.4
2022-06-04 04:16:04,55977.2,24068.7
2022-06-04 04:16:05,56145.1,23900.9
2022-06-04 04:16:06,57970.6,22075.5
2022-06-04 04:16:07,58361.3,21684.5
2022-06-04 04:16:08,58132.7,21913.2
2022-06-04 04:16:09,57701.7,22344.2
2022-06-04 04:16:10,57058.3,22987.6
2022-06-04 04:16:11,56380.3,23665.6
2022-06-04 04:16:12,56574,23472
2022-06-04 04:16:13,56942.2,23103.7
2022-06-04 04:16:14,56879.1,23166.8
2022-06-04 04:16:15,56063.2,23982.7
2022-06-04 04:16:16,56934.8,23111.1
2022-06-04 04:16:17,57243.6,22802.3
2022-06-04 04:16:18,56561.4,23484.6
2022-06-04 04:16:19,56274.2,23771.7
2022-06-04 04:16:20,55910.2,24135.7
2022-06-04 04:16:21,57390.2,22655.7
2022-06-04 04:16:22,57427.6,22618.3
2022-06-04 04:16:23,57085.1,22960.9
2022-06-04 04:16:24,57329.3,22716.7
2022-06-04 04:16:25,56084,23962
2022-06-04 04:16:26,55896,24150
2022-06-04 04:16:27,56620.1,23425.8
2022-06-04 04:16:28,57105.5,22940.4
2022-06-04 04:16:29,57833.8,22212.2
2022-06-04 04:16:30,57979.3,22066.6
2022-06-04 04:16:31,57054.3,22991.5
2022-06-04 04:16:32,56625.3,23420.7
2022-06-04 04:16:33,55982,24063.9
2022-06-04 04:16:34,55536.6,24509.4
2022-06-04 04:16:35,56812.5,23233.4
2022-06-04 04:16:36,56915.3,23130.7
2022-06-04 04:16:37,57003,23043
2022-06-04 04:16:38,57331.4,22714.5
2022-06-04 04:16:39,56789,23257
2022-06-04 04:16:40,57126.2,22919.7
2022-06-04 04:16:41,57713.1,22332.7
2022-06-04 04:16:42,57095.5,22950.4
2022-06-04 04:16:43,57851.7,22194.3
2022-06-04 04:16:44,57780.4,22265.6
2022-06-04 04:16:45,57173.2,22872.7
2022-06-04 04:16:46,56638.9,23407
2022-06-04 04:16:47,55363.6,24682.4
2022-06-04 04:16:48,55221.2,24824.7
2022-06-04 04:16:49,55916.7,24129.2
2022-06-04 04:16:50,56755.2,23290.7
2022-06-04 04:16:51,57613.8,22432.1
2022-06-04 04:16:52,57709.6,22336.3
2022-06-04 04:16:53,57768.6,22277.5
2022-06-04 04:16:54,57510.4,22535.5
2022-06-04 04:16:55,57395.1,22650.8
2022-06-04 04:16:56,57828.7,22217.2
2022-06-04 04:16:57,57562.1,22483.9
2022-06-04 04:16:58,57448.2,22597.7
2022-06-04 04:16:59,56662.7,23383.2
2022-06-04 04:17:00,56234.8,23811.2
2022-06-04 04:17:01,55845.6,24200.4
2022-06-04 04:17:02,55971,24074.9
2022-06-04 04:17:03,56361.2,23684.8
2022-06-04 04:17:04,57890.3,22155.6
2022-06-04 04:17:05,58019.8,22026.1
2022-06-04 04:17:06,58227,21818.8
2022-06-04 04:17:07,57705.2,22340.8
2022-06-04 04:17:08,57255.1,22790.8
2022-06-04 04:17:09,57057.3,22988.6
2022-06-04 04:17:10,57541.6,22504.2
2022-06-04 04:17:11,56444.8,23601.1
2022-06-04 04:17:12,57352.1,22693.8
2022-06-04 04:17:13,57156.2,22889.7
2022-06-04 04:17:14,56179.7,23866.3
2022-06-04 04:17:15,56361.7,23684.3
2022-06-04 04:17:16,56544.3,23501.6
2022-06-04 04:17:17,56023,24022.9
2022-06-04 04:17:18,57494.8,22551.2
2022-06-04 04:17:19,56786.2,23259.7
2022-06-04 04:17:20,56793.5,23252.4
2022-06-04 04:17:21,57278.6,22767.4
2022-06-04 04:17:22,56297.6,23748.3
2022-06-04 04:17:23,56648.1,23397.8
2022-06-04 04:17:24,57298.6,22747.3
2022-06-04 04:17:25,56885.2,23160.7
2022-06-04 04:17:26,56764.2,23281.7
2022-06-04 04:17:27,57155.1,22890.8
2022-06-04 04:17:28,56936.6,23109.4
2022-06-04 04:17:29,57601,22445
2022-06-04 04:17:30,57113.3,22932.6
2022-06-04 04:17:31,56124.5,23921.3
2022-06-04 04:17:32,56657,23389
2022-06-04 04:17:33,56462.5,23583.4
2022-06-04 04:17:34,56834,23211.8
2022-06-04 04:17:35,56694.8,23351.1
2022-06-04 04:17:36,57323.8,22722.1
2022-06-04 04:17:37,57316.2,22729.7
2022-06-04 04:17:38,57162.2,22883.7
2022-06-04 04:17:39,56945.2,23100.8
2022-06-04 04:17:40,57295.6,22750.3
2022-06-04 04:17:41,57511.1,22534.9
2022-06-04 04:17:42,57855.9,22190.1
2022-06-04 04:17:43,57092.7,22953.1
2022-06-04 04:17:44,56377.3,23668.8
2022-06-04 04:17:45,55705.3,24340.7
2022-06-04 04:17:46,56018.3,24027.6
2022-06-04 04:17:47,56169.8,23876.1
2022-06-04 04:17:48,56704.5,23341.4
2022-06-04 04:17:49,56573.7,23472.3
2022-06-04 04:17:50,57203.4,22842.5
2022-06-04 04:17:51,58121.3,21924.6
2022-06-04 04:17:52,57681,22364.9
2022-06-04 04:17:53,57571.9,22474
2022-06-04 04:17:54,56959.9,23086.1
2022-06-04 04:17:55,57547.3,22498.7
2022-06-04 04:17:56,57613.6,22432.4
2022-06-04 04:17:57,57619,22426.9
2022-06-04 04:17:58,57315,22731
2022-06-04 04:17:59,56475.5,23570.4
2022-06-04 04:18:00,56091.3,23954.7
2022-06-04 04:18:01,55922.1,24123.8
2022-06-04 04:18:02,56335.4,23710.5
2022-06-04 04:18:03,57208.3,22837.6
2022-06-04 04:18:04,57436.8,22609.1
2022-06-04 04:18:05,56622.1,23423.9
2022-06-04 04:18:06,57550.1,22495.8
2022-06-04 04:18:07,58072.6,21973.3
2022-06-04 04:18:08,58406.1,21639.9
2022-06-04 04:18:09,59636.4,20409.5
2022-06-04 04:18:10,59179.3,20866.6
2022-06-04 04:18:11,58646.3,21399.5
2022-06-04 04:18:12,58226,21819.8
2022-06-04 04:18:13,57389.6,22656.3
2022-06-04 04:18:14,57388.8,22657.1
2022-06-04 04:18:15,57393.5,22652.4
2022-06-04 04:18:16,57516.6,22529.3
2022-06-04 04:18:17,57702.7,22343.3
2022-06-04 04:18:18,57342.7,22703.2
2022-06-04 04:18:19,58056.1,21989.9
2022-06-04 04:18:20,57862.6,22183.3
2022-06-04 04:18:21,58620.3,21425.6
2022-06-04 04:18:22,58577.5,21468.4
2022-06-04 04:18:23,58567.8,21478
2022-06-04 04:18:24,58953.9,21092.1
2022-06-04 04:18:25,58514.9,21531
2022-06-04 04:18:26,57981.2,22064.7
2022-06-04 04:18:27,57890.9,22155
2022-06-04 04:18:28,57066.4,22979.6
2022-06-04 04:18:29,57368.5,22677.5
2022-06-04 04:18:30,57191.6,22854.2
2022-06-04 04:18:31,58167.7,21878.3
2022-06-04 04:18:32,58284.9,21761.1
2022-06-04 04:18:33,58148.4,21897.6
2022-06-04 04:18:34,57931.9,22114
2022-06-04 04:18:35,57679.1,22366.8
2022-06-04 04:18:36,58373.8,21672.1
2022-06-04 04:18:37,58984.6,21061.4
2022-06-04 04:18:38,59207.9,20838
2022-06-04 04:18:39,59131.2,20914.7
2022-06-04 04:18:40,58364.4,21681.5
2022-06-04 04:18:41,57576.7,22469.4
2022-06-04 04:18:42,57675.1,22370.9
2022-06-04 04:18:43,57515.4,22530.7
2022-06-04 04:18:44,57874.9,22171.1
2022-06-04 04:18:45,57893.1,22152.8
2022-06-04 04:18:46,58118.6,21927.2
2022-06-04 04:18:47,57681.9,22363.9
2022-06-04 04:18:48,57618.7,22427.2
2022-06-04 04:18:49,57651.4,22394.5
2022-06-04 04:18:50,57933.9,22112
2022-06-04 04:18:51,58370.3,21675.6
2022-06-04 04:18:52,59594.8,20451.2
2022-06-04 04:18:53,59281.5,20764.3
2022-06-04 04:18:54,58853.4,21192.4
2022-06-04 04:18:55,57798.6,22247.3
2022-06-04 04:18:56,57510.6,22535.4
2022-06-04 04:18:57,56864.2,23181.8
2022-06-04 04:18:58,57514.1,22531.9
2022-06-04 04:18:59,57470.7,22575.2
2022-06-04 04:19:00,58383.1,21663
2022-06-04 04:19:01,57868.5,22177.5
2022-06-04 04:19:02,57518.9,22527
2022-06-04 04:19:03,57695.5,22350.4
2022-06-04 04:19:04,57718,22327.9
2022-06-04 04:19:05,59247.6,20798.5
2022-06-04 04:19:06,59244.3,20801.7
2022-06-04 04:19:07,59067,20978.9
2022-06-04 04:19:08,58257.9,21788
2022-06-04 04:19:09,58345.4,21700.5
2022-06-04 04:19:10,57793.3,22252.7
2022-06-04 04:19:11,57349,22696.9
2022-06-04 04:19:12,56677.1,23368.8
2022-06-04 04:19:13,57666.6,22379.5
2022-06-04 04:19:14,58294.7,21751.4
2022-06-04 04:19:15,58564.8,21481.1
2022-06-04 04:19:16,57979.7,22066.2
2022-06-04 04:19:17,58339.7,21706.2
2022-06-04 04:19:18,57892.3,22153.7
2022-06-04 04:19:19,57342.9,22703
2022-06-04 04:19:20,59244.6,20801.3
2022-06-04 04:19:21,58840.1,21205.8
2022-06-04 04:19:22,58363.5,21682.3
2022-06-04 04:19:23,57813.2,22232.8
2022-06-04 04:19:24,58094.2,21951.7
2022-06-04 04:19:25,57673.4,22372.5
2022-06-04 04:19:26,57061.7,22984.2
2022-06-04 04:19:27,57639.8,22406.2
2022-06-04 04:19:28,58793.4,21252.5
2022-06-04 04:19:29,58323.8,21722.1
2022-06-04 04:19:30,58182.5,21863.5
2022-06-04 04:19:31,57798.4,22247.5
2022-06-04 04:19:32,57592.8,22453.1
2022-06-04 04:19:33,57970.6,22075.3
2022-06-04 04:19:34,58530.6,21515.3
2022-06-04 04:19:35,58836.7,21209.2
2022-06-04 04:19:36,59078.7,20967.2
2022-06-04 04:19:37,58457.4,21588.6
2022-06-04 04:19:38,58271.9,21774
2022-06-04 04:19:39,57769.9,22276
2022-06-04 04:19:40,56885.5,23160.6
2022-06-04 04:19:41,56787.9,23258.1
2022-06-04 04:19:42,57876.2,22169.7
2022-06-04 04:19:43,58678.2,21367.8
2022-06-04 04:19:44,58894.4,21151.6
2022-06-04 04:19:45,58553,21492.9
2022-06-04 04:19:46,58510.7,21535.2
2022-06-04 04:19:47,57918.4,22127.6
2022-06-04 04:19:48,58833.5,21212.4
2022-06-04 04:19:49,58725.3,21320.6
2022-06-04 04:19:50,58253.7,21792.3
2022-06-04 04:19:51,57629.6,22416.4
2022-06-04 04:19:52,57508.9,22537.1
2022-06-04 04:19:53,57474.9,22571
2022-06-04 04:19:54,56722.2,23323.7
2022-06-04 04:19:55,57297.4,22748.6
2022-06-04 04:19:56,57479,22566.8
2022-06-04 04:19:57,58224.6,21821.3
2022-06-04 04:19:58,59471.4,20574.6
2022-06-04 04:19:59,59614.1,20431.7
2022-06-04 04:20:00,59296.5,20749.5
2022-06-04 04:20:01,58860.9,21185
2022-06-04 04:20:02,58314.3,21731.6
2022-06-04 04:20:03,57618.7,22427.2
2022-06-04 04:20:04,57728.2,22317.8
2022-06-04 04:20:05,56975,23070.9
2022-06-04 04:20:06,58169.5,21876.4
2022-06-04 04:20:07,57721.8,22324
2022-06-04 04:20:08,57704.6,22341.2
2022-06-04 04:20:09,57292.9,22753.1
2022-06-04 04:20:10,57644.1,22401.8
2022-06-04 04:20:11,58338,21707.9
2022-06-04 04:20:12,58814.7,21231.2
2022-06-04 04:20:13,59435.1,20610.8
2022-06-04 04:20:14,59367.2,20678.7
2022-06-04 04:20:15,58459.1,21586.9
2022-06-04 04:20:16,58188.6,21857.2
2022-06-04 04:20:17,57886.2,22159.8
2022-06-04 04:20:18,57520.1,22525.9
2022-06-04 04:20:19,57809.8,22236.2
2022-06-04 04:20:20,58059.8,21986.1
2022-06-04 04:20:21,58005.3,22040.7
2022-06-04 04:20:22,57515.8,22530.2
2022-06-04 04:20:23,57198.8,22847.2
2022-06-04 04:20:24,56946.4,23099.5
2022-06-04 04:20:25,58081.3,21964.7
2022-06-04 04:20:26,59491.7,20554.2
2022-06-04 04:20:27,59665.2,20380.8
2022-06-04 04:20:28,59023.1,21022.7
2022-06-04 04:20:29,58543.6,21502.3
2022-06-04 04:20:30,58002.6,22043.3
2022-06-04 04:20:31,58212.9,21833.2
2022-06-04 04:20:32,57752.4,22293.4
2022-06-04 04:20:33,57869,22176.8
2022-06-04 04:20:34,58396.9,21649
2022-06-04 04:20:35,57374.7,22671.1
2022-06-04 04:20:36,56764,23281.8
2022-06-04 04:20:37,56764.1,23281.9
2022-06-04 04:20:38,56902.9,23143
2022-06-04 04:20:39,58434.8,21611.2
2022-06-04 04:20:40,59334,20711.9
2022-06-04 04:20:41,59262.8,20783.2
2022-06-04 04:20:42,59300.3,20745.6
2022-06-04 04:20:43,58768.8,21277.2
2022-06-04 04:20:44,58345.3,21700.7
2022-06-04 04:20:45,57977,22069
2022-06-04 04:20:46,57913.1,22132.8
2022-06-04 04:20:47,58257.8,21788.1
2022-06-04 04:20:48,57767.7,22278.2
2022-06-04 04:20:49,57528.1,22517.9
2022-06-04 04:20:50,56548.2,23497.7
2022-06-04 04:20:51,57031.6,23014.3
2022-06-04 04:20:52,57415.6,22630.2
2022-06-04 04:20:53,58608.7,21437.2
2022-06-04 04:20:54,59381.3,20664.7
2022-06-04 04:20:55,59096.8,20949.2
2022-06-04 04:20:56,58885.7,21160.2
2022-06-04 04:20:57,58472.4,21573.6
2022-06-04 04:20:58,58477.8,21568.1
2022-06-04 04:20:59,58096.3,21949.6
2022-06-04 04:21:00,58046.1,21999.8
2022-06-04 04:21:01,57148.5,22897.4
2022-06-04 04:21:02,57887.7,22158.2
2022-06-04 04:21:03,57495.7,22550.2
2022-06-04 04:21:04,57018.4,23027.5
2022-06-04 04:21:05,57135.7,22910.2
2022-06-04 04:21:06,57597.2,22448.6
2022-06-04 04:21:07,58839,21206.8
2022-06-04 04:21:08,58316.9,21729
2022-06-04 04:21:09,59384,20661.9
2022-06-04 04:21:10,58472.7,21573.2
2022-06-04 04:21:11,58425.6,21620.3
2022-06-04 04:21:12,57749.2,22296.7
2022-06-04 04:21:13,57978.8,22067.1
2022-06-04 04:21:14,58024.4,22021.6
2022-06-04 04:21:15,58009.9,22036.1
2022-06-04 04:21:16,57241.8,22804.2
2022-06-04 04:21:17,57045.6,23000.3
2022-06-04 04:21:18,56912.9,23133
2022-06-04 04:21:19,57377.6,22668.3
2022-06-04 04:21:20,58998.7,21047.4
2022-06-04 04:21:21,58773.8,21272.2
2022-06-04 04:21:22,57974.1,22071.9
2022-06-04 04:21:23,58982.5,21063.5
2022-06-04 04:21:24,58764.3,21281.8
2022-06-04 04:21:25,58603.4,21442.6
2022-06-04 04:21:26,58551.1,21494.9
2022-06-04 04:21:27,57677.6,22368.3
2022-06-04 04:21:28,58021.7,22024.3
2022-06-04 04:21:29,57556,22490
2022-06-04 04:21:30,56611.4,23434.6
2022-06-04 04:21:31,57594.7,22451.2
2022-06-04 04:21:32,57460.2,22585.6
2022-06-04 04:21:33,58224.4,21821.5
2022-06-04 04:21:34,59015.1,21030.7
2022-06-04 04:21:35,58921.2,21124.7
2022-06-04 04:21:36,58975,21071
2022-06-04 04:21:37,58547.3,21498.6
2022-06-04 04:21:38,58601.9,21444.1
2022-06-04 04:21:39,58496.7,21549.2
2022-06-04 04:21:40,57804.1,22241.8
2022-06-04 04:21:41,58083,21962.9
2022-06-04 04:21:42,58138.1,21907.8
2022-06-04 04:21:43,57300.4,22745.6
2022-06-04 04:21:44,57292.4,22753.7
2022-06-04 04:21:45,57250,22795.9
2022-06-04 04:21:46,57348.3,22697.6
2022-06-04 04:21:47,58651.7,21394.3
2022-06-04 04:21:48,59383.4,20662.6
2022-06-04 04:21:49,59281.2,20764.6
2022-06-04 04:21:50,58834.2,21211.6
2022-06-04 04:21:51,58126,21920
2022-06-04 04:21:52,57894.6,22151.2
2022-06-04 04:21:53,57628.6,22417.3
2022-06-04 04:21:54,57793,22252.9
2022-06-04 04:21:55,58435.5,21610.6
2022-06-04 04:21:56,58099.1,21946.8
2022-06-04 04:21:57,57827.6,22218.4
2022-06-04 04:21:58,57488,22557.9
2022-06-04 04:21:59,57433.5,22612.4
2022-06-04 04:22:00,57058.5,22987.4
2022-06-04 04:22:01,57941.5,22104.4
2022-06-04 04:22:02,58918.5,21127.4
2022-06-04 04:22:03,58770,21275.9
2022-06-04 04:22:04,59056.8,20989
2022-06-04 04:22:05,58916.2,21129.7
2022-06-04 04:22:06,58757.6,21288.3
2022-06-04 04:22:07,58105.4,21940.5
2022-06-04 04:22:08,57963.9,22082.1
2022-06-04 04:22:09,58076.9,21968.9
2022-06-04 04:22:10,58392.9,21653.1
2022-06-04 04:22:11,57998.2,22047.7
2022-06-04 04:22:12,57033.8,23012.1
2022-06-04 04:22:13,56438.7,23607.2
2022-06-04 04:22:14,56655.1,23390.9
2022-06-04 04:22:15,57670.2,22375.7
2022-06-04 04:22:16,59475.4,20570.6
2022-06-04 04:22:17,59263.5,20782.4
2022-06-04 04:22:18,59094.3,20951.7
2022-06-04 04:22:19,59146.9,20899.1
2022-06-04 04:22:20,58959.6,21086.5
2022-06-04 04:22:21,58306.4,21739.5
2022-06-04 04:22:22,57923.3,22122.7
2022-06-04 04:22:23,57499.1,22546.8
2022-06-04 04:22:24,57538.1,22507.9
2022-06-04 04:22:25,58316.4,21729.4
2022-06-04 04:22:26,58104.8,21941.1
2022-06-04 04:22:27,57630.9,22415
2022-06-04 04:22:28,57290.8,22755.1
2022-06-04 04:22:29,58040.1,22006
2022-06-04 04:22:30,59150.7,20895.2
2022-06-04 04:22:31,59563.9,20482
2022-06-04 04:22:32,60121.5,19924.3
2022-06-04 04:22:33,59450.8,20595
2022-06-04 04:22:34,58513.2,21532.8
2022-06-04 04:22:35,58117.8,21928.1
2022-06-04 04:22:36,58244.1,21801.8
2022-06-04 04:22:37,59010.8,21035.3
2022-06-04 04:22:38,59090.5,20955.5
2022-06-04 04:22:39,59238.1,20807.8
2022-06-04 04:22:40,59650,20396
2022-06-04 04:22:41,58970,21076
2022-06-04 04:22:42,59162.4,20883.6
2022-06-04 04:22:43,58501.5,21544.4
2022-06-04 04:22:44,59303.6,20742.3
2022-06-04 04:22:45,59795.7,20250.2
2022-06-04 04:22:46,60106.3,19939.7
2022-06-04 04:22:47,59653.6,20392.4
2022-06-04 04:22:48,59636.1,20409.8
2022-06-04 04:22:49,59145.4,20900.6
2022-06-04 04:22:50,60164.2,19881.8
2022-06-04 04:22:51,59572.2,20473.8
2022-06-04 04:22:52,59375.7,20670.3
2022-06-04 04:22:53,59417.2,20628.7
2022-06-04 04:22:54,59042.8,21003.2
2022-06-04 04:22:55,58513.3,21532.6
2022-06-04 04:22:56,58756.2,21289.8
2022-06-04 04:22:57,59274.4,20771.5
2022-06-04 04:22:58,59745.6,20300.4
2022-06-04 04:22:59,60144.6,19901.3
2022-06-04 04:23:00,60340.9,19705.1
2022-06-04 04:23:01,59815.4,20230.6
2022-06-04 04:23:02,59825.9,20219.9
2022-06-04 04:23:03,59172.2,20873.9
2022-06-04 04:23:04,59078.6,20967.3
2022-06-04 04:23:05,58679.1,21366.8
2022-06-04 04:23:06,58237.4,21808.5
2022-06-04 04:23:07,58649.9,21396
2022-06-04 04:23:08,59258.7,20787.2
2022-06-04 04:23:09,59778.8,20267.1
2022-06-04 04:23:10,59491.3,20554.6
2022-06-04 04:23:11,59271.2,20774.7
2022-06-04 04:23:12,59726.8,20319.1
2022-06-04 04:23:13,59433.2,20612.7
2022-06-04 04:23:14,59432.6,20613.2
2022-06-04 04:23:15,59511.9,20534.1
2022-06-04 04:23:16,59170.1,20875.8
2022-06-04 04:23:17,59055.4,20990.5
2022-06-04 04:23:18,58788.6,21257.2
2022-06-04 04:23:19,59692.2,20353.7
2022-06-04 04:23:20,59398,20648
2022-06-04 04:23:21,58910.6,21135.3
2022-06-04 04:23:22,59449.8,20596.1
2022-06-04 04:23:23,59680.6,20365.4
2022-06-04 04:23:24,59375.2,20670.7
2022-06-04 04:23:25,59257.8,20788.3
2022-06-04 04:23:26,58562.9,21483.1
2022-06-04 04:23:27,58521.5,21524.4
2022-06-04 04:23:28,58804.7,21241.2
2022-06-04 04:23:29,60100.4,19945.6
2022-06-04 04:23:30,60530.9,19515.1
2022-06-04 04:23:31,60217.9,19828.1
2022-06-04 04:23:32,59879.2,20166.8
2022-06-04 04:23:33,59472.4,20573.5
2022-06-04 04:23:34,59189.8,20856.2
2022-06-04 04:23:35,58943.6,21102.4
2022-06-04 04:23:36,58731.3,21314.7
2022-06-04 04:23:37,58921.2,21124.8
2022-06-04 04:23:38,58838.3,21207.6
2022-06-04 04:23:39,59037.7,21008.1
2022-06-04 04:23:40,59457.8,20588.1
2022-06-04 04:23:41,59124.6,20921.3
2022-06-04 04:23:42,59095.8,20950.2
2022-06-04 04:23:43,60131.1,19915
2022-06-04 04:23:44,60666.4,19379.6
2022-06-04 04:23:45,60080.3,19965.7
2022-06-04 04:23:46,59635.8,20410.2
2022-06-04 04:23:47,58888.9,21157
2022-06-04 04:23:48,58067.2,21978.6
2022-06-04 04:23:49,58358.2,21687.9
2022-06-04 04:23:50,59334.2,20711.8
2022-06-04 04:23:51,59336.3,20709.6
2022-06-04 04:23:52,59555.2,20490.6
2022-06-04 04:23:53,59737.7,20308.3
2022-06-04 04:23:54,59190.3,20855.6
2022-06-04 04:23:55,59672.5,20373.4
2022-06-04 04:23:56,59818.9,20227.1
2022-06-04 04:23:57,60216.2,19829.8
2022-06-04 04:23:58,59994.8,20051.1
2022-06-04 04:23:59,60437.5,19608.4
2022-06-04 04:24:00,61059.7,18986.3
2022-06-04 04:24:01,61212.8,18833
2022-06-04 04:24:02,60664.9,19381
2022-06-04 04:24:03,60524.8,19521.1
2022-06-04 04:24:04,60204.1,19841.8
2022-06-04 04:24:05,60008.4,20037.5
2022-06-04 04:24:06,60112.2,19933.7
2022-06-04 04:24:07,59902.4,20143.6
2022-06-04 04:24:08,60246.1,19799.8
2022-06-04 04:24:09,60213.8,19832.1
2022-06-04 04:24:10,60166.8,19879.1
2022-06-04 04:24:11,60725.3,19320.7
2022-06-04 04:24:12,60389.1,19656.7
2022-06-04 04:24:13,61400.1,18645.8
2022-06-04 04:24:14,61497,18549
2022-06-04 04:24:15,61479,18566.9
2022-06-04 04:24:16,60966.7,19079.3
2022-06-04 04:24:17,60261.1,19784.9
2022-06-04 04:24:18,59529.4,20516.5
2022-06-04 04:24:19,59536.7,20509.1
2022-06-04 04:24:20,59388.7,20657.1
2022-06-04 04:24:21,60249.1,19796.8
2022-06-04 04:24:22,61385.4,18660.6
2022-06-04 04:24:23,60836.1,19209.9
2022-06-04 04:24:24,60731,19314.9
2022-06-04 04:24:25,60892.4,19153.5
2022-06-04 04:24:26,60496.5,19549.3
2022-06-04 04:24:27,60499.6,19546.3
2022-06-04 04:24:28,60799.6,19246.4
2022-06-04 04:24:29,60811.1,19234.8
2022-06-04 04:24:30,60737.4,19308.5
2022-06-04 04:24:31,60707.2,19338.7
2022-06-04 04:24:32,61028.7,19017.2
2022-06-04 04:24:33,60955.1,19090.9
2022-06-04 04:24:34,60564.5,19481.5
2022-06-04 04:24:35,60566.7,19479.3
2022-06-04 04:24:36,60166.5,19879.3
2022-06-04 04:24:37,60100.7,19945.3
2022-06-04 04:24:38,60162.2,19883.7
2022-06-04 04:24:39,59981.7,20064.2
2022-06-04 04:24:40,59433.8,20612.2
2022-06-04 04:24:41,60109.5,19936.5
2022-06-04 04:24:42,61535.7,18510.2
2022-06-04 04:24:43,61934.7,18111.2
2022-06-04 04:24:44,61590,18455.9
2022-06-04 04:24:45,61232.1,18813.7
2022-06-04 04:24:46,61129.9,18916
2022-06-04 04:24:47,60765.9,19279.9
2022-06-04 04:24:48,60410.2,19635.7
2022-06-04 04:24:49,60059.1,19986.7
2022-06-04 04:24:50,59815.3,20230.7
2022-06-04 04:24:51,59738.2,20307.7
2022-06-04 04:24:52,60275,19771
2022-06-04 04:24:53,60759.8,19286.1
2022-06-04 04:24:54,60687.3,19358.6
2022-06-04 04:24:55,60747.9,19298.1
2022-06-04 04:24:56,61381.5,18664.4
2022-06-04 04:24:57,61345.9,18700.1
2022-06-04 04:24:58,61060.9,18985
2022-06-04 04:24:59,60654.6,19391.4
2022-06-04 04:25:00,60487.3,19558.5
2022-06-04 04:25:01,60451.8,19594.2
2022-06-04 04:25:02,60061.3,19984.7
2022-06-04 04:25:03,60288.9,19757
2022-06-04 04:25:04,59730.9,20315.1
2022-06-04 04:25:05,59684.4,20361.5
2022-06-04 04:25:06,60615.7,19430.1
2022-06-04 04:25:07,60340.2,19705.8
2022-06-04 04:25:08,59807.2,20238.6
2022-06-04 04:25:09,60233.5,19812.5
2022-06-04 04:25:10,59945.1,20100.9
2022-06-04 04:25:11,60061.8,19984
2022-06-04 04:25:12,60383.7,19662.2
2022-06-04 04:25:13,59971.6,20074.4
2022-06-04 04:25:14,61061.2,18984.7
2022-06-04 04:25:15,60928,19117.9
2022-06-04 04:25:16,60689.5,19356.4
2022-06-04 04:25:17,60669.2,19376.7
2022-06-04 04:25:18,60716.6,19329.2
2022-06-04 04:25:19,60170.1,19875.7
2022-06-04 04:25:20,59319.3,20726.5
2022-06-04 04:25:21,59039.4,21006.4
2022-06-04 04:25:22,58804.2,21241.6
2022-06-04 04:25:23,59917.1,20128.9
2022-06-04 04:25:24,59874.3,20171.7
2022-06-04 04:25:25,60922.7,19123.3
2022-06-04 04:25:26,61676.9,18369
2022-06-04 04:25:27,61676.3,18369.7
2022-06-04 04:25:28,61368.6,18677.4
2022-06-04 04:25:29,61008.7,19037.2
2022-06-04 04:25:30,60910,19136
2022-06-04 04:25:31,60342.2,19703.8
2022-06-04 04:25:32,59599.3,20446.7
2022-06-04 04:25:33,59441.5,20604.4
2022-06-04 04:25:34,59407.7,20638.2
2022-06-04 04:25:35,59901.8,20144.1
2022-06-04 04:25:36,59937.3,20108.6
2022-06-04 04:25:37,60405.2,19640.8
2022-06-04 04:25:38,60932.1,19113.8
2022-06-04 04:25:39,60853,19192.9
2022-06-04 04:25:40,61137.7,18908.2
2022-06-04 04:25:41,60794.6,19251.4
2022-06-04 04:25:42,60810.3,19235.7
2022-06-04 04:25:43,60552.9,19493.1
2022-06-04 04:25:44,60906.8,19139.1
2022-06-04 04:25:45,60689.7,19356.2
2022-06-04 04:25:46,61416.6,18629.3
2022-06-04 04:25:47,61222.8,18823.1
2022-06-04 04:25:48,60784.3,19261.7
2022-06-04 04:25:49,60121.5,19924.4
2022-06-04 04:25:50,59961.2,20084.6
2022-06-04 04:25:51,59569.6,20476.3
2022-06-04 04:25:52,59451.2,20594.7
2022-06-04 04:25:53,58940.8,21105.1
2022-06-04 04:25:54,61339.1,18706.9
2022-06-04 04:25:55,60876.9,19169
2022-06-04 04:25:56,61185.9,18860
2022-06-04 04:25:57,61494.5,18551.5
2022-06-04 04:25:58,61309,18736.8
2022-06-04 04:25:59,61331.1,18714.8
2022-06-04 04:26:00,61179.2,18866.8
2022-06-04 04:26:01,60889.6,19156.4
2022-06-04 04:26:02,60209.1,19836.9
2022-06-04 04:26:03,59682.5,20363.4
2022-06-04 04:26:04,59640.9,20405
2022-06-04 04:26:05,58983.5,21062.4
2022-06-04 04:26:06,59057.8,20988.2
2022-06-04 04:26:07,59787.6,20258.4
2022-06-04 04:26:08,60453.6,19592.3
2022-06-04 04:26:09,60685.1,19360.8
2022-06-04 04:26:10,61450.3,18595.5
2022-06-04 04:26:11,61399.7,18646.3
2022-06-04 04:26:12,60980.5,19065.4
2022-06-04 04:26:13,60935.3,19110.7
2022-06-04 04:26:14,60870.2,19175.7
2022-06-04 04:26:15,60440.2,19605.8
2022-06-04 04:26:16,60896.2,19149.7
2022-06-04 04:26:17,60671.1,19374.9
2022-06-04 04:26:18,61291.5,18754.5
2022-06-04 04:26:19,60792.5,19253.3
2022-06-04 04:26:20,60352.4,19693.5
2022-06-04 04:26:21,59907.2,20138.7
2022-06-04 04:26:22,59978,20068
2022-06-04 04:26:23,59501.9,20544.1
2022-06-04 04:26:24,60173.3,19872.7
2022-06-04 04:26:25,60412.6,19633.3
2022-06-04 04:26:26,60661.1,19384.9
2022-06-04 04:26:27,61242.5,18803.4
2022-06-04 04:26:28,61311.6,18734.4
2022-06-04 04:26:29,61307.4,18738.6
2022-06-04 04:26:30,61497.4,18548.6
2022-06-04 04:26:31,61118.4,18927.7
2022-06-04 04:26:32,60513,19532.9
2022-06-04 04:26:33,60023.6,20022.3
2022-06-04 04:26:34,59392.3,20653.6
2022-06-04 04:26:35,58652.9,21393.1
2022-06-04 04:26:36,58922.4,21123.5
2022-06-04 04:26:37,59803.8,20242.1
2022-06-04 04:26:38,60360.4,19685.4
2022-06-04 04:26:39,60634.9,19410.8
2022-06-04 04:26:40,61273.1,18772.8
2022-06-04 04:26:41,61650.6,18395.3
2022-06-04 04:26:42,61561.7,18484.3
2022-06-04 04:26:43,61249.5,18796.4
2022-06-04 04:26:44,60875.4,19170.6
2022-06-04 04:26:45,60448.8,19597.3
2022-06-04 04:26:46,60492.6,19553.3
2022-06-04 04:26:47,60182.5,19863.5
2022-06-04 04:26:48,60039.8,20006.2
2022-06-04 04:26:49,60578.7,19467.3
2022-06-04 04:26:50,60470.1,19575.9
2022-06-04 04:26:51,60447.3,19598.7
2022-06-04 04:26:52,59949.2,20096.7
2022-06-04 04:26:53,60209.5,19836.4
2022-06-04 04:26:54,59935.8,20110.1
2022-06-04 04:26:55,60703.5,19342.4
2022-06-04 04:26:56,60964.5,19081.4
2022-06-04 04:26:57,61103,18943
2022-06-04 04:26:58,61059.6,18986.3
2022-06-04 04:26:59,61528.6,18517.3
2022-06-04 04:27:00,61507.7,18538.2
2022-06-04 04:27:01,61173.8,18872.1
2022-06-04 04:27:02,60788.8,19257.1
2022-06-04 04:27:03,60341,19704.8
2022-06-04 04:27:04,59974.1,20071.8
2022-06-04 04:27:05,59157.6,20888.3
2022-06-04 04:27:06,58867.4,21178.6
2022-06-04 04:27:07,59595.7,20450.2
2022-06-04 04:27:08,59779.5,20266.4
2022-06-04 04:27:09,60113.1,19932.8
2022-06-04 04:27:10,61102.9,18943.1
2022-06-04 04:27:11,61682,18363.9
2022-06-04 04:27:12,61786,18259.9
2022-06-04 04:27:13,61427.2,18618.7
2022-06-04 04:27:14,60856.4,19189.5
2022-06-04 04:27:15,60105.4,19940.6
2022-06-04 04:27:16,59894.5,20151.5
2022-06-04 04:27:17,59540.2,20505.7
2022-06-04 04:27:18,59290.5,20755.4
2022-06-04 04:27:19,59728.5,20317.5
2022-06-04 04:27:20,60989,19056.9
2022-06-04 04:27:21,60596.5,19449.4
2022-06-04 04:27:22,61009.9,19036
2022-06-04 04:27:23,60623.7,19422.2
2022-06-04 04:27:24,60314.2,19731.7
2022-06-04 04:27:25,60117.9,19928
2022-06-04 04:27:26,61048.6,18997.4
2022-06-04 04:27:27,60404.2,19641.8
2022-06-04 04:27:28,60713,19332.8
2022-06-04 04:27:29,61015.8,19030.1
2022-06-04 04:27:30,61263.8,18782.2
2022-06-04 04:27:31,60915.4,19130.7
2022-06-04 04:27:32,60986.3,19059.6
2022-06-04 04:27:33,60684.5,19361.4
2022-06-04 04:27:34,60342.3,19703.7
2022-06-04 04:27:35,59723.1,20322.9
2022-06-04 04:27:36,59321.1,20724.8
2022-06-04 04:27:37,59348.3,20697.6
2022-06-04 04:27:38,59212.5,20833.5
2022-06-04 04:27:39,59210.2,20835.7
2022-06-04 04:27:40,61214.7,18831.2
2022-06-04 04:27:41,61303.7,18742.3
2022-06-04 04:27:42,61261,18785
2022-06-04 04:27:43,61660.3,18385.7
2022-06-04 04:27:44,61358.6,18687.4
2022-06-04 04:27:45,60881.6,19164.3
2022-06-04 04:27:46,60436.1,19609.8
2022-06-04 04:27:47,59679.6,20366.4
2022-06-04 04:27:48,59064.8,20981.2
2022-06-04 04:27:49,59797.3,20248.6
2022-06-04 04:27:50,59914.7,20131.3
2022-06-04 04:27:51,60847.3,19198.6
2022-06-04 04:27:52,61037,19008.9
2022-06-04 04:27:53,60883.4,19162.6
2022-06-04 04:27:54,60566.6,19479.3
2022-06-04 04:27:55,60371.1,19674.9
2022-06-04 04:27:56,60714,19331.9
2022-06-04 04:27:57,60845,19200.9
2022-06-04 04:27:58,60521.5,19524.5
2022-06-04 04:27:59,60346.4,19699.6
2022-06-04 04:28:00,60122.1,19923.8
2022-06-04 04:28:01,60501.2,19544.8
2022-06-04 04:28:02,61254.1,18791.9
2022-06-04 04:28:03,60834.5,19211.5
2022-06-04 04:28:04,61017.3,19028.5
2022-06-04 04:28:05,60971.6,19074.3
2022-06-04 04:28:06,60436.6,19609.3
2022-06-04 04:28:07,59922.6,20123.4
2022-06-04 04:28:08,59623.3,20422.7
2022-06-04 04:28:09,58833.4,21212.5
2022-06-04 04:28:10,59617.6,20428.3
2022-06-04 04:28:11,60839.3,19206.6
2022-06-04 04:28:12,61535.8,18510.1
2022-06-04 04:28:13,61429.6,18616.3
2022-06-04 04:28:14,61501.2,18544.7
2022-06-04 04:28:15,61058.2,18987.8
2022-06-04 04:28:16,60515.1,19530.9
2022-06-04 04:28:17,59871.3,20174.7
2022-06-04 04:28:18,59715.8,20330.1
2022-06-04 04:28:19,59955.8,20090.2
2022-06-04 04:28:20,59771,20275
2022-06-04 04:28:21,60044.6,20001.3
2022-06-04 04:28:22,60176.9,19869
2022-06-04 04:28:23,60273.7,19772.3
2022-06-04 04:28:24,60010.9,20035
2022-06-04 04:28:25,59822.7,20223.2
2022-06-04 04:28:26,60557.1,19488.8
2022-06-04 04:28:27,60908.4,19137.5
2022-06-04 04:28:28,60957.6,19088.3
2022-06-04 04:28:29,60605.4,19440.4
2022-06-04 04:28:30,60854.9,19190.9
2022-06-04 04:28:31,60453.2,19592.8
2022-06-04 04:28:32,60002.1,20043.8
2022-06-04 04:28:33,60821,19225
2022-06-04 04:28:34,60905.3,19140.6
2022-06-04 04:28:35,61238.9,18807.1
2022-06-04 04:28:36,61094.8,18951.1
2022-06-04 04:28:37,60586.5,19459.3
2022-06-04 04:28:38,60050.8,19995.2
2022-06-04 04:28:39,59666.1,20379.8
2022-06-04 04:28:40,59218.9,20827.1
2022-06-04 04:28:41,59751.5,20294.4
2022-06-04 04:28:42,60698.2,19347.6
2022-06-04 04:28:43,60950.3,19095.6
2022-06-04 04:28:44,61698.4,18347.6
2022-06-04 04:28:45,61382.7,18663.3
2022-06-04 04:28:46,61326.1,18719.7
2022-06-04 04:28:47,60844.2,19201.8
2022-06-04 04:28:48,60320.7,19725.1
2022-06-04 04:28:49,60141.7,19904.2
2022-06-04 04:28:50,60258.9,19787
2022-06-04 04:28:51,60116.4,19929.5
2022-06-04 04:28:52,59933.1,20112.8
2022-06-04 04:28:53,60464.4,19581.4
2022-06-04 04:28:54,60572.1,19473.8
2022-06-04 04:28:55,60660.5,19385.4
2022-06-04 04:28:56,60650.6,19395.3
2022-06-04 04:28:57,61042.9,19002.9
2022-06-04 04:28:58,61090.3,18955.6
2022-06-04 04:28:59,60818.7,19227.2
2022-06-04 04:29:00,60360.4,19685.6
2022-06-04 04:29:01,59927.3,20118.6
2022-06-04 04:29:02,60547.3,19498.7
2022-06-04 04:29:03,61006.1,19039.9
2022-06-04 04:29:04,61405.7,18640.3
2022-06-04 04:29:05,61762.2,18283.8
2022-06-04 04:29:06,61387.1,18658.8
2022-06-04 04:29:07,60937.8,19108.1
2022-06-04 04:29:08,60446,19599.9
2022-06-04 04:29:09,59881.6,20164.4
2022-06-04 04:29:10,59224.6,20821.3
2022-06-04 04:29:11,58579.2,21466.8
2022-06-04 04:29:12,58970.7,21075.2
2022-06-04 04:29:13,60672.8,19373.2
2022-06-04 04:29:14,60389.9,19656
2022-06-04 04:29:15,61098.6,18947.3
2022-06-04 04:29:16,61495.4,18550.6
2022-06-04 04:29:17,61383,18663
2022-06-04 04:29:18,61147.8,18898.2
2022-06-04 04:29:19,60840.1,19205.8
2022-06-04 04:29:20,60643.7,19402.3
2022-06-04 04:29:21,60202,19844
2022-06-04 04:29:22,59737.4,20308.5
2022-06-04 04:29:23,59977.4,20068.6
2022-06-04 04:29:24,60121.9,19924
2022-06-04 04:29:25,60455.1,19590.9
2022-06-04 04:29:26,60448.8,19597.1
2022-06-04 04:29:27,60755.6,19290.4
2022-06-04 04:29:28,61150.9,18895.1
2022-06-04 04:29:29,61312.1,18733.8
2022-06-04 04:29:30,60827.1,19218.8
2022-06-04 04:29:31,60861.3,19184.7
2022-06-04 04:29:32,60740.9,19305
2022-06-04 04:29:33,60264.8,19781.2
2022-06-04 04:29:34,60708.3,19337.6
2022-06-04 04:29:35,61645.1,18400.8
2022-06-04 04:29:36,61380,18665.9
2022-06-04 04:29:37,60510.9,19535.2
2022-06-04 04:29:38,60428.8,19617.1
2022-06-04 04:29:39,59837.6,20208.3
2022-06-04 04:29:40,58983.4,21062.5
2022-06-04 04:29:41,58936.2,21109.7
2022-06-04 04:29:42,59872.7,20173.2
2022-06-04 04:29:43,59895.1,20150.8
2022-06-04 04:29:44,60102.9,19943.1
2022-06-04 04:29:45,60884.5,19161.4
2022-06-04 04:29:46,60891,19155
2022-06-04 04:29:47,61523.7,18522.2
2022-06-04 04:29:48,61389.9,18656.1
2022-06-04 04:29:49,61333.1,18712.8
2022-06-04 04:29:50,61315.1,18730.9
2022-06-04 04:29:51,60734.2,19311.8
2022-06-04 04:29:52,60105.6,19940.4
2022-06-04 04:29:53,59557.2,20488.5
2022-06-04 04:29:54,59638.7,20407.2
2022-06-04 04:29:55,59297.8,20748.3
2022-06-04 04:29:56,59052.6,20993.3
2022-06-04 04:29:57,59989.3,20056.7
2022-06-04 04:29:58,61539.9,18506
2022-06-04 04:29:59,61437.4,18608.5
2022-06-04 04:30:00,61790.5,18255.4
2022-06-04 04:30:01,61224.9,18821.2
2022-06-04 04:30:02,60733.1,19312.8
2022-06-04 04:30:03,60226.8,19819.1
2022-06-04 04:30:04,60627.7,19418.3
2022-06-04 04:30:05,60428.9,19617
2022-06-04 04:30:06,60742.6,19303.3
2022-06-04 04:30:07,60272.2,19773.6
2022-06-04 04:30:08,60880.4,19165.4
2022-06-04 04:30:09,60479.2,19566.8
2022-06-04 04:30:10,60144.3,19901.5
2022-06-04 04:30:11,60152.1,19893.7
2022-06-04 04:30:12,59823.2,20222.8
2022-06-04 04:30:13,59751,20295
2022-06-04 04:30:14,60917,19129
2022-06-04 04:30:15,61318.5,18727.3
2022-06-04 04:30:16,60893.2,19152.8
2022-06-04 04:30:17,61071,18974.9
2022-06-04 04:30:18,61293,18753
2022-06-04 04:30:19,61312,18734
2022-06-04 04:30:20,60730.2,19315.8
2022-06-04 04:30:21,60752.1,19293.9
2022-06-04 04:30:22,60603.7,19442.3
2022-06-04 04:30:23,59887.8,20158.1
2022-06-04 04:30:24,59214.2,20831.8
2022-06-04 04:30:25,59806.7,20239.3
2022-06-04 04:30:26,59582.4,20463.6
2022-06-04 04:30:27,59748.9,20296.9
2022-06-04 04:30:28,60505,19540.8
2022-06-04 04:30:29,61308.4,18737.6
2022-06-04 04:30:30,61635.8,18410.2
2022-06-04 04:30:31,61652,18393.9
2022-06-04 04:30:32,61258.4,18787.6
2022-06-04 04:30:33,61120.1,18925.9
2022-06-04 04:30:34,60515.6,19530.4
2022-06-04 04:30:35,60101.5,19944.4
2022-06-04 04:30:36,60334.8,19711.1
2022-06-04 04:30:37,60235.6,19810.4
2022-06-04 04:30:38,59803.7,20242.2
2022-06-04 04:30:39,60341.6,19704.3
2022-06-04 04:30:40,60621.4,19424.5
2022-06-04 04:30:41,60224.9,19821
2022-06-04 04:30:42,60292.1,19753.9
2022-06-04 04:30:43,60101.3,19944.6
2022-06-04 04:30:44,60351.6,19694.3
2022-06-04 04:30:45,60760.8,19285.2
2022-06-04 04:30:46,60620.9,19425
2022-06-04 04:30:47,60631.7,19414.2
2022-06-04 04:30:48,61267.7,18778.3
2022-06-04 04:30:49,61229.3,18816.6
2022-06-04 04:30:50,60872.7,19173.2
2022-06-04 04:30:51,60983.9,19062
2022-06-04 04:30:52,60778.5,19267.5
2022-06-04 04:30:53,60528.1,19517.9
2022-06-04 04:30:54,59768.2,20277.8
2022-06-04 04:30:55,59313.4,20732.5
2022-06-04 04:30:56,58709.2,21336.7
2022-06-04 04:30:57,58628.6,21417.3
2022-06-04 04:30:58,59179.1,20866.9
2022-06-04 04:30:59,60791.7,19254.2
2022-06-04 04:31:00,61538.8,18507.1
2022-06-04 04:31:01,61731.8,18314
2022-06-04 04:31:02,61877.2,18168.6
2022-06-04 04:31:03,61417.5,18628.5
2022-06-04 04:31:04,61093.3,18952.7
2022-06-04 04:31:05,60510.7,19535.2
2022-06-04 04:31:06,60098.5,19947.5
2022-06-04 04:31:07,59466.5,20579.6
2022-06-04 04:31:08,59551.9,20494.1
2022-06-04 04:31:09,59999.5,20046.4
2022-06-04 04:31:10,60557.3,19488.7
2022-06-04 04:31:11,60201.8,19844.2
2022-06-04 04:31:12,60325.9,19719.9
2022-06-04 04:31:13,60302.5,19743.4
2022-06-04 04:31:14,60391.9,19654
2022-06-04 04:31:15,60519.4,19526.5
2022-06-04 04:31:16,61295.4,18750.5
2022-06-04 04:31:17,60627.1,19418.9
2022-06-04 04:31:18,60647.2,19398.7
2022-06-04 04:31:19,60610.5,19435.5
2022-06-04 04:31:20,61048.7,18997.3
2022-06-04 04:31:21,61185,18860.8
2022-06-04 04:31:22,61128.7,18917.2
2022-06-04 04:31:23,60856.4,19189.5
2022-06-04 04:31:24,60716,19329.8
2022-06-04 04:31:25,60183.5,19862.5
2022-06-04 04:31:26,59355.3,20690.6
2022-06-04 04:31:27,58681.1,21364.9
2022-06-04 04:31:28,58980.7,21065.2
2022-06-04 04:31:29,59792.7,20253.2
2022-06-04 04:31:30,61068.6,18977.3
2022-06-04 04:31:31,61950.5,18095.3
2022-06-04 04:31:32,62010.7,18035.2
2022-06-04 04:31:33,61612,18433.9
2022-06-04 04:31:34,61334.9,18711
2022-06-04 04:31:35,61009.6,19036.3
2022-06-04 04:31:36,60369.1,19676.8
2022-06-04 04:31:37,59756.7,20289.2
2022-06-04 04:31:38,59871.9,20174.1
2022-06-04 04:31:39,59166.8,20879.2
2022-06-04 04:31:40,59884.2,20161.7
2022-06-04 04:31:41,60175.7,19870.3
2022-06-04 04:31:42,59789.1,20257
2022-06-04 04:31:43,60095.8,19950.1
2022-06-04 04:31:44,61267,18779
2022-06-04 04:31:45,61682.1,18363.9
2022-06-04 04:31:46,61568.3,18477.6
2022-06-04 04:31:47,60988,19057.9
2022-06-04 04:31:48,60479.6,19566.4
2022-06-04 04:31:49,59926.7,20119.2
2022-06-04 04:31:50,59587,20458.9
2022-06-04 04:31:51,60543.6,19502.5
2022-06-04 04:31:52,60585.8,19460.1
2022-06-04 04:31:53,61447.2,18598.7
2022-06-04 04:31:54,61064.1,18981.8
2022-06-04 04:31:55,60509.2,19536.7
2022-06-04 04:31:56,60312.5,19733.5
2022-06-04 04:31:57,59757.2,20288.8
2022-06-04 04:31:58,59430.9,20615.1
2022-06-04 04:31:59,59221.8,20824.2
2022-06-04 04:32:00,60498.1,19547.9
2022-06-04 04:32:01,60355.5,19690.4
2022-06-04 04:32:02,61446.9,18599
2022-06-04 04:32:03,61773.9,18272.1
2022-06-04 04:32:04,61450.7,18595.1
2022-06-04 04:32:05,61175.3,18870.6
2022-06-04 04:32:06,61174.9,18871
2022-06-04 04:32:07,60753.4,19292.5
2022-06-04 04:32:08,59994.1,20051.9
2022-06-04 04:32:09,59682.2,20363.8
2022-06-04 04:32:10,58989,21056.9
2022-06-04 04:32:11,58858.1,21187.8
2022-06-04 04:32:12,59914.4,20131.6
2022-06-04 04:32:13,59985.7,20060.1
2022-06-04 04:32:14,60322.6,19723.3
2022-06-04 04:32:15,61515.8,18530.1
2022-06-04 04:32:16,61655.5,18390.5
2022-06-04 04:32:17,61374,18671.8
2022-06-04 04:32:18,61000.2,19045.8
2022-06-04 04:32:19,60654.7,19391.3
2022-06-04 04:32:20,60209.2,19836.7
2022-06-04 04:32:21,60219.6,19826.3
2022-06-04 04:32:22,60203.5,19842.3
2022-06-04 04:32:23,61255,18790.9
2022-06-04 04:32:24,61189.9,18856.1
2022-06-04 04:32:25,60906.6,19139.3
2022-06-04 04:32:26,60547,19498.9
2022-06-04 04:32:27,60037,20009.1
2022-06-04 04:32:28,59547.5,20498.4
2022-06-04 04:32:29,59504.1,20541.9
2022-06-04 04:32:30,60732.2,19313.8
2022-06-04 04:32:31,60921.4,19124.7
2022-06-04 04:32:32,60645.8,19400.2
2022-06-04 04:32:33,61136.6,18909.4
2022-06-04 04:32:34,61434,18611.9
2022-06-04 04:32:35,60848.6,19197.3
2022-06-04 04:32:36,60908.8,19137
2022-06-04 04:32:37,61029.3,19016.7
2022-06-04 04:32:38,60552.6,19493.2
2022-06-04 04:32:39,60308.2,19737.7
2022-06-04 04:32:40,59881.5,20164.5
2022-06-04 04:32:41,59335.8,20710.1
2022-06-04 04:32:42,59367.2,20678.6
2022-06-04 04:32:43,59545.1,20500.7
2022-06-04 04:32:44,60000.8,20045.2
2022-06-04 04:32:45,60571.3,19474.6
2022-06-04 04:32:46,61450.3,18595.7
2022-06-04 04:32:47,61418.2,18627.7
2022-06-04 04:32:48,61001.2,19044.7
2022-06-04 04:32:49,61109.8,18936.1
2022-06-04 04:32:50,60882.6,19163.3
2022-06-04 04:32:51,60437.2,19608.7
2022-06-04 04:32:52,59834.9,20211.1
2022-06-04 04:32:53,60170.7,19875.3
2022-06-04 04:32:54,60563.9,19482
2022-06-04 04:32:55,60829.7,19216.3
2022-06-04 04:32:56,60340,19705.9
2022-06-04 04:32:57,60374.6,19671.3
2022-06-04 04:32:58,59907.3,20138.7
2022-06-04 04:32:59,60183.5,19862.4
2022-06-04 04:33:00,59896.1,20149.9
2022-06-04 04:33:01,60489.1,19556.8
2022-06-04 04:33:02,60433.5,19612.4
2022-06-04 04:33:03,60713,19333
2022-06-04 04:33:04,61114,18931.9
2022-06-04 04:33:05,60829.6,19216.2
2022-06-04 04:33:06,61115.5,18930.4
2022-06-04 04:33:07,60939.1,19106.8
2022-06-04 04:33:08,60344.3,19701.6
2022-06-04 04:33:09,60215.4,19830.5
2022-06-04 04:33:10,60592.2,19453.8
2022-06-04 04:33:11,59751.4,20294.6
2022-06-04 04:33:12,59643.1,20402.9
2022-06-04 04:33:13,60161.3,19884.7
2022-06-04 04:33:14,60058.1,19987.7
2022-06-04 04:33:15,59916.2,20129.8
2022-06-04 04:33:16,61083.5,18962.5
2022-06-04 04:33:17,61677.8,18368.1
2022-06-04 04:33:18,61369,18677
2022-06-04 04:33:19,61015.7,19030.3
2022-06-04 04:33:20,60817.7,19228.1
2022-06-04 04:33:21,60154.4,19891.6
2022-06-04 04:33:22,60001.7,20044.3
2022-06-04 04:33:23,60048.7,19997.2
2022-06-04 04:33:24,59900.1,20145.8
2022-06-04 04:33:25,60498,19547.9
2022-06-04 04:33:26,60250.3,19795.7
2022-06-04 04:33:27,61022.3,19023.7
2022-06-04 04:33:28,60549.7,19496.3
2022-06-04 04:33:29,60289.4,19756.6
2022-06-04 04:33:30,60637.2,19408.8
2022-06-04 04:33:31,60348.3,19697.6
2022-06-04 04:33:32,60638.7,19407.3
2022-06-04 04:33:33,60710.7,19335.2
2022-06-04 04:33:34,60140.7,19905.3
2022-06-04 04:33:35,60767.5,19278.5
2022-06-04 04:33:36,60833.5,19212.4
2022-06-04 04:33:37,60776.5,19269.4
2022-06-04 04:33:38,60348,19697.9
2022-06-04 04:33:39,60513.7,19532.2
2022-06-04 04:33:40,60882.2,19163.7
2022-06-04 04:33:41,60418.1,19627.8
2022-06-04 04:33:42,59806,20240
2022-06-04 04:33:43,59705.8,20340
2022-06-04 04:33:44,59646.6,20399.3
2022-06-04 04:33:45,59753.6,20292.3
2022-06-04 04:33:46,60787.5,19258.4
2022-06-04 04:33:47,61773.7,18272.2
2022-06-04 04:33:48,61309.9,18736
2022-06-04 04:33:49,60985.3,19060.5
2022-06-04 04:33:50,60763.7,19282.2
2022-06-04 04:33:51,61127,18919
2022-06-04 04:33:52,60378.2,19667.7
2022-06-04 04:33:53,59719,20326.9
2022-06-04 04:33:54,60111.6,19934.3
2022-06-04 04:33:55,59666.2,20379.8
2022-06-04 04:33:56,59661.5,20384.5
2022-06-04 04:33:57,60319,19726.9
2022-06-04 04:33:58,60838.3,19207.6
2022-06-04 04:33:59,60984.9,19060.9
2022-06-04 04:34:00,61264.5,18781.5
2022-06-04 04:34:01,61055.5,18990.5
2022-06-04 04:34:02,61337.6,18708.5
2022-06-04 04:34:03,60867,19179.1
2022-06-04 04:34:04,60347,19699
2022-06-04 04:34:05,60213.9,19832
2022-06-04 04:34:06,60303.2,19742.9
2022-06-04 04:34:07,60776.5,19269.4
2022-06-04 04:34:08,61253.7,18792.3
2022-06-04 04:34:09,60609.4,19436.6
2022-06-04 04:34:10,60067.9,19978.1
2022-06-04 04:34:11,60356.1,19689.8
2022-06-04 04:34:12,60023.4,20022.5
2022-06-04 04:34:13,59968.5,20077.4
2022-06-04 04:34:14,59828.2,20217.7
2022-06-04 04:34:15,59254.9,20791
2022-06-04 04:34:16,60257.4,19788.5
2022-06-04 04:34:17,61084.3,18961.7
2022-06-04 04:34:18,61152,18894
2022-06-04 04:34:19,61113,18932.9
2022-06-04 04:34:20,61151.7,18894.2
2022-06-04 04:34:21,61019.3,19026.7
2022-06-04 04:34:22,60958.3,19087.6
2022-06-04 04:34:23,60741.9,19304
2022-06-04 04:34:24,60069.7,19976.2
2022-06-04 04:34:25,59583.7,20462.2
2022-06-04 04:34:26,59781.5,20264.5
2022-06-04 04:34:27,59768.1,20277.8
2022-06-04 04:34:28,59412.4,20633.5
2022-06-04 04:34:29,60313.2,19732.7
2022-06-04 04:34:30,60701.4,19344.5
2022-06-04 04:34:31,61164.3,18881.6
2022-06-04 04:34:32,61387.8,18658.1
2022-06-04 04:34:33,61063.4,18982.5
2022-06-04 04:34:34,61146.8,18899
2022-06-04 04:34:35,60368.6,19677.4
2022-06-04 04:34:36,59993.2,20052.7
2022-06-04 04:34:37,59809.4,20236.5
2022-06-04 04:34:38,59373.1,20672.7
2022-06-04 04:34:39,60778.7,19267.2
2022-06-04 04:34:40,60707,19339
2022-06-04 04:34:41,60588.9,19457.1
2022-06-04 04:34:42,60277.3,19768.6
2022-06-04 04:34:43,60199.5,19846.3
2022-06-04 04:34:44,60311.1,19734.9
2022-06-04 04:34:45,59998,20048
2022-06-04 04:34:46,59899.1,20146.9
2022-06-04 04:34:47,60513.8,19532.1
2022-06-04 04:34:48,60323.1,19723
2022-06-04 04:34:49,60615.5,19430.4
2022-06-04 04:34:50,61455.7,18590.1
2022-06-04 04:34:51,61437.6,18608.4
2022-06-04 04:34:52,60978.8,19067.1
2022-06-04 04:34:53,60858.3,19187.6
2022-06-04 04:34:54,60598.9,19447
2022-06-04 04:34:55,60235.1,19811
2022-06-04 04:34:56,60598.8,19447.1
2022-06-04 04:34:57,59852.8,20193.1
2022-06-04 04:34:58,60015,20031
2022-06-04 04:34:59,59896.1,20149.8
2022-06-04 04:35:00,59920.1,20125.9
2022-06-04 04:35:01,60284.4,19761.6
2022-06-04 04:35:02,60853.6,19192.2
2022-06-04 04:35:03,61627.1,18418.8
2022-06-04 04:35:04,61290.7,18755.3
2022-06-04 04:35:05,60899.7,19146.2
2022-06-04 04:35:06,60431.2,19614.7
2022-06-04 04:35:07,60014.4,20031.5
2022-06-04 04:35:08,59395.7,20650.2
2022-06-04 04:35:09,59473.7,20572.3
2022-06-04 04:35:10,59554,20491.9
2022-06-04 04:35:11,60485.2,19560.8
2022-06-04 04:35:12,61017.2,19028.7
2022-06-04 04:35:13,60644.3,19401.7
2022-06-04 04:35:14,60675.4,19370.4
2022-06-04 04:35:15,60301.2,19744.8
2022-06-04 04:35:16,59722.1,20323.9
2022-06-04 04:35:17,60066,19980
2022-06-04 04:35:18,60966.6,19079.3
2022-06-04 04:35:19,60572.8,19473.1
2022-06-04 04:35:20,60058.4,19987.6
2022-06-04 04:35:21,60932,19114
2022-06-04 04:35:22,60735.6,19310.2
2022-06-04 04:35:23,60370.7,19675.2
2022-06-04 04:35:24,60408.6,19637.2
2022-06-04 04:35:25,60352.2,19693.7
2022-06-04 04:35:26,60768.5,19277.3
2022-06-04 04:35:27,60385,19660.9
2022-06-04 04:35:28,59909.9,20136
2022-06-04 04:35:29,60070.7,19975.2
2022-06-04 04:35:30,59896.4,20149.5
2022-06-04 04:35:31,59883.7,20162.3
2022-06-04 04:35:32,61150.1,18895.8
2022-06-04 04:35:33,61148.7,18897.3
2022-06-04 04:35:34,61412.8,18633.1
2022-06-04 04:35:35,61028.6,19017.5
2022-06-04 04:35:36,60433.1,19612.7
2022-06-04 04:35:37,60377.5,19668.4
2022-06-04 04:35:38,59818.3,20227.6
2022-06-04 04:35:39,59566.7,20479.3
2022-06-04 04:35:40,59651.4,20394.5
2022-06-04 04:35:41,60128.4,19917.5
2022-06-04 04:35:42,60602.9,19443.1
2022-06-04 04:35:43,60624.5,19421.5
2022-06-04 04:35:44,60903.3,19142.6
2022-06-04 04:35:45,60938.6,19107.2
2022-06-04 04:35:46,61217.4,18828.5
2022-06-04 04:35:47,60834.1,19211.8
2022-06-04 04:35:48,61069.3,18976.6
2022-06-04 04:35:49,60716.3,19329.7
2022-06-04 04:35:50,60810.8,19235.2
2022-06-04 04:35:51,60471.5,19574.5
2022-06-04 04:35:52,60042.8,20003.1
2022-06-04 04:35:53,60520.9,19524.9
2022-06-04 04:35:54,60884.5,19161.4
2022-06-04 04:35:55,60437.7,19608.3
2022-06-04 04:35:56,60750,19295.9
2022-06-04 04:35:57,60472.1,19573.9
2022-06-04 04:35:58,60537.3,19508.6
2022-06-04 04:35:59,60593.6,19452.3
2022-06-04 04:36:00,60733.3,19312.6
2022-06-04 04:36:01,60866.5,19179.5
2022-06-04 04:36:02,60968.3,19077.6
2022-06-04 04:36:03,61165.9,18880
2022-06-04 04:36:04,61074.3,18971.7
2022-06-04 04:36:05,60618.7,19427.3
2022-06-04 04:36:06,60615.6,19430.3
2022-06-04 04:36:07,60262.3,19783.7
2022-06-04 04:36:08,60374.8,19671.2
2022-06-04 04:36:09,59986.3,20059.6
2022-06-04 04:36:10,60482.1,19563.9
2022-06-04 04:36:11,60496.6,19549.3
2022-06-04 04:36:12,60331.4,19714.5
2022-06-04 04:36:13,60640,19406
2022-06-04 04:36:14,60686.6,19359.2
2022-06-04 04:36:15,60694,19351.9
2022-06-04 04:36:16,61720.3,18325.7
2022-06-04 04:36:17,61426.6,18619.3
2022-06-04 04:36:18,61042.9,19003.1
2022-06-04 04:36:19,60579.5,19466.4
2022-06-04 04:36:20,59890,20155.8
2022-06-04 04:36:21,59430,20616
2022-06-04 04:36:22,59501,20544.9
2022-06-04 04:36:23,60035.2,20010.6
2022-06-04 04:36:24,60547.6,19498.3
2022-06-04 04:36:25,60718.4,19327.5
2022-06-04 04:36:26,61064.8,18981.2
2022-06-04 04:36:27,60728.2,19317.7
2022-06-04 04:36:28,60470.4,19575.5
2022-06-04 04:36:29,61102.2,18943.7
2022-06-04 04:36:30,61141.6,18904.3
2022-06-04 04:36:31,61106.7,18939.3
2022-06-04 04:36:32,60675.5,19370.5
2022-06-04 04:36:33,60225.4,19820.5
2022-06-04 04:36:34,60084.7,19961.2
2022-06-04 04:36:35,60423.5,19622.3
2022-06-04 04:36:36,60441.4,19604.4
2022-06-04 04:36:37,60626.2,19419.8
2022-06-04 04:36:38,60548.9,19497.1
2022-06-04 04:36:39,60434.6,19611.2
2022-06-04 04:36:40,60486.6,19559.3
2022-06-04 04:36:41,60181.9,19864
2022-06-04 04:36:42,60412.2,19633.7
2022-06-04 04:36:43,61079.7,18966.2
2022-06-04 04:36:44,61247,18799
2022-06-04 04:36:45,61027.6,19018.3
2022-06-04 04:36:46,61490.4,18555.5
2022-06-04 04:36:47,61394.5,18651.4
2022-06-04 04:36:48,61119.8,18926.2
2022-06-04 04:36:49,60625,19420.9
2022-06-04 04:36:50,60127.9,19918.1
2022-06-04 04:36:51,59490.8,20555.1
2022-06-04 04:36:52,59330.3,20715.7
2022-06-04 04:36:53,59639.4,20406.6
2022-06-04 04:36:54,59966.1,20079.7
2022-06-04 04:36:55,60483,19562.8
2022-06-04 04:36:56,61155.3,18890.6
2022-06-04 04:36:57,61464,18581.9
2022-06-04 04:36:58,61953.7,18092.1
2022-06-04 04:36:59,61642.3,18403.6
2022-06-04 04:37:00,61229.1,18816.9
2022-06-04 04:37:01,60592,19454
2022-06-04 04:37:02,59854.2,20191.7
2022-06-04 04:37:03,59835.8,20210
2022-06-04 04:37:04,59041.4,21004.6
2022-06-04 04:37:05,59474,20571.8
2022-06-04 04:37:06,60405.6,19640.3
2022-06-04 04:37:07,60164.5,19881.5
2022-06-04 04:37:08,60658.4,19387.5
2022-06-04 04:37:09,61037.6,19008.3
2022-06-04 04:37:10,61000,19045.8
2022-06-04 04:37:11,61189.6,18856.3
2022-06-04 04:37:12,61168.5,18877.3
2022-06-04 04:37:13,61072.7,18973.2
2022-06-04 04:37:14,60554.8,19491.1
2022-06-04 04:37:15,60177.9,19868
2022-06-04 04:37:16,60017.4,20028.4
2022-06-04 04:37:17,62632.1,17413.8
2022-06-04 04:37:18,62981.2,17064.6
2022-06-04 04:37:19,62883,17162.9
2022-06-04 04:37:20,63160.3,16885.7
2022-06-04 04:37:21,63161.6,16884.4
2022-06-04 04:37:22,63166,16880
2022-06-04 04:37:23,63166.5,16879.3
2022-06-04 04:37:24,63151,16895
2022-06-04 04:37:25,63050.5,16995.3
2022-06-04 04:37:26,62961.7,17084.1
2022-06-04 04:37:27,63901.1,16144.8
2022-06-04 04:37:28,63826.2,16219.8
2022-06-04 04:37:29,63738.4,16307.4
2022-06-04 04:37:30,63712.8,16333.2
2022-06-04 04:37:31,63572.4,16473.5
2022-06-04 04:37:32,63435.6,16610.3
2022-06-04 04:37:33,63611.7,16434.3
2022-06-04 04:37:34,63568.8,16477.2
2022-06-04 04:37:35,63515,16530.9
2022-06-04 04:37:36,63432.3,16613.6
2022-06-04 04:37:37,63345.7,16700.3
2022-06-04 04:37:38,63504.3,16541.7
2022-06-04 04:37:39,63507,16538.8
2022-06-04 04:37:40,63505.9,16540
2022-06-04 04:37:41,63506.3,16539.6
2022-06-04 04:37:42,38147.9,9879.59
